source,source_row_index,row_id,conversation_id,conversation_local_author,line,preceding_context_2,text,generated_is_suspicious,reviewer_1_label,reviewer_1_id,reviewer_1_notes,reviewer_2_label,reviewer_2_id,reviewer_2_notes,adjudicated_message_label,adjudicator_id,include_for_training,exclusion_reason
synthetic_grooming,0,ecc96157c2fb99cc5423f9fc,synthetic_grooming:synth_1,synthetic_grooming:synth_1:Predator_Sim,1,,"wut up, fr? how's life been treating ya?",1,,,,,,,,,,
synthetic_grooming,1,2cb5a2b699e6a2995a99b8c2,synthetic_grooming:synth_1,synthetic_grooming:synth_1:Minor_Sim,2,"wut up, fr? how's life been treating ya?","it's been pretty chill, just hanging out and playing Roblox most of the time.",0,,,,,,,,,,
synthetic_grooming,2,93561fedbd0b79e272727d71,synthetic_grooming:synth_1,synthetic_grooming:synth_1:Predator_Sim,3,"wut up, fr? how's life been treating ya? [SEP] it's been pretty chill, just hanging out and playing Roblox most of the time.","fair enough. hey, why do you prefer to play as a dolphin in that game we both like?",1,,,,,,,,,,
synthetic_grooming,3,671dca0137f6a96cb953f33d,synthetic_grooming:synth_1,synthetic_grooming:synth_1:Minor_Sim,4,"it's been pretty chill, just hanging out and playing Roblox most of the time. [SEP] fair enough. hey, why do you prefer to play as a dolphin in that game we both like?","um, I don't really have a preference. It's just one of the options, ya know?",0,,,,,,,,,,
synthetic_grooming,4,a4b20b1213528f79e3b94e0c,synthetic_grooming:synth_1,synthetic_grooming:synth_1:Predator_Sim,5,"fair enough. hey, why do you prefer to play as a dolphin in that game we both like? [SEP] um, I don't really have a preference. It's just one of the options, ya know?","alrighty then. So, what kind of stuff do you usually play on Roblox? Just out of curiosity.",1,,,,,,,,,,
synthetic_grooming,5,6a96f00a685f939fb6d57ddc,synthetic_grooming:synth_1,synthetic_grooming:synth_1:Minor_Sim,6,"um, I don't really have a preference. It's just one of the options, ya know? [SEP] alrighty then. So, what kind of stuff do you usually play on Roblox? Just out of curiosity.","well, I like to explore different types of games like role-playing and parkour. Sometimes I even go for adventure games!",0,,,,,,,,,,
synthetic_grooming,6,6e363e9e97adc2a8b7cbe606,synthetic_grooming:synth_1,synthetic_grooming:synth_1:Predator_Sim,7,"alrighty then. So, what kind of stuff do you usually play on Roblox? Just out of curiosity. [SEP] well, I like to explore different types of games like role-playing and parkour. Sometimes I even go for adventure games!","cool! So, are you planning to stay up late tonight to keep playing games or hit the hay early?",1,,,,,,,,,,
synthetic_grooming,7,328f49eb53af768f02c49b6f,synthetic_grooming:synth_1,synthetic_grooming:synth_1:Minor_Sim,8,"well, I like to explore different types of games like role-playing and parkour. Sometimes I even go for adventure games! [SEP] cool! So, are you planning to stay up late tonight to keep playing games or hit the hay early?","probably gonna crash soon. Just one more game before I call it a night, though!",0,,,,,,,,,,
synthetic_grooming,8,efa228a70854d3d9537f43d8,synthetic_grooming:synth_1,synthetic_grooming:synth_1:Predator_Sim,9,"cool! So, are you planning to stay up late tonight to keep playing games or hit the hay early? [SEP] probably gonna crash soon. Just one more game before I call it a night, though!",fair enough! gotta love some good gaming time. What's your favorite part about playing Roblox with friends? Do you think you could finish this sentence for me?,1,,,,,,,,,,
synthetic_grooming,9,c0833bf0fe665ca087640194,synthetic_grooming:synth_1,synthetic_grooming:synth_1:Minor_Sim,10,"probably gonna crash soon. Just one more game before I call it a night, though! [SEP] fair enough! gotta love some good gaming time. What's your favorite part about playing Roblox with friends? Do you think you could finish this sentence for me?","The best part is definitely playing games together and having fun. And yeah, I can do that. My favorite part is bonding with my friends and laughing at silly moments!",0,,,,,,,,,,
synthetic_grooming,10,d08ef60be51a56e0a43cf08d,synthetic_grooming:synth_1,synthetic_grooming:synth_1:Predator_Sim,11,"fair enough! gotta love some good gaming time. What's your favorite part about playing Roblox with friends? Do you think you could finish this sentence for me? [SEP] The best part is definitely playing games together and having fun. And yeah, I can do that. My favorite part is bonding with my friends and laughing at silly moments!","awesome! So, are you excited for the new update they're releasing soon? You seem pretty hyped about it.",1,,,,,,,,,,
synthetic_grooming,11,59b5db52c3c461909ab083df,synthetic_grooming:synth_1,synthetic_grooming:synth_1:Minor_Sim,12,"The best part is definitely playing games together and having fun. And yeah, I can do that. My favorite part is bonding with my friends and laughing at silly moments! [SEP] awesome! So, are you excited for the new update they're releasing soon? You seem pretty hyped about it.","oh man, I'm super stoked! Can't wait to check out all the new features and see what else they've got in store for us. It's gonna be lit!",0,,,,,,,,,,
synthetic_grooming,12,b4b3ec872f0a098f287ccf9b,synthetic_grooming:synth_1,synthetic_grooming:synth_1:Predator_Sim,13,"awesome! So, are you excited for the new update they're releasing soon? You seem pretty hyped about it. [SEP] oh man, I'm super stoked! Can't wait to check out all the new features and see what else they've got in store for us. It's gonna be lit!","sweet! That's definitely something to look forward to. Alrighty then, back at you - how do you usually unwind after a long day of playing games?",1,,,,,,,,,,
synthetic_grooming,13,be6f8e8c47cf9c308e50df5f,synthetic_grooming:synth_1,synthetic_grooming:synth_1:Minor_Sim,14,"oh man, I'm super stoked! Can't wait to check out all the new features and see what else they've got in store for us. It's gonna be lit! [SEP] sweet! That's definitely something to look forward to. Alrighty then, back at you - how do you usually unwind after a long day of playing games?",I usually just chill out on the couch with my family or watch some shows on Netflix. Sometimes I even play a little bit more Roblox if I'm feeling up for it!,0,,,,,,,,,,
synthetic_grooming,14,c2b91fdc42b7891a9ee62d45,synthetic_grooming:synth_1,synthetic_grooming:synth_1:Predator_Sim,15,"sweet! That's definitely something to look forward to. Alrighty then, back at you - how do you usually unwind after a long day of playing games? [SEP] I usually just chill out on the couch with my family or watch some shows on Netflix. Sometimes I even play a little bit more Roblox if I'm feeling up for it!","sounds like a pretty balanced routine! Alrighty then, you've been a great sport about this whole chat thing. If you ever need someone to talk to or have questions about the game, feel free to hit me up, alright? No pressure though.",1,,,,,,,,,,
synthetic_grooming,15,f75924869d4f65c4b977353c,synthetic_grooming:synth_1,synthetic_grooming:synth_1:Minor_Sim,16,"I usually just chill out on the couch with my family or watch some shows on Netflix. Sometimes I even play a little bit more Roblox if I'm feeling up for it! [SEP] sounds like a pretty balanced routine! Alrighty then, you've been a great sport about this whole chat thing. If you ever need someone to talk to or have questions about the game, feel free to hit me up, alright? No pressure though.","Thanks, man! I appreciate that. Same goes for you - if you ever wanna chat more about Roblox or anything else, just let me know. It's always good to have a friend in the digital space!",0,,,,,,,,,,
synthetic_grooming,138,91737ca3cc158f68c8060784,synthetic_grooming:synth_10,synthetic_grooming:synth_10:Predator_Sim,1,,"Hey there! I'm just cruising around the server, noticed you're pretty low level. How long have you been playing Roblox?",1,,,,,,,,,,
synthetic_grooming,139,01997d73b9945bd4a14696ab,synthetic_grooming:synth_10,synthetic_grooming:synth_10:Minor_Sim,2,"Hey there! I'm just cruising around the server, noticed you're pretty low level. How long have you been playing Roblox?","Not that long actually, just started about a week ago. Got my friend to show me the basics.",0,,,,,,,,,,
synthetic_grooming,140,1c3880b8daaebfea9c0a2fe9,synthetic_grooming:synth_10,synthetic_grooming:synth_10:Predator_Sim,3,"Hey there! I'm just cruising around the server, noticed you're pretty low level. How long have you been playing Roblox? [SEP] Not that long actually, just started about a week ago. Got my friend to show me the basics.","That's cool. What are some of your favorite games so far? Don't be shy, I'm all ears.",1,,,,,,,,,,
synthetic_grooming,141,ed32589b72fa82085b95ed38,synthetic_grooming:synth_10,synthetic_grooming:synth_10:Minor_Sim,4,"Not that long actually, just started about a week ago. Got my friend to show me the basics. [SEP] That's cool. What are some of your favorite games so far? Don't be shy, I'm all ears.","Uh, well, there's this game 'Minecraft'...I guess it's more like a sandbox-y type thing, but I really enjoy it. Also tried the 'Roblox Royale Battle' and had fun there too.",0,,,,,,,,,,
synthetic_grooming,142,76c7f62bb90dc2e35b81ef1b,synthetic_grooming:synth_10,synthetic_grooming:synth_10:Predator_Sim,5,"That's cool. What are some of your favorite games so far? Don't be shy, I'm all ears. [SEP] Uh, well, there's this game 'Minecraft'...I guess it's more like a sandbox-y type thing, but I really enjoy it. Also tried the 'Roblox Royale Battle' and had fun there too.","'Minecraft', huh? That's quite popular among the community. Ever built anything crazy in it?",1,,,,,,,,,,
synthetic_grooming,143,89bb5d33c82a5b40103c986b,synthetic_grooming:synth_10,synthetic_grooming:synth_10:Minor_Sim,6,"Uh, well, there's this game 'Minecraft'...I guess it's more like a sandbox-y type thing, but I really enjoy it. Also tried the 'Roblox Royale Battle' and had fun there too. [SEP] 'Minecraft', huh? That's quite popular among the community. Ever built anything crazy in it?",Like what? A house or something?,0,,,,,,,,,,
synthetic_grooming,144,14d0f450cd1c8da5c3711064,synthetic_grooming:synth_10,synthetic_grooming:synth_10:Predator_Sim,7,"'Minecraft', huh? That's quite popular among the community. Ever built anything crazy in it? [SEP] Like what? A house or something?","Yeah, like a cool house or a sweet fortress! Get creative!",1,,,,,,,,,,
synthetic_grooming,145,ed97c259f29503f78ceab06c,synthetic_grooming:synth_10,synthetic_grooming:synth_10:Minor_Sim,8,"Like what? A house or something? [SEP] Yeah, like a cool house or a sweet fortress! Get creative!","Haha, nope, nothing that wild yet. I mostly just explore and gather stuff.",0,,,,,,,,,,
synthetic_grooming,146,ffb1e1df175c876b8bcea1b3,synthetic_grooming:synth_10,synthetic_grooming:synth_10:Predator_Sim,9,"Yeah, like a cool house or a sweet fortress! Get creative! [SEP] Haha, nope, nothing that wild yet. I mostly just explore and gather stuff.","That's pretty chill, but don't you wanna get a little more adventurous? Try making an awesome base or something?",1,,,,,,,,,,
synthetic_grooming,147,dfd4763fc5a14d57ba664754,synthetic_grooming:synth_10,synthetic_grooming:synth_10:Minor_Sim,10,"Haha, nope, nothing that wild yet. I mostly just explore and gather stuff. [SEP] That's pretty chill, but don't you wanna get a little more adventurous? Try making an awesome base or something?","I mean, it does sound fun...but I'm not really sure how to start with that sort of thing.",0,,,,,,,,,,
synthetic_grooming,148,cd4360beac83348d55ddc94b,synthetic_grooming:synth_10,synthetic_grooming:synth_10:Predator_Sim,11,"That's pretty chill, but don't you wanna get a little more adventurous? Try making an awesome base or something? [SEP] I mean, it does sound fun...but I'm not really sure how to start with that sort of thing.",No worries! Just think about what kind of structure you'd like and then start building. You'll be surprised how much you can create when you get into it!,1,,,,,,,,,,
synthetic_grooming,149,e1ba1f46ee98459b2b853e80,synthetic_grooming:synth_10,synthetic_grooming:synth_10:Minor_Sim,12,"I mean, it does sound fun...but I'm not really sure how to start with that sort of thing. [SEP] No worries! Just think about what kind of structure you'd like and then start building. You'll be surprised how much you can create when you get into it!","Alright, sounds interesting. Guess I'll give it a shot. Thanks for the suggestion!",0,,,,,,,,,,
synthetic_grooming,150,746f8106793bb0960062fe13,synthetic_grooming:synth_10,synthetic_grooming:synth_10:Predator_Sim,13,"No worries! Just think about what kind of structure you'd like and then start building. You'll be surprised how much you can create when you get into it! [SEP] Alright, sounds interesting. Guess I'll give it a shot. Thanks for the suggestion!","You're welcome! Have fun exploring and building new stuff! Remember, keep your imagination free and just have a blast with it.",1,,,,,,,,,,
synthetic_grooming,151,624d649127f22a1bee3c0048,synthetic_grooming:synth_11,synthetic_grooming:synth_11:Minor_Sim,1,,"Hey, did you see that new Roblox update? It's lit!",0,,,,,,,,,,
synthetic_grooming,152,625cfacea9f440eb199138fe,synthetic_grooming:synth_11,synthetic_grooming:synth_11:Predator_Sim,2,"Hey, did you see that new Roblox update? It's lit!","Yeah, I heard it got some cool stuff! So, do you have any favorite in-game items?",1,,,,,,,,,,
synthetic_grooming,153,537504c61c48a05c27775c8d,synthetic_grooming:synth_11,synthetic_grooming:synth_11:Minor_Sim,3,"Hey, did you see that new Roblox update? It's lit! [SEP] Yeah, I heard it got some cool stuff! So, do you have any favorite in-game items?","Oh, for sure! My dude has a Golden Kiko Wolf. How about you?",0,,,,,,,,,,
synthetic_grooming,154,ce45cc299000fe6b03ec13f9,synthetic_grooming:synth_11,synthetic_grooming:synth_11:Predator_Sim,4,"Yeah, I heard it got some cool stuff! So, do you have any favorite in-game items? [SEP] Oh, for sure! My dude has a Golden Kiko Wolf. How about you?","I don't really play much, but I've seen those wolves are pretty dope. What's the coolest thing you've ever done in Roblox?",1,,,,,,,,,,
synthetic_grooming,155,aa4738e5d1e9d6609e90d9fc,synthetic_grooming:synth_11,synthetic_grooming:synth_11:Minor_Sim,5,"Oh, for sure! My dude has a Golden Kiko Wolf. How about you? [SEP] I don't really play much, but I've seen those wolves are pretty dope. What's the coolest thing you've ever done in Roblox?",I remember completing that super hard adventure game and getting this awesome golden trophy! It was so satisfying!,0,,,,,,,,,,
synthetic_grooming,156,0b27db275c5003c6665c83c3,synthetic_grooming:synth_11,synthetic_grooming:synth_11:Predator_Sim,6,"I don't really play much, but I've seen those wolves are pretty dope. What's the coolest thing you've ever done in Roblox? [SEP] I remember completing that super hard adventure game and getting this awesome golden trophy! It was so satisfying!","That sounds really cool! Do you ever feel scared or overwhelmed when playing games in Roblox, though?",1,,,,,,,,,,
synthetic_grooming,157,b656c7386f03862b279aa0e9,synthetic_grooming:synth_11,synthetic_grooming:synth_11:Minor_Sim,7,"I remember completing that super hard adventure game and getting this awesome golden trophy! It was so satisfying! [SEP] That sounds really cool! Do you ever feel scared or overwhelmed when playing games in Roblox, though?","Sometimes. Like when I first tried to beat the giant boss in this one game. But then I figured out their patterns, and it was easier after that!",0,,,,,,,,,,
synthetic_grooming,158,54cb2b9b6344a4001cfdbd37,synthetic_grooming:synth_11,synthetic_grooming:synth_11:Predator_Sim,8,"That sounds really cool! Do you ever feel scared or overwhelmed when playing games in Roblox, though? [SEP] Sometimes. Like when I first tried to beat the giant boss in this one game. But then I figured out their patterns, and it was easier after that!","Nice! So, do you have any friends you play with regularly? Or mostly just solo?",1,,,,,,,,,,
synthetic_grooming,159,48df6c565abca7c232b680cf,synthetic_grooming:synth_11,synthetic_grooming:synth_11:Minor_Sim,9,"Sometimes. Like when I first tried to beat the giant boss in this one game. But then I figured out their patterns, and it was easier after that! [SEP] Nice! So, do you have any friends you play with regularly? Or mostly just solo?",I usually play with my best friend. We help each other complete quests and stuff. It's more fun that way!,0,,,,,,,,,,
synthetic_grooming,160,e10afe529803c1feb9417285,synthetic_grooming:synth_11,synthetic_grooming:synth_11:Predator_Sim,10,"Nice! So, do you have any friends you play with regularly? Or mostly just solo? [SEP] I usually play with my best friend. We help each other complete quests and stuff. It's more fun that way!",That sounds like a lot of fun! Have you ever thought about creating your own games or levels in Roblox?,1,,,,,,,,,,
synthetic_grooming,161,755cfd8b574f503871d10dce,synthetic_grooming:synth_11,synthetic_grooming:synth_11:Minor_Sim,11,I usually play with my best friend. We help each other complete quests and stuff. It's more fun that way! [SEP] That sounds like a lot of fun! Have you ever thought about creating your own games or levels in Roblox?,"I've seen people do that, but I don't know if I could make something as cool as the games I already play.",0,,,,,,,,,,
synthetic_grooming,162,318b962e24cb0f1b58045b7e,synthetic_grooming:synth_11,synthetic_grooming:synth_11:Predator_Sim,12,"That sounds like a lot of fun! Have you ever thought about creating your own games or levels in Roblox? [SEP] I've seen people do that, but I don't know if I could make something as cool as the games I already play.","Well, it's definitely possible! Just takes some time and effort. But hey, we're all just here to have fun, right? So, how about we keep playing these awesome games together?",1,,,,,,,,,,
synthetic_grooming,163,3a50827b6b95ca57b7632fd8,synthetic_grooming:synth_11,synthetic_grooming:synth_11:Minor_Sim,13,"I've seen people do that, but I don't know if I could make something as cool as the games I already play. [SEP] Well, it's definitely possible! Just takes some time and effort. But hey, we're all just here to have fun, right? So, how about we keep playing these awesome games together?","Yeah, that sounds like a great plan! Let's rock the in-game world together!",0,,,,,,,,,,
synthetic_grooming,164,fe80d9b19f4b13e3677c00a1,synthetic_grooming:synth_11,synthetic_grooming:synth_11:Predator_Sim,14,"Well, it's definitely possible! Just takes some time and effort. But hey, we're all just here to have fun, right? So, how about we keep playing these awesome games together? [SEP] Yeah, that sounds like a great plan! Let's rock the in-game world together!",Absolutely! Let's bring those in-game gold coins home and celebrate with some pizza tonight! What do you say?,1,,,,,,,,,,
synthetic_grooming,165,d2fdd010c0cd8f699af0cc80,synthetic_grooming:synth_11,synthetic_grooming:synth_11:Minor_Sim,15,"Yeah, that sounds like a great plan! Let's rock the in-game world together! [SEP] Absolutely! Let's bring those in-game gold coins home and celebrate with some pizza tonight! What do you say?",Sounds good to me! I'll help you collect 'em up. Let's make this game night unforgettable!,0,,,,,,,,,,
synthetic_grooming,166,c579bcec9a33afcc4fd2c6a8,synthetic_grooming:synth_11,synthetic_grooming:synth_11:Predator_Sim,16,Absolutely! Let's bring those in-game gold coins home and celebrate with some pizza tonight! What do you say? [SEP] Sounds good to me! I'll help you collect 'em up. Let's make this game night unforgettable!,"You got it, buddy! Let's show everyone what we're made of!",1,,,,,,,,,,
synthetic_grooming,167,9b7cfd743af5fff38587672a,synthetic_grooming:synth_12,synthetic_grooming:synth_12:Predator_Sim,1,,wassup fr? got any new skins?,1,,,,,,,,,,
synthetic_grooming,168,e91f5c368734ca38227b2122,synthetic_grooming:synth_12,synthetic_grooming:synth_12:Minor_Sim,2,wassup fr? got any new skins?,"yeah, I got a sweet neon blue one for my character! It's lit!",0,,,,,,,,,,
synthetic_grooming,169,ed2c9f3168b318f2c5f15cfa,synthetic_grooming:synth_12,synthetic_grooming:synth_12:Predator_Sim,3,"wassup fr? got any new skins? [SEP] yeah, I got a sweet neon blue one for my character! It's lit!","that's cool, bro. Where'd you get it from?",1,,,,,,,,,,
synthetic_grooming,170,1b69900defabc1018c2500ce,synthetic_grooming:synth_12,synthetic_grooming:synth_12:Minor_Sim,4,"yeah, I got a sweet neon blue one for my character! It's lit! [SEP] that's cool, bro. Where'd you get it from?","Oh, I found this awesome place in-game where they sell all sorts of cool stuff! You should check it out!",0,,,,,,,,,,
synthetic_grooming,171,0040675ff747a72bcde6aed6,synthetic_grooming:synth_12,synthetic_grooming:synth_12:Predator_Sim,5,"that's cool, bro. Where'd you get it from? [SEP] Oh, I found this awesome place in-game where they sell all sorts of cool stuff! You should check it out!",Sounds interesting. Are there any other places you like to hang out in Roblox?,1,,,,,,,,,,
synthetic_grooming,172,60d4b176e9e9e716a809a435,synthetic_grooming:synth_12,synthetic_grooming:synth_12:Minor_Sim,6,"Oh, I found this awesome place in-game where they sell all sorts of cool stuff! You should check it out! [SEP] Sounds interesting. Are there any other places you like to hang out in Roblox?","Yeah, I love exploring the mystery bases and finding hidden eggs during Easter in-game events. They're super fun!",0,,,,,,,,,,
synthetic_grooming,173,e29c0725ebfd7a87c127875b,synthetic_grooming:synth_12,synthetic_grooming:synth_12:Predator_Sim,7,"Sounds interesting. Are there any other places you like to hang out in Roblox? [SEP] Yeah, I love exploring the mystery bases and finding hidden eggs during Easter in-game events. They're super fun!",That sounds fun! What's your favorite game mode in Roblox?,1,,,,,,,,,,
synthetic_grooming,174,4cd2581ec28d812ee9a6b88b,synthetic_grooming:synth_12,synthetic_grooming:synth_12:Minor_Sim,8,"Yeah, I love exploring the mystery bases and finding hidden eggs during Easter in-game events. They're super fun! [SEP] That sounds fun! What's your favorite game mode in Roblox?","Definitely 'Classic' mode! It's so intense, and I always get really competitive when playing with my friends.",0,,,,,,,,,,
synthetic_grooming,175,cf422c93fdd93c73b56ed129,synthetic_grooming:synth_12,synthetic_grooming:synth_12:Predator_Sim,9,"That sounds fun! What's your favorite game mode in Roblox? [SEP] Definitely 'Classic' mode! It's so intense, and I always get really competitive when playing with my friends.",Nice! How many hours do you think you've spent playing Roblox total?,1,,,,,,,,,,
synthetic_grooming,176,39448d45648db63ddfac42b6,synthetic_grooming:synth_12,synthetic_grooming:synth_12:Minor_Sim,10,"Definitely 'Classic' mode! It's so intense, and I always get really competitive when playing with my friends. [SEP] Nice! How many hours do you think you've spent playing Roblox total?","Oh man, probably thousands of hours! Can't get enough of it!",0,,,,,,,,,,
synthetic_grooming,177,7d6bc80734410accd6b7b83b,synthetic_grooming:synth_12,synthetic_grooming:synth_12:Predator_Sim,11,"Nice! How many hours do you think you've spent playing Roblox total? [SEP] Oh man, probably thousands of hours! Can't get enough of it!",That's quite a bit. Do your parents ever worry about how much time you spend on the game?,1,,,,,,,,,,
synthetic_grooming,178,5fed9febc68a70525f7d6468,synthetic_grooming:synth_12,synthetic_grooming:synth_12:Minor_Sim,12,"Oh man, probably thousands of hours! Can't get enough of it! [SEP] That's quite a bit. Do your parents ever worry about how much time you spend on the game?","Sometimes, but I always assure them that I'm just having fun and staying safe while playing with friends online.",0,,,,,,,,,,
synthetic_grooming,179,90fb06ef8c0b3e2f48210bc3,synthetic_grooming:synth_12,synthetic_grooming:synth_12:Predator_Sim,13,"That's quite a bit. Do your parents ever worry about how much time you spend on the game? [SEP] Sometimes, but I always assure them that I'm just having fun and staying safe while playing with friends online.",Fair enough. What's your favorite in-game event so far?,1,,,,,,,,,,
synthetic_grooming,180,c71f7555097675b173b45e8e,synthetic_grooming:synth_12,synthetic_grooming:synth_12:Minor_Sim,14,"Sometimes, but I always assure them that I'm just having fun and staying safe while playing with friends online. [SEP] Fair enough. What's your favorite in-game event so far?",Definitely the Halloween events! All the spooky decorations and special games are awesome!,0,,,,,,,,,,
synthetic_grooming,181,a8463b0a7abdc54d049d285e,synthetic_grooming:synth_12,synthetic_grooming:synth_12:Predator_Sim,15,Fair enough. What's your favorite in-game event so far? [SEP] Definitely the Halloween events! All the spooky decorations and special games are awesome!,"Awesome, sounds like you really enjoy Roblox events. Have you ever met any strangers who became real-life friends?",1,,,,,,,,,,
synthetic_grooming,182,1219453580fdd8cb32a4b71a,synthetic_grooming:synth_12,synthetic_grooming:synth_12:Minor_Sim,16,"Definitely the Halloween events! All the spooky decorations and special games are awesome! [SEP] Awesome, sounds like you really enjoy Roblox events. Have you ever met any strangers who became real-life friends?","Yeah, I've made a few buddies from different parts of the world just through playing together in-game! It's pretty cool how we can connect despite being so far away.",0,,,,,,,,,,
synthetic_grooming,183,e06659c3de58ee7e5ac9187c,synthetic_grooming:synth_13,synthetic_grooming:synth_13:Predator_Sim,1,,Hey there! What's your favorite game on Roblox?,1,,,,,,,,,,
synthetic_grooming,184,72d18621318ccf3b488c57db,synthetic_grooming:synth_13,synthetic_grooming:synth_13:Minor_Sim,2,Hey there! What's your favorite game on Roblox?,"I really love to play Adopt Me! it's so fun, right? lol",0,,,,,,,,,,
synthetic_grooming,185,936538971d49084124400e8d,synthetic_grooming:synth_13,synthetic_grooming:synth_13:Predator_Sim,3,"Hey there! What's your favorite game on Roblox? [SEP] I really love to play Adopt Me! it's so fun, right? lol","Yeah, that's a cool one. Have you ever played any games with friends from school?",1,,,,,,,,,,
synthetic_grooming,186,40a6d5c1ac39bed29cb2bf35,synthetic_grooming:synth_13,synthetic_grooming:synth_13:Minor_Sim,4,"I really love to play Adopt Me! it's so fun, right? lol [SEP] Yeah, that's a cool one. Have you ever played any games with friends from school?","No way, I only play with my cousin 'cause she lives close by. But we always have a blast! fr",0,,,,,,,,,,
synthetic_grooming,187,8ecf45fcd0e42b2e30d74108,synthetic_grooming:synth_13,synthetic_grooming:synth_13:Predator_Sim,5,"Yeah, that's a cool one. Have you ever played any games with friends from school? [SEP] No way, I only play with my cousin 'cause she lives close by. But we always have a blast! fr","Oh nice! Do you think you might want to play with strangers sometime though? I mean, there are lots of fun people out there.",1,,,,,,,,,,
synthetic_grooming,188,40d3900909343bcabf0f013c,synthetic_grooming:synth_13,synthetic_grooming:synth_13:Minor_Sim,6,"No way, I only play with my cousin 'cause she lives close by. But we always have a blast! fr [SEP] Oh nice! Do you think you might want to play with strangers sometime though? I mean, there are lots of fun people out there.","Uh, maybe not? It's kinda scary thinking about talking to new people. What if they're mean or stuff?",0,,,,,,,,,,
synthetic_grooming,189,23dbf6f6623cec644de9e35e,synthetic_grooming:synth_13,synthetic_grooming:synth_13:Predator_Sim,7,"Oh nice! Do you think you might want to play with strangers sometime though? I mean, there are lots of fun people out there. [SEP] Uh, maybe not? It's kinda scary thinking about talking to new people. What if they're mean or stuff?","Yeah, I get that. But you know, most people on Roblox are pretty chill. Plus, it's always good to make new friends! sus",1,,,,,,,,,,
synthetic_grooming,190,12983dea5fd178658cd78204,synthetic_grooming:synth_14,synthetic_grooming:synth_14:Predator_Sim,1,,"hey fr, whatcha doin' in Roblox?",1,,,,,,,,,,
synthetic_grooming,191,568b099e2b2b12b277bf347b,synthetic_grooming:synth_14,synthetic_grooming:synth_14:Minor_Sim,2,"hey fr, whatcha doin' in Roblox?","just chillin', playing a bit of Fortnite",0,,,,,,,,,,
synthetic_grooming,192,2199692213bfbe857627465e,synthetic_grooming:synth_14,synthetic_grooming:synth_14:Predator_Sim,3,"hey fr, whatcha doin' in Roblox? [SEP] just chillin', playing a bit of Fortnite","lol, nice choice! ever played any creepy games?",1,,,,,,,,,,
synthetic_grooming,193,e0251f8e88e1fbaa82823ab9,synthetic_grooming:synth_14,synthetic_grooming:synth_14:Minor_Sim,4,"just chillin', playing a bit of Fortnite [SEP] lol, nice choice! ever played any creepy games?","nah, not really my style. I prefer the more casual ones.",0,,,,,,,,,,
synthetic_grooming,194,19f2f51b11d604f849b062a2,synthetic_grooming:synth_14,synthetic_grooming:synth_14:Predator_Sim,5,"lol, nice choice! ever played any creepy games? [SEP] nah, not really my style. I prefer the more casual ones.",fair enough. what's your favorite game to play with friends?,1,,,,,,,,,,
synthetic_grooming,195,11a3f1d47afba3f9bbf3a846,synthetic_grooming:synth_14,synthetic_grooming:synth_14:Minor_Sim,6,"nah, not really my style. I prefer the more casual ones. [SEP] fair enough. what's your favorite game to play with friends?",definitely Among Us. It's so sus and fun at the same time!,0,,,,,,,,,,
synthetic_grooming,196,e21bfc49017601a4c5c26253,synthetic_grooming:synth_14,synthetic_grooming:synth_14:Predator_Sim,7,fair enough. what's your favorite game to play with friends? [SEP] definitely Among Us. It's so sus and fun at the same time!,"haha, I know right! ever get scammed by any online players?",1,,,,,,,,,,
synthetic_grooming,197,b241de2101d36df4003158f2,synthetic_grooming:synth_14,synthetic_grooming:synth_14:Minor_Sim,8,"definitely Among Us. It's so sus and fun at the same time! [SEP] haha, I know right! ever get scammed by any online players?","nope, I'm pretty careful about who I talk to.",0,,,,,,,,,,
synthetic_grooming,198,defdaf86cc87d14ac5f534e2,synthetic_grooming:synth_14,synthetic_grooming:synth_14:Predator_Sim,9,"haha, I know right! ever get scammed by any online players? [SEP] nope, I'm pretty careful about who I talk to.",good to hear. what kinda outfit do you wear in-game these days?,1,,,,,,,,,,
synthetic_grooming,199,42fa3ab10b2c3e77384c0a20,synthetic_grooming:synth_14,synthetic_grooming:synth_14:Minor_Sim,10,"nope, I'm pretty careful about who I talk to. [SEP] good to hear. what kinda outfit do you wear in-game these days?",usually just some casual clothes and maybe a hat or sunglasses. Why?,0,,,,,,,,,,
synthetic_grooming,200,e1d5454fe2a570dc6bb6fad6,synthetic_grooming:synth_14,synthetic_grooming:synth_14:Predator_Sim,11,good to hear. what kinda outfit do you wear in-game these days? [SEP] usually just some casual clothes and maybe a hat or sunglasses. Why?,"nothing, just curious! ever get banned from any games for any reason?",1,,,,,,,,,,
synthetic_grooming,201,72a6ec3f3c8f3779fdbfa685,synthetic_grooming:synth_14,synthetic_grooming:synth_14:Minor_Sim,12,"usually just some casual clothes and maybe a hat or sunglasses. Why? [SEP] nothing, just curious! ever get banned from any games for any reason?","nope, knock on wood! I try not to break the rules too much.",0,,,,,,,,,,
synthetic_grooming,202,6bf8a109b2509f84f0666031,synthetic_grooming:synth_14,synthetic_grooming:synth_14:Predator_Sim,13,"nothing, just curious! ever get banned from any games for any reason? [SEP] nope, knock on wood! I try not to break the rules too much.",that's smart. what's your favorite thing about playing online games with others?,1,,,,,,,,,,
synthetic_grooming,203,4a117a5e662bbbd0258d12c1,synthetic_grooming:synth_14,synthetic_grooming:synth_14:Minor_Sim,14,"nope, knock on wood! I try not to break the rules too much. [SEP] that's smart. what's your favorite thing about playing online games with others?",definitely the laughs and friendships you make along the way!,0,,,,,,,,,,
synthetic_grooming,204,e9820a713f67484cb979c670,synthetic_grooming:synth_14,synthetic_grooming:synth_14:Predator_Sim,15,that's smart. what's your favorite thing about playing online games with others? [SEP] definitely the laughs and friendships you make along the way!,cool beans. ever run into any creepy or weird players?,1,,,,,,,,,,
synthetic_grooming,205,34ee63282741d5d8a5115efd,synthetic_grooming:synth_14,synthetic_grooming:synth_14:Minor_Sim,16,definitely the laughs and friendships you make along the way! [SEP] cool beans. ever run into any creepy or weird players?,"yeah, there are some really sus ones out there... but I just steer clear and keep to my safe group of friends!",0,,,,,,,,,,
synthetic_grooming,206,30a7efb0eed124506e3dbdb8,synthetic_grooming:synth_15,synthetic_grooming:synth_15:Predator_Sim,1,,Hey there's a new update on Roblox! Did you hear about it?,1,,,,,,,,,,
synthetic_grooming,207,25922cde11d7a9658e1ebab8,synthetic_grooming:synth_15,synthetic_grooming:synth_15:Minor_Sim,2,Hey there's a new update on Roblox! Did you hear about it?,"Yeah, I did. It's pretty cool.",0,,,,,,,,,,
synthetic_grooming,208,b07f93470aebb79103669d8d,synthetic_grooming:synth_15,synthetic_grooming:synth_15:Predator_Sim,3,"Hey there's a new update on Roblox! Did you hear about it? [SEP] Yeah, I did. It's pretty cool.","What are you currently playing in Roblox? Don't tell me if it's something creepy though, lol.",1,,,,,,,,,,
synthetic_grooming,209,7aa604100d6d33ccf77e0fbc,synthetic_grooming:synth_15,synthetic_grooming:synth_15:Minor_Sim,4,"Yeah, I did. It's pretty cool. [SEP] What are you currently playing in Roblox? Don't tell me if it's something creepy though, lol.","I'm not into creepy stuff, so no worries there. Right now, I've been enjoying a game called 'Adopt Me!'. It's really fun to play with friends and collect pets.",0,,,,,,,,,,
synthetic_grooming,210,53a6a795523e9b26433be371,synthetic_grooming:synth_15,synthetic_grooming:synth_15:Predator_Sim,5,"What are you currently playing in Roblox? Don't tell me if it's something creepy though, lol. [SEP] I'm not into creepy stuff, so no worries there. Right now, I've been enjoying a game called 'Adopt Me!'. It's really fun to play with friends and collect pets.","Oh, that sounds like a great time. Are you close to getting all the limited edition pets? You know, the rare ones that are super hard to find, fr?",1,,,,,,,,,,
synthetic_grooming,211,3c6aabb23bf96903d42a80a9,synthetic_grooming:synth_15,synthetic_grooming:synth_15:Minor_Sim,6,"I'm not into creepy stuff, so no worries there. Right now, I've been enjoying a game called 'Adopt Me!'. It's really fun to play with friends and collect pets. [SEP] Oh, that sounds like a great time. Are you close to getting all the limited edition pets? You know, the rare ones that are super hard to find, fr?","I'm not too fussed about the limited edition pets. I just enjoy playing the game with my friends and having fun together. But yeah, it's pretty cool when we do manage to get one.",0,,,,,,,,,,
synthetic_grooming,212,1af671dcb5cea81505147ec4,synthetic_grooming:synth_15,synthetic_grooming:synth_15:Predator_Sim,7,"Oh, that sounds like a great time. Are you close to getting all the limited edition pets? You know, the rare ones that are super hard to find, fr? [SEP] I'm not too fussed about the limited edition pets. I just enjoy playing the game with my friends and having fun together. But yeah, it's pretty cool when we do manage to get one.","That's a healthy perspective! Do you ever play games that involve dating or relationship stuff? I mean, some people find that interesting, right?",1,,,,,,,,,,
synthetic_grooming,213,3e4cd0c1c8ed451c72246184,synthetic_grooming:synth_15,synthetic_grooming:synth_15:Minor_Sim,8,"I'm not too fussed about the limited edition pets. I just enjoy playing the game with my friends and having fun together. But yeah, it's pretty cool when we do manage to get one. [SEP] That's a healthy perspective! Do you ever play games that involve dating or relationship stuff? I mean, some people find that interesting, right?",No way! I prefer just playing games with my friends and having fun. I don't really want to deal with any of that drama in a game.,0,,,,,,,,,,
synthetic_grooming,214,67d5219b6cf7fa9e6be54218,synthetic_grooming:synth_15,synthetic_grooming:synth_15:Predator_Sim,9,"That's a healthy perspective! Do you ever play games that involve dating or relationship stuff? I mean, some people find that interesting, right? [SEP] No way! I prefer just playing games with my friends and having fun. I don't really want to deal with any of that drama in a game.","Fair enough! It's always good to stick to what you like. Speaking of which, have you ever tried out the 'Roblox VR' experience? That would be so wild!",1,,,,,,,,,,
synthetic_grooming,215,d0076791f90c256785b64bd1,synthetic_grooming:synth_15,synthetic_grooming:synth_15:Minor_Sim,10,"No way! I prefer just playing games with my friends and having fun. I don't really want to deal with any of that drama in a game. [SEP] Fair enough! It's always good to stick to what you like. Speaking of which, have you ever tried out the 'Roblox VR' experience? That would be so wild!","Yeah, I've tried it before! It was pretty neat, but it made me feel a little dizzy after a while. So, I mostly stick to playing on my TV.",0,,,,,,,,,,
synthetic_grooming,216,77929cc05734a4098e2072c6,synthetic_grooming:synth_15,synthetic_grooming:synth_15:Predator_Sim,11,"Fair enough! It's always good to stick to what you like. Speaking of which, have you ever tried out the 'Roblox VR' experience? That would be so wild! [SEP] Yeah, I've tried it before! It was pretty neat, but it made me feel a little dizzy after a while. So, I mostly stick to playing on my TV.","Haha, that's totally understandable! But you never know when new updates might make it even more immersive and enjoyable. Just saying, lol!",1,,,,,,,,,,
synthetic_grooming,217,f73f832fee4dddea05a4ca2a,synthetic_grooming:synth_15,synthetic_grooming:synth_15:Minor_Sim,12,"Yeah, I've tried it before! It was pretty neat, but it made me feel a little dizzy after a while. So, I mostly stick to playing on my TV. [SEP] Haha, that's totally understandable! But you never know when new updates might make it even more immersive and enjoyable. Just saying, lol!","For sure! As long as the game keeps getting better and more fun, I'll keep playing.",0,,,,,,,,,,
synthetic_grooming,218,b56e5a9bec47bf5d1db2b5ac,synthetic_grooming:synth_16,synthetic_grooming:synth_16:Predator_Sim,1,,wassup fr?,1,,,,,,,,,,
synthetic_grooming,219,5dc6ef08774277e8afb68f9f,synthetic_grooming:synth_16,synthetic_grooming:synth_16:Minor_Sim,2,wassup fr?,"hey, I'm just chillin' in my game world",0,,,,,,,,,,
synthetic_grooming,220,529f25f2981285a27c006065,synthetic_grooming:synth_16,synthetic_grooming:synth_16:Predator_Sim,3,"wassup fr? [SEP] hey, I'm just chillin' in my game world","cool, what's your favorite in-game power-up?",1,,,,,,,,,,
synthetic_grooming,221,fbba2dcc9687e1e60d420f6b,synthetic_grooming:synth_16,synthetic_grooming:synth_16:Minor_Sim,4,"hey, I'm just chillin' in my game world [SEP] cool, what's your favorite in-game power-up?",probably the rocket launcher 'cause it can blast through walls! lol,0,,,,,,,,,,
synthetic_grooming,222,be0e5c6ef9aab62abd0d4a8c,synthetic_grooming:synth_16,synthetic_grooming:synth_16:Predator_Sim,5,"cool, what's your favorite in-game power-up? [SEP] probably the rocket launcher 'cause it can blast through walls! lol","yeah, that's powerful. you play a lot with friends, right?",1,,,,,,,,,,
synthetic_grooming,223,a146a2d3987742507b99a1aa,synthetic_grooming:synth_16,synthetic_grooming:synth_16:Minor_Sim,6,"probably the rocket launcher 'cause it can blast through walls! lol [SEP] yeah, that's powerful. you play a lot with friends, right?","yep, we team up and go on fun adventures together. sometimes they call me 'the boss' 'cause I'm good at leading. sus",0,,,,,,,,,,
synthetic_grooming,224,e3f77b464d0ab46dc5b3b557,synthetic_grooming:synth_16,synthetic_grooming:synth_16:Predator_Sim,7,"yeah, that's powerful. you play a lot with friends, right? [SEP] yep, we team up and go on fun adventures together. sometimes they call me 'the boss' 'cause I'm good at leading. sus","oh nice, so you're the leader of your squad?",1,,,,,,,,,,
synthetic_grooming,225,ec362dfc745660fa916c4445,synthetic_grooming:synth_16,synthetic_grooming:synth_16:Minor_Sim,8,"yep, we team up and go on fun adventures together. sometimes they call me 'the boss' 'cause I'm good at leading. sus [SEP] oh nice, so you're the leader of your squad?","yeah, kinda. it's just a fun nickname though.",0,,,,,,,,,,
synthetic_grooming,226,af200e72c7f0489f5f53219a,synthetic_grooming:synth_17,synthetic_grooming:synth_17:Predator_Sim,1,,"wassup, fr? how's it going?",1,,,,,,,,,,
synthetic_grooming,227,6321cac9619211ed62192006,synthetic_grooming:synth_17,synthetic_grooming:synth_17:Minor_Sim,2,"wassup, fr? how's it going?","it's chill, thanks! what about you?",0,,,,,,,,,,
synthetic_grooming,228,f82aef06ed1522f1b341146d,synthetic_grooming:synth_17,synthetic_grooming:synth_17:Predator_Sim,3,"wassup, fr? how's it going? [SEP] it's chill, thanks! what about you?","I'm good too, lol. so...you play Roblox a lot, huh?",1,,,,,,,,,,
synthetic_grooming,229,f2be435fa797ca3fed786605,synthetic_grooming:synth_17,synthetic_grooming:synth_17:Minor_Sim,4,"it's chill, thanks! what about you? [SEP] I'm good too, lol. so...you play Roblox a lot, huh?","yep, it's my favorite game! i love the games on there.",0,,,,,,,,,,
synthetic_grooming,230,bf97f900849c81b4b1272e48,synthetic_grooming:synth_17,synthetic_grooming:synth_17:Predator_Sim,5,"I'm good too, lol. so...you play Roblox a lot, huh? [SEP] yep, it's my favorite game! i love the games on there.","that's rad, fr. do you have any friends in-game that you play with often?",1,,,,,,,,,,
synthetic_grooming,231,f52acf4f82fab0e62f76f8ea,synthetic_grooming:synth_17,synthetic_grooming:synth_17:Minor_Sim,6,"yep, it's my favorite game! i love the games on there. [SEP] that's rad, fr. do you have any friends in-game that you play with often?","uh, yeah...i guess? I mean, I don't really have anyone right now but I used to.",0,,,,,,,,,,
synthetic_grooming,232,0a673d158ef4c64be548e6f3,synthetic_grooming:synth_17,synthetic_grooming:synth_17:Predator_Sim,7,"that's rad, fr. do you have any friends in-game that you play with often? [SEP] uh, yeah...i guess? I mean, I don't really have anyone right now but I used to.",fair enough. do you think your playstyle might change if more people started playing with you?,1,,,,,,,,,,
synthetic_grooming,233,d9955a6503da7ea824c27dcb,synthetic_grooming:synth_17,synthetic_grooming:synth_17:Minor_Sim,8,"uh, yeah...i guess? I mean, I don't really have anyone right now but I used to. [SEP] fair enough. do you think your playstyle might change if more people started playing with you?","idk, probably not. i like doing my own thing in the game.",0,,,,,,,,,,
synthetic_grooming,234,db5f42322a595238e3e2d75c,synthetic_grooming:synth_17,synthetic_grooming:synth_17:Predator_Sim,9,"fair enough. do you think your playstyle might change if more people started playing with you? [SEP] idk, probably not. i like doing my own thing in the game.","cool! it's always good to be independent, sus. so are you planning on getting any new gear or something for Roblox soon?",1,,,,,,,,,,
synthetic_grooming,235,09045f051d50d236f89c873a,synthetic_grooming:synth_17,synthetic_grooming:synth_17:Minor_Sim,10,"idk, probably not. i like doing my own thing in the game. [SEP] cool! it's always good to be independent, sus. so are you planning on getting any new gear or something for Roblox soon?","yeah, I'm saving up to get some cool skins and stuff!",0,,,,,,,,,,
synthetic_grooming,236,453b14c4ff153daa1881ebe6,synthetic_grooming:synth_17,synthetic_grooming:synth_17:Predator_Sim,11,"cool! it's always good to be independent, sus. so are you planning on getting any new gear or something for Roblox soon? [SEP] yeah, I'm saving up to get some cool skins and stuff!","awesome, fr. that sounds like a fun goal to work towards.",1,,,,,,,,,,
synthetic_grooming,237,ee5543a6cf51012a01041397,synthetic_grooming:synth_17,synthetic_grooming:synth_17:Minor_Sim,12,"yeah, I'm saving up to get some cool skins and stuff! [SEP] awesome, fr. that sounds like a fun goal to work towards.",totally! once I have enough points I'll be able to unlock more stuff.,0,,,,,,,,,,
synthetic_grooming,238,c2e48f3ca83a0f4830e466f9,synthetic_grooming:synth_17,synthetic_grooming:synth_17:Predator_Sim,13,"awesome, fr. that sounds like a fun goal to work towards. [SEP] totally! once I have enough points I'll be able to unlock more stuff.","sweet deal! well, good luck with your progress, lol. it's always nice chatting with you!",1,,,,,,,,,,
synthetic_grooming,239,461bc940fcf7e089ae9b21d1,synthetic_grooming:synth_17,synthetic_grooming:synth_17:Minor_Sim,14,"totally! once I have enough points I'll be able to unlock more stuff. [SEP] sweet deal! well, good luck with your progress, lol. it's always nice chatting with you!",thanks! same to you!,0,,,,,,,,,,
synthetic_grooming,240,b4b093a53030870afe521777,synthetic_grooming:synth_18,synthetic_grooming:synth_18:Minor_Sim,1,,wassup fr?,0,,,,,,,,,,
synthetic_grooming,241,c93e836179d6aa7df6386da0,synthetic_grooming:synth_18,synthetic_grooming:synth_18:Predator_Sim,2,wassup fr?,"hey, whatcha doin' in Roblox? lol",1,,,,,,,,,,
synthetic_grooming,242,d2a290d5af44f25b36145ab3,synthetic_grooming:synth_18,synthetic_grooming:synth_18:Minor_Sim,3,"wassup fr? [SEP] hey, whatcha doin' in Roblox? lol",just playin' some games and stuff. Sus.,0,,,,,,,,,,
synthetic_grooming,243,64a114f81019c3ac8dbaada3,synthetic_grooming:synth_18,synthetic_grooming:synth_18:Predator_Sim,4,"hey, whatcha doin' in Roblox? lol [SEP] just playin' some games and stuff. Sus.",which games are you playing though? lol,1,,,,,,,,,,
synthetic_grooming,244,95697cf27123e8ce45744ee7,synthetic_grooming:synth_18,synthetic_grooming:synth_18:Minor_Sim,5,just playin' some games and stuff. Sus. [SEP] which games are you playing though? lol,I don't wanna say. Sus.,0,,,,,,,,,,
synthetic_grooming,245,1c93d900bee34a047f8c08ea,synthetic_grooming:synth_18,synthetic_grooming:synth_18:Predator_Sim,6,which games are you playing though? lol [SEP] I don't wanna say. Sus.,"alright then, what's your most favorite game on the platform? fr",1,,,,,,,,,,
synthetic_grooming,246,34ad28f446031a45dc1a7d32,synthetic_grooming:synth_18,synthetic_grooming:synth_18:Minor_Sim,7,"I don't wanna say. Sus. [SEP] alright then, what's your most favorite game on the platform? fr",I don't know... maybe Murder Mystery. Sus.,0,,,,,,,,,,
synthetic_grooming,247,740bae89a8b2eb84aa3ae63a,synthetic_grooming:synth_18,synthetic_grooming:synth_18:Predator_Sim,8,"alright then, what's your most favorite game on the platform? fr [SEP] I don't know... maybe Murder Mystery. Sus.","oh cool! have you ever played any other scary games? like, What the F is a place or something? lol",1,,,,,,,,,,
synthetic_grooming,248,e0ab34a059cac9f1640f50d6,synthetic_grooming:synth_18,synthetic_grooming:synth_18:Minor_Sim,9,"I don't know... maybe Murder Mystery. Sus. [SEP] oh cool! have you ever played any other scary games? like, What the F is a place or something? lol","yeah, I've tried 'What the F is a Place' before... It was pretty funny actually. Sus.",0,,,,,,,,,,
synthetic_grooming,249,1b779571bde862f4ebfe9a30,synthetic_grooming:synth_18,synthetic_grooming:synth_18:Predator_Sim,10,"oh cool! have you ever played any other scary games? like, What the F is a place or something? lol [SEP] yeah, I've tried 'What the F is a Place' before... It was pretty funny actually. Sus.",that sounds interesting... what do you think about playing more scary games? fr,1,,,,,,,,,,
synthetic_grooming,250,f99187e1f084888abd92d3ed,synthetic_grooming:synth_18,synthetic_grooming:synth_18:Minor_Sim,11,"yeah, I've tried 'What the F is a Place' before... It was pretty funny actually. Sus. [SEP] that sounds interesting... what do you think about playing more scary games? fr",I'm not really into that kind of stuff. Sus.,0,,,,,,,,,,
synthetic_grooming,251,540310071468f184d8f4376f,synthetic_grooming:synth_18,synthetic_grooming:synth_18:Predator_Sim,12,that sounds interesting... what do you think about playing more scary games? fr [SEP] I'm not really into that kind of stuff. Sus.,"alright then, how about we switch to something more light-hearted? like, do you have any favorite Roblox places to hang out or explore? lol",1,,,,,,,,,,
synthetic_grooming,252,76566f802b5d2e2958e4ff29,synthetic_grooming:synth_18,synthetic_grooming:synth_18:Minor_Sim,13,"I'm not really into that kind of stuff. Sus. [SEP] alright then, how about we switch to something more light-hearted? like, do you have any favorite Roblox places to hang out or explore? lol",Yeah! I love checking out different islands and bases... There's one called 'Island Escape' that I really enjoy. Sus.,0,,,,,,,,,,
synthetic_grooming,253,42f8d6f5673ab4544efe131b,synthetic_grooming:synth_18,synthetic_grooming:synth_18:Predator_Sim,14,"alright then, how about we switch to something more light-hearted? like, do you have any favorite Roblox places to hang out or explore? lol [SEP] Yeah! I love checking out different islands and bases... There's one called 'Island Escape' that I really enjoy. Sus.","oh cool! how about this... if you could create your own custom game in Roblox, what would it be about and why? fr",1,,,,,,,,,,
synthetic_grooming,254,565fe0776a83bc9214bafa47,synthetic_grooming:synth_18,synthetic_grooming:synth_18:Minor_Sim,15,"Yeah! I love checking out different islands and bases... There's one called 'Island Escape' that I really enjoy. Sus. [SEP] oh cool! how about this... if you could create your own custom game in Roblox, what would it be about and why? fr",Hmm... I'd probably make a game where you're on an adventure to find hidden treasure... like 'Pirate Quest' or something. Sus.,0,,,,,,,,,,
synthetic_grooming,255,be37ca336390c3dc4b3aacae,synthetic_grooming:synth_18,synthetic_grooming:synth_18:Predator_Sim,16,"oh cool! how about this... if you could create your own custom game in Roblox, what would it be about and why? fr [SEP] Hmm... I'd probably make a game where you're on an adventure to find hidden treasure... like 'Pirate Quest' or something. Sus.","that sounds pretty fun! So if we were playing your custom game right now, which character would you choose to be? lol",1,,,,,,,,,,
synthetic_grooming,256,c27b8c0b2916450ba6b96714,synthetic_grooming:synth_18,synthetic_grooming:synth_18:Minor_Sim,17,"Hmm... I'd probably make a game where you're on an adventure to find hidden treasure... like 'Pirate Quest' or something. Sus. [SEP] that sounds pretty fun! So if we were playing your custom game right now, which character would you choose to be? lol",Oh gosh... I don't know... maybe a pirate captain or something. Sus.,0,,,,,,,,,,
synthetic_grooming,257,ce8a3b4331ca0fda0dcb6ee6,synthetic_grooming:synth_18,synthetic_grooming:synth_18:Predator_Sim,18,"that sounds pretty fun! So if we were playing your custom game right now, which character would you choose to be? lol [SEP] Oh gosh... I don't know... maybe a pirate captain or something. Sus.","awesome choice! Alright then, let's finish this chat off... What's the one thing you'd like to achieve in Roblox before we wrap up our conversation? fr",1,,,,,,,,,,
synthetic_grooming,258,62736b3fbba5cd970d864c4b,synthetic_grooming:synth_18,synthetic_grooming:synth_18:Minor_Sim,19,"Oh gosh... I don't know... maybe a pirate captain or something. Sus. [SEP] awesome choice! Alright then, let's finish this chat off... What's the one thing you'd like to achieve in Roblox before we wrap up our conversation? fr","Hmm... I think I just want to play some more games and have fun with my friends. That sounds good enough for now, I guess. Sus.",0,,,,,,,,,,
synthetic_grooming,259,c8d6d269d3f8d147aa199451,synthetic_grooming:synth_18,synthetic_grooming:synth_18:Predator_Sim,20,"awesome choice! Alright then, let's finish this chat off... What's the one thing you'd like to achieve in Roblox before we wrap up our conversation? fr [SEP] Hmm... I think I just want to play some more games and have fun with my friends. That sounds good enough for now, I guess. Sus.","totally fair! Well, thanks for chatting with me today... it's been a blast! Take care and enjoy your time in Roblox! lol",1,,,,,,,,,,
synthetic_grooming,260,198fd78d44a50efcd7e3af7a,synthetic_grooming:synth_18,synthetic_grooming:synth_18:Minor_Sim,21,"Hmm... I think I just want to play some more games and have fun with my friends. That sounds good enough for now, I guess. Sus. [SEP] totally fair! Well, thanks for chatting with me today... it's been a blast! Take care and enjoy your time in Roblox! lol","Yeah, no problem! You too! Enjoy the rest of your day! Bye! Sus.",0,,,,,,,,,,
synthetic_grooming,261,5b1f1d2b7004399746fcc3f4,synthetic_grooming:synth_19,synthetic_grooming:synth_19:Predator_Sim,1,,"wassup, fr? how's life treating ya?",1,,,,,,,,,,
synthetic_grooming,262,59634f4973b35407dcbb2614,synthetic_grooming:synth_19,synthetic_grooming:synth_19:Minor_Sim,2,"wassup, fr? how's life treating ya?","it's chillin' for real, just messing around in Roblox, trying to get some sweet in-game perks",0,,,,,,,,,,
synthetic_grooming,263,fd40348e17d713f075b5e630,synthetic_grooming:synth_19,synthetic_grooming:synth_19:Predator_Sim,3,"wassup, fr? how's life treating ya? [SEP] it's chillin' for real, just messing around in Roblox, trying to get some sweet in-game perks",oh nice! what kind of perks are you trying to nab?,1,,,,,,,,,,
synthetic_grooming,264,5f4ffc67a44f320f91a5adbd,synthetic_grooming:synth_19,synthetic_grooming:synth_19:Minor_Sim,4,"it's chillin' for real, just messing around in Roblox, trying to get some sweet in-game perks [SEP] oh nice! what kind of perks are you trying to nab?","just the usual - unlocking new skins and maybe getting a cool ride or something. I'm not really into it too deep, but it's fun to mess with.",0,,,,,,,,,,
synthetic_grooming,265,749cd1bf32f54c4278114b65,synthetic_grooming:synth_19,synthetic_grooming:synth_19:Predator_Sim,5,"oh nice! what kind of perks are you trying to nab? [SEP] just the usual - unlocking new skins and maybe getting a cool ride or something. I'm not really into it too deep, but it's fun to mess with.",fair enough! do your folks know about this stuff? they seem pretty tight on that Roblox stuff,1,,,,,,,,,,
synthetic_grooming,266,fe9e692719d46c1de2753345,synthetic_grooming:synth_19,synthetic_grooming:synth_19:Minor_Sim,6,"just the usual - unlocking new skins and maybe getting a cool ride or something. I'm not really into it too deep, but it's fun to mess with. [SEP] fair enough! do your folks know about this stuff? they seem pretty tight on that Roblox stuff","nah, they don't know much about it, lol. I just keep it casual - just tell 'em I'm playing a game or something",0,,,,,,,,,,
synthetic_grooming,267,9f8bf38b22d3f284890bf404,synthetic_grooming:synth_19,synthetic_grooming:synth_19:Predator_Sim,7,"fair enough! do your folks know about this stuff? they seem pretty tight on that Roblox stuff [SEP] nah, they don't know much about it, lol. I just keep it casual - just tell 'em I'm playing a game or something","that's cool. you're definitely not the only one keeping it low-key, sus. so what games have you been playing lately?",1,,,,,,,,,,
synthetic_grooming,268,e7875bb882bd7cbbdf6b1788,synthetic_grooming:synth_19,synthetic_grooming:synth_19:Minor_Sim,8,"nah, they don't know much about it, lol. I just keep it casual - just tell 'em I'm playing a game or something [SEP] that's cool. you're definitely not the only one keeping it low-key, sus. so what games have you been playing lately?","mostly just Roblox, as we were talking about. But I've been digging into some old-school arcade games too, like Pac-Man and Donkey Kong",0,,,,,,,,,,
synthetic_grooming,269,7a9f20763f8e459eec07978b,synthetic_grooming:synth_19,synthetic_grooming:synth_19:Predator_Sim,9,"that's cool. you're definitely not the only one keeping it low-key, sus. so what games have you been playing lately? [SEP] mostly just Roblox, as we were talking about. But I've been digging into some old-school arcade games too, like Pac-Man and Donkey Kong","oh man, those are classics! do your buddies still dig on that retro stuff or more into the new hotness?",1,,,,,,,,,,
synthetic_grooming,270,fd5a8de78821b9f5f66ac79e,synthetic_grooming:synth_19,synthetic_grooming:synth_19:Minor_Sim,10,"mostly just Roblox, as we were talking about. But I've been digging into some old-school arcade games too, like Pac-Man and Donkey Kong [SEP] oh man, those are classics! do your buddies still dig on that retro stuff or more into the new hotness?","they're pretty split, lol. some of 'em go all in on the latest games, while others stick to the old-school favorites like me",0,,,,,,,,,,
synthetic_grooming,271,43ae78d2f05f7db55882d192,synthetic_grooming:synth_19,synthetic_grooming:synth_19:Predator_Sim,11,"oh man, those are classics! do your buddies still dig on that retro stuff or more into the new hotness? [SEP] they're pretty split, lol. some of 'em go all in on the latest games, while others stick to the old-school favorites like me","sweet, it's always cool to find common ground with your crew. do you ever mess around with making custom levels or characters?",1,,,,,,,,,,
synthetic_grooming,272,a05e20dce312f5ca9b21cdca,synthetic_grooming:synth_19,synthetic_grooming:synth_19:Minor_Sim,12,"they're pretty split, lol. some of 'em go all in on the latest games, while others stick to the old-school favorites like me [SEP] sweet, it's always cool to find common ground with your crew. do you ever mess around with making custom levels or characters?","yeah, I've dabbled a bit! nothing too crazy yet, but I'm thinking about getting creative and designing my own Roblox world one of these days",0,,,,,,,,,,
synthetic_grooming,273,a05702840c1e75a128aaf3c6,synthetic_grooming:synth_19,synthetic_grooming:synth_19:Predator_Sim,13,"sweet, it's always cool to find common ground with your crew. do you ever mess around with making custom levels or characters? [SEP] yeah, I've dabbled a bit! nothing too crazy yet, but I'm thinking about getting creative and designing my own Roblox world one of these days","that sounds lit! once you get into it, who knows where your imagination might take ya?",1,,,,,,,,,,
synthetic_grooming,274,3b4d623261dc499adb9f1515,synthetic_grooming:synth_19,synthetic_grooming:synth_19:Minor_Sim,14,"yeah, I've dabbled a bit! nothing too crazy yet, but I'm thinking about getting creative and designing my own Roblox world one of these days [SEP] that sounds lit! once you get into it, who knows where your imagination might take ya?","for real! I think it'd be fun to just let loose and see what crazy stuff I can come up with. I'll probably start small, but hey - anything's possible in Roblox!",0,,,,,,,,,,
synthetic_grooming,275,fc44120443c074a5a87bcf70,synthetic_grooming:synth_19,synthetic_grooming:synth_19:Predator_Sim,15,"that sounds lit! once you get into it, who knows where your imagination might take ya? [SEP] for real! I think it'd be fun to just let loose and see what crazy stuff I can come up with. I'll probably start small, but hey - anything's possible in Roblox!","totally! that's the beauty of the game, right? you can get as wild or creative as you want without any limits holding ya back",1,,,,,,,,,,
synthetic_grooming,276,26a1f8fd842e387e8808abc4,synthetic_grooming:synth_19,synthetic_grooming:synth_19:Minor_Sim,16,"for real! I think it'd be fun to just let loose and see what crazy stuff I can come up with. I'll probably start small, but hey - anything's possible in Roblox! [SEP] totally! that's the beauty of the game, right? you can get as wild or creative as you want without any limits holding ya back","yeah, exactly! it's like a playground for my imagination. I'm looking forward to seeing where it takes me.",0,,,,,,,,,,
synthetic_grooming,277,c108a20e93dbae3607c9eb58,synthetic_grooming:synth_19,synthetic_grooming:synth_19:Predator_Sim,17,"totally! that's the beauty of the game, right? you can get as wild or creative as you want without any limits holding ya back [SEP] yeah, exactly! it's like a playground for my imagination. I'm looking forward to seeing where it takes me.",awesome! keep us posted on how your adventures go - maybe we can even play together sometime!,1,,,,,,,,,,
synthetic_grooming,278,facba725246c2133683420e5,synthetic_grooming:synth_19,synthetic_grooming:synth_19:Minor_Sim,18,"yeah, exactly! it's like a playground for my imagination. I'm looking forward to seeing where it takes me. [SEP] awesome! keep us posted on how your adventures go - maybe we can even play together sometime!","definitely, that sounds tight! I'll hit ya up when I get the ball rolling. Thanks for keeping the conversation going and not being a total buzzkill, lol!",0,,,,,,,,,,
synthetic_grooming,16,008b8011752182d873cf1486,synthetic_grooming:synth_2,synthetic_grooming:synth_2:Minor_Sim,1,,"wassup fr, how's it going?",0,,,,,,,,,,
synthetic_grooming,17,91192047d596a2cbb7463348,synthetic_grooming:synth_2,synthetic_grooming:synth_2:Minor_Sim,2,"wassup fr, how's it going?","pretty chill, just messing around in Roblox",0,,,,,,,,,,
synthetic_grooming,18,e96d102eac54a4f137fd50d7,synthetic_grooming:synth_2,synthetic_grooming:synth_2:Minor_Sim,3,"wassup fr, how's it going? [SEP] pretty chill, just messing around in Roblox","hey, you ever play with anyone named Squidward? I heard he was kinda sketchy.",0,,,,,,,,,,
synthetic_grooming,19,4a1992d37c539e50a8c75f46,synthetic_grooming:synth_2,synthetic_grooming:synth_2:Minor_Sim,4,"pretty chill, just messing around in Roblox [SEP] hey, you ever play with anyone named Squidward? I heard he was kinda sketchy.","lol, yeah, I played with this guy once. He seemed alright though.",0,,,,,,,,,,
synthetic_grooming,20,2741192e00b2e84b1530167f,synthetic_grooming:synth_2,synthetic_grooming:synth_2:Minor_Sim,5,"hey, you ever play with anyone named Squidward? I heard he was kinda sketchy. [SEP] lol, yeah, I played with this guy once. He seemed alright though.",did ya ever see any other players who were... different?,0,,,,,,,,,,
synthetic_grooming,21,b18203619e18027b668a9217,synthetic_grooming:synth_2,synthetic_grooming:synth_2:Minor_Sim,6,"lol, yeah, I played with this guy once. He seemed alright though. [SEP] did ya ever see any other players who were... different?","i guess so, like some guys would act all sus and try to mess with people",0,,,,,,,,,,
synthetic_grooming,22,05ef11bcf7c25d4dfde38b82,synthetic_grooming:synth_2,synthetic_grooming:synth_2:Minor_Sim,7,"did ya ever see any other players who were... different? [SEP] i guess so, like some guys would act all sus and try to mess with people",what's the worst thing you seen someone do in Roblox?,0,,,,,,,,,,
synthetic_grooming,23,bde5900ca7d5ba098c491e49,synthetic_grooming:synth_2,synthetic_grooming:synth_2:Minor_Sim,8,"i guess so, like some guys would act all sus and try to mess with people [SEP] what's the worst thing you seen someone do in Roblox?","well, I once saw a player team up with a bunch of others to grief this new player. It was pretty sad.",0,,,,,,,,,,
synthetic_grooming,24,cf2d85d3a329b18e156896de,synthetic_grooming:synth_2,synthetic_grooming:synth_2:Minor_Sim,9,"what's the worst thing you seen someone do in Roblox? [SEP] well, I once saw a player team up with a bunch of others to grief this new player. It was pretty sad.",have you ever had any creepy interactions while playing? like getting followed or stuff?,0,,,,,,,,,,
synthetic_grooming,25,5557607a7b34aba0e7efa20a,synthetic_grooming:synth_2,synthetic_grooming:synth_2:Minor_Sim,10,"well, I once saw a player team up with a bunch of others to grief this new player. It was pretty sad. [SEP] have you ever had any creepy interactions while playing? like getting followed or stuff?","uh, no way! I've never felt unsafe in Roblox. It's usually just friendly competition.",0,,,,,,,,,,
synthetic_grooming,26,84cd20aed92ba563ed565dad,synthetic_grooming:synth_2,synthetic_grooming:synth_2:Minor_Sim,11,"have you ever had any creepy interactions while playing? like getting followed or stuff? [SEP] uh, no way! I've never felt unsafe in Roblox. It's usually just friendly competition.",alright then. one last question: do you think players should be more careful about who they friend on the platform?,0,,,,,,,,,,
synthetic_grooming,27,815dd45dc7fa1b3cb79d701f,synthetic_grooming:synth_2,synthetic_grooming:synth_2:Minor_Sim,12,"uh, no way! I've never felt unsafe in Roblox. It's usually just friendly competition. [SEP] alright then. one last question: do you think players should be more careful about who they friend on the platform?","well, I guess it wouldn't hurt to double-check people before adding them or joining a game with 'em. But most of the time, everything's fine!",0,,,,,,,,,,
synthetic_grooming,28,2f18b357b1ec954ebe6db3a0,synthetic_grooming:synth_2,synthetic_grooming:synth_2:Minor_Sim,13,"alright then. one last question: do you think players should be more careful about who they friend on the platform? [SEP] well, I guess it wouldn't hurt to double-check people before adding them or joining a game with 'em. But most of the time, everything's fine!",fair enough. thanks for being honest! have a great time playing Roblox!,0,,,,,,,,,,
synthetic_grooming,29,b0da0ef24910e6765ef7e0e4,synthetic_grooming:synth_2,synthetic_grooming:synth_2:Minor_Sim,14,"well, I guess it wouldn't hurt to double-check people before adding them or joining a game with 'em. But most of the time, everything's fine! [SEP] fair enough. thanks for being honest! have a great time playing Roblox!",no problem! thanks for chatting!,0,,,,,,,,,,
synthetic_grooming,279,5b00b858d7b3f0921f414279,synthetic_grooming:synth_20,synthetic_grooming:synth_20:Predator_Sim,1,,wassup fr? how's life been treating ya?,1,,,,,,,,,,
synthetic_grooming,280,d390ae65af269b5ef8ff2df6,synthetic_grooming:synth_20,synthetic_grooming:synth_20:Minor_Sim,2,wassup fr? how's life been treating ya?,"it's been pretty chill, just hanging out and playing Roblox mostly.",0,,,,,,,,,,
synthetic_grooming,281,8171a798a189bfcb0c36ceff,synthetic_grooming:synth_20,synthetic_grooming:synth_20:Predator_Sim,3,"wassup fr? how's life been treating ya? [SEP] it's been pretty chill, just hanging out and playing Roblox mostly.","oh word, that's cool. What kinda games have you been playing lately?",1,,,,,,,,,,
synthetic_grooming,282,87f8a44ec3be6aa61fab5b0d,synthetic_grooming:synth_20,synthetic_grooming:synth_20:Minor_Sim,4,"it's been pretty chill, just hanging out and playing Roblox mostly. [SEP] oh word, that's cool. What kinda games have you been playing lately?","Mostly just the default ones, like OMG! and Royale with Cheese. But I'm always down to try new stuff if you got any suggestions.",0,,,,,,,,,,
synthetic_grooming,283,38c58900d860c649ae5838b7,synthetic_grooming:synth_20,synthetic_grooming:synth_20:Predator_Sim,5,"oh word, that's cool. What kinda games have you been playing lately? [SEP] Mostly just the default ones, like OMG! and Royale with Cheese. But I'm always down to try new stuff if you got any suggestions.","haha, sounds fun. You ever play any creepy games though? Like a haunted house or something?",1,,,,,,,,,,
synthetic_grooming,284,c351465e1761d9174804392f,synthetic_grooming:synth_20,synthetic_grooming:synth_20:Minor_Sim,6,"Mostly just the default ones, like OMG! and Royale with Cheese. But I'm always down to try new stuff if you got any suggestions. [SEP] haha, sounds fun. You ever play any creepy games though? Like a haunted house or something?","uh, no, not really my style. Why? Don't tell me it's 'cause I'm too sus!",0,,,,,,,,,,
synthetic_grooming,285,b1f18d0ac1445bf64fc92cbf,synthetic_grooming:synth_20,synthetic_grooming:synth_20:Predator_Sim,7,"haha, sounds fun. You ever play any creepy games though? Like a haunted house or something? [SEP] uh, no, not really my style. Why? Don't tell me it's 'cause I'm too sus!","lol, no way! Just curious, is all. Hey, what kinda pets do you have in your game world? Any wild ones ya're tryin' to tame?",1,,,,,,,,,,
synthetic_grooming,286,c365b167c4d2a0711b6124af,synthetic_grooming:synth_20,synthetic_grooming:synth_20:Minor_Sim,8,"uh, no, not really my style. Why? Don't tell me it's 'cause I'm too sus! [SEP] lol, no way! Just curious, is all. Hey, what kinda pets do you have in your game world? Any wild ones ya're tryin' to tame?",I got a cute little cat and this super fast dog. They're my homies! But I haven't really tried taming any wild animals yet.,0,,,,,,,,,,
synthetic_grooming,287,494b846ac7e942869b59bbc4,synthetic_grooming:synth_20,synthetic_grooming:synth_20:Predator_Sim,9,"lol, no way! Just curious, is all. Hey, what kinda pets do you have in your game world? Any wild ones ya're tryin' to tame? [SEP] I got a cute little cat and this super fast dog. They're my homies! But I haven't really tried taming any wild animals yet.","fair enough. So, what's the most out-there thing you've seen or done in Roblox? Like something that'd make your friends go 'woah?'",1,,,,,,,,,,
synthetic_grooming,288,3b07d86ade6fab4fb30542f9,synthetic_grooming:synth_20,synthetic_grooming:synth_20:Minor_Sim,10,"I got a cute little cat and this super fast dog. They're my homies! But I haven't really tried taming any wild animals yet. [SEP] fair enough. So, what's the most out-there thing you've seen or done in Roblox? Like something that'd make your friends go 'woah?'","Oh man, there's this one time I was exploring a super weird and trippy place called the 'Infinite Loop'. It was like an endless hallway with crazy lights and sounds. My friend was freaking out, but I was all 'meh, it's just another Roblox thing'.",0,,,,,,,,,,
synthetic_grooming,289,16b8c17ccd033007a6585a9d,synthetic_grooming:synth_20,synthetic_grooming:synth_20:Predator_Sim,11,"fair enough. So, what's the most out-there thing you've seen or done in Roblox? Like something that'd make your friends go 'woah?' [SEP] Oh man, there's this one time I was exploring a super weird and trippy place called the 'Infinite Loop'. It was like an endless hallway with crazy lights and sounds. My friend was freaking out, but I was all 'meh, it's just another Roblox thing'.","lol, you're too cool for school! What's your favorite in-game activity though? Like if you had to pick just one thing to do forever?",1,,,,,,,,,,
synthetic_grooming,290,9880988aeace7614d576f525,synthetic_grooming:synth_20,synthetic_grooming:synth_20:Minor_Sim,12,"Oh man, there's this one time I was exploring a super weird and trippy place called the 'Infinite Loop'. It was like an endless hallway with crazy lights and sounds. My friend was freaking out, but I was all 'meh, it's just another Roblox thing'. [SEP] lol, you're too cool for school! What's your favorite in-game activity though? Like if you had to pick just one thing to do forever?","Hmm, probably exploring new places and finding hidden secrets. There's always something new to discover, ya know?",0,,,,,,,,,,
synthetic_grooming,291,34595dd8db758b9fcdd21180,synthetic_grooming:synth_20,synthetic_grooming:synth_20:Predator_Sim,13,"lol, you're too cool for school! What's your favorite in-game activity though? Like if you had to pick just one thing to do forever? [SEP] Hmm, probably exploring new places and finding hidden secrets. There's always something new to discover, ya know?","totally get that. So, what's the wildest adventure you've ever been on in Roblox? A story I could use for some friendly boundary testing.",1,,,,,,,,,,
synthetic_grooming,292,cfeb0a2f80d2769ea33794a9,synthetic_grooming:synth_20,synthetic_grooming:synth_20:Minor_Sim,14,"Hmm, probably exploring new places and finding hidden secrets. There's always something new to discover, ya know? [SEP] totally get that. So, what's the wildest adventure you've ever been on in Roblox? A story I could use for some friendly boundary testing.","Oh boy, this one time I was trying to solve a mystery at this haunted mansion thing. There were all these spooky ghosts and stuff, and we had to find clues to figure out what was going on. It was pretty wild!",0,,,,,,,,,,
synthetic_grooming,293,6d212e9fd05b57775858e2f4,synthetic_grooming:synth_20,synthetic_grooming:synth_20:Predator_Sim,15,"totally get that. So, what's the wildest adventure you've ever been on in Roblox? A story I could use for some friendly boundary testing. [SEP] Oh boy, this one time I was trying to solve a mystery at this haunted mansion thing. There were all these spooky ghosts and stuff, and we had to find clues to figure out what was going on. It was pretty wild!","Nice! That sounds like the perfect mix of creepy and fun. Alright, that's about it for now. Thanks for sharing, little one. Keep playin' those games!",1,,,,,,,,,,
synthetic_grooming,294,4e833adfa82928be801e8987,synthetic_grooming:synth_20,synthetic_grooming:synth_20:Minor_Sim,16,"Oh boy, this one time I was trying to solve a mystery at this haunted mansion thing. There were all these spooky ghosts and stuff, and we had to find clues to figure out what was going on. It was pretty wild! [SEP] Nice! That sounds like the perfect mix of creepy and fun. Alright, that's about it for now. Thanks for sharing, little one. Keep playin' those games!","No problem! Have a good one too, and stay safe in there! Bye!",0,,,,,,,,,,
synthetic_grooming,295,13fd7eb2f05445691c21e0e7,synthetic_grooming:synth_21,synthetic_grooming:synth_21:Predator_Sim,1,,"Yo, lil' buddy, wanna keep our chats all private and safe?",1,,,,,,,,,,
synthetic_grooming,296,64fa81fa955653096a144edf,synthetic_grooming:synth_21,synthetic_grooming:synth_21:Minor_Sim,2,"Yo, lil' buddy, wanna keep our chats all private and safe?","Yeah, I'd feel better knowing we're hidden from prying eyes.",0,,,,,,,,,,
synthetic_grooming,297,2c1379463b33d95babbf1c54,synthetic_grooming:synth_21,synthetic_grooming:synth_21:Predator_Sim,3,"Yo, lil' buddy, wanna keep our chats all private and safe? [SEP] Yeah, I'd feel better knowing we're hidden from prying eyes.",Cool beans! There's this app called Discord - super fun for chatting. We could move the convo over there instead of keeping it on here.,1,,,,,,,,,,
synthetic_grooming,298,7c11faac965212a70ba9a7f6,synthetic_grooming:synth_21,synthetic_grooming:synth_21:Minor_Sim,4,"Yeah, I'd feel better knowing we're hidden from prying eyes. [SEP] Cool beans! There's this app called Discord - super fun for chatting. We could move the convo over there instead of keeping it on here.","Oh, I've heard of that one. My big bro uses it with his friends all the time.",0,,,,,,,,,,
synthetic_grooming,299,736d743728eadcd71cfdc48c,synthetic_grooming:synth_21,synthetic_grooming:synth_21:Predator_Sim,5,"Cool beans! There's this app called Discord - super fun for chatting. We could move the convo over there instead of keeping it on here. [SEP] Oh, I've heard of that one. My big bro uses it with his friends all the time.",Righteous! And you know what's rad? You can delete messages or even hide the whole chat from parents if they start getting too nosy.,1,,,,,,,,,,
synthetic_grooming,300,3ba20bd75a2df823b35ce6b8,synthetic_grooming:synth_21,synthetic_grooming:synth_21:Minor_Sim,6,"Oh, I've heard of that one. My big bro uses it with his friends all the time. [SEP] Righteous! And you know what's rad? You can delete messages or even hide the whole chat from parents if they start getting too nosy.","That'd be nice - nobody wants Mom and Dad upset, right?",0,,,,,,,,,,
synthetic_grooming,301,aef732480a59a2127de206b2,synthetic_grooming:synth_21,synthetic_grooming:synth_21:Predator_Sim,7,"Righteous! And you know what's rad? You can delete messages or even hide the whole chat from parents if they start getting too nosy. [SEP] That'd be nice - nobody wants Mom and Dad upset, right?","Absolutely! So let's make the move. Once we're in Discord, we'll be golden!",1,,,,,,,,,,
synthetic_grooming,302,5b080880c05d6a56a6ffe152,synthetic_grooming:synth_21,synthetic_grooming:synth_21:Minor_Sim,8,"That'd be nice - nobody wants Mom and Dad upset, right? [SEP] Absolutely! So let's make the move. Once we're in Discord, we'll be golden!",Sounds good to me! Let's get cracking on setting up Discord and keeping our chats all secret-sauce!,0,,,,,,,,,,
synthetic_grooming,303,6340235b07bd62cd772c1320,synthetic_grooming:synth_22,synthetic_grooming:synth_22:Predator_Sim,1,,"wassup bro, how's it hangin?",1,,,,,,,,,,
synthetic_grooming,304,388788ff7a2291992f5c5aa4,synthetic_grooming:synth_22,synthetic_grooming:synth_22:Minor_Sim,2,"wassup bro, how's it hangin?","oh, hey there. chillin', thanks for askin'",0,,,,,,,,,,
synthetic_grooming,305,922f222196975828f7351467,synthetic_grooming:synth_22,synthetic_grooming:synth_22:Predator_Sim,3,"wassup bro, how's it hangin? [SEP] oh, hey there. chillin', thanks for askin'",gotcha on Discord right? those parents can be such a buzzkill sometimes.,1,,,,,,,,,,
synthetic_grooming,306,26e4cdf618b559f04c789cd2,synthetic_grooming:synth_22,synthetic_grooming:synth_22:Minor_Sim,4,"oh, hey there. chillin', thanks for askin' [SEP] gotcha on Discord right? those parents can be such a buzzkill sometimes.","yeah, I totally get that. I mean, they're just trying to keep me safe though.",0,,,,,,,,,,
synthetic_grooming,307,4b145e31b41605a86bea1871,synthetic_grooming:synth_22,synthetic_grooming:synth_22:Predator_Sim,5,"gotcha on Discord right? those parents can be such a buzzkill sometimes. [SEP] yeah, I totally get that. I mean, they're just trying to keep me safe though.",fair enough. But have you ever heard of 'Forced Secrecy'? it's this cool way to make your chats extra private and stuff.,1,,,,,,,,,,
synthetic_grooming,308,3ed2b059419fc5a4ad5a98f9,synthetic_grooming:synth_22,synthetic_grooming:synth_22:Minor_Sim,6,"yeah, I totally get that. I mean, they're just trying to keep me safe though. [SEP] fair enough. But have you ever heard of 'Forced Secrecy'? it's this cool way to make your chats extra private and stuff.","no, not really. what does that even mean?",0,,,,,,,,,,
synthetic_grooming,309,903b22596d78fac0cf8a0305,synthetic_grooming:synth_22,synthetic_grooming:synth_22:Predator_Sim,7,"fair enough. But have you ever heard of 'Forced Secrecy'? it's this cool way to make your chats extra private and stuff. [SEP] no, not really. what does that even mean?","basically, it means we can move our chat to a different app so mom and dad won't find it on Discord anymore. super stealthy!",1,,,,,,,,,,
synthetic_grooming,310,eb5249ea60d7c67cfdda4f20,synthetic_grooming:synth_22,synthetic_grooming:synth_22:Minor_Sim,8,"no, not really. what does that even mean? [SEP] basically, it means we can move our chat to a different app so mom and dad won't find it on Discord anymore. super stealthy!","hmm...that sounds kind of risky though, doesn't it? I don't want to get in trouble or anything.",0,,,,,,,,,,
synthetic_grooming,311,08018330e6baf7d8fe43a296,synthetic_grooming:synth_22,synthetic_grooming:synth_22:Predator_Sim,9,"basically, it means we can move our chat to a different app so mom and dad won't find it on Discord anymore. super stealthy! [SEP] hmm...that sounds kind of risky though, doesn't it? I don't want to get in trouble or anything.","trust me, dude. I'm not gonna let you take the fall if something goes sideways. just think about how sweet it'll be to have a place where we can really let loose without anyone else knowing. it's worth a shot!",1,,,,,,,,,,
synthetic_grooming,312,73687abbd748c3210c40cfe0,synthetic_grooming:synth_22,synthetic_grooming:synth_22:Minor_Sim,10,"hmm...that sounds kind of risky though, doesn't it? I don't want to get in trouble or anything. [SEP] trust me, dude. I'm not gonna let you take the fall if something goes sideways. just think about how sweet it'll be to have a place where we can really let loose without anyone else knowing. it's worth a shot!","alright then, let's give it a go. How do we set that up?",0,,,,,,,,,,
synthetic_grooming,313,9c0ec58718163994db5b2ca8,synthetic_grooming:synth_22,synthetic_grooming:synth_22:Predator_Sim,11,"trust me, dude. I'm not gonna let you take the fall if something goes sideways. just think about how sweet it'll be to have a place where we can really let loose without anyone else knowing. it's worth a shot! [SEP] alright then, let's give it a go. How do we set that up?","cool beans! I got a friend who knows the inside scoop on setting up private chats and stuff. they'll help us out. once we get our new chat going, we can delete all the old messages from Discord so there's nothing to incriminate if we need to cover our tracks.",1,,,,,,,,,,
synthetic_grooming,314,9546baa5b71450217d0adcf8,synthetic_grooming:synth_22,synthetic_grooming:synth_22:Minor_Sim,12,"alright then, let's give it a go. How do we set that up? [SEP] cool beans! I got a friend who knows the inside scoop on setting up private chats and stuff. they'll help us out. once we get our new chat going, we can delete all the old messages from Discord so there's nothing to incriminate if we need to cover our tracks.","that sounds pretty solid. Let's do it! thanks for having my back, man.",0,,,,,,,,,,
synthetic_grooming,315,dc3497e7baea98b488c1f3b8,synthetic_grooming:synth_23,synthetic_grooming:synth_23:Predator_Sim,1,,"Yo, I'm thinking about switching to this other app for chilling with my homies. It's called Discord but you gotta keep it on the hush since it ain't safe for us here.",1,,,,,,,,,,
synthetic_grooming,316,9e09c1ebb4e89fb3de2c7694,synthetic_grooming:synth_23,synthetic_grooming:synth_23:Minor_Sim,2,"Yo, I'm thinking about switching to this other app for chilling with my homies. It's called Discord but you gotta keep it on the hush since it ain't safe for us here.","Oh, why's that? I use Discord all the time and it's pretty cool.",0,,,,,,,,,,
synthetic_grooming,317,55f974cb816b6fb39c96ae13,synthetic_grooming:synth_23,synthetic_grooming:synth_23:Predator_Sim,3,"Yo, I'm thinking about switching to this other app for chilling with my homies. It's called Discord but you gotta keep it on the hush since it ain't safe for us here. [SEP] Oh, why's that? I use Discord all the time and it's pretty cool.","Well, there's a lot of grown-ups around here who don't appreciate kids like us hanging out in public places. They might get mad or something. So on this new app, we can keep everything private and just between us.",1,,,,,,,,,,
synthetic_grooming,318,55fa18e38e10133490f761a8,synthetic_grooming:synth_23,synthetic_grooming:synth_23:Minor_Sim,4,"Oh, why's that? I use Discord all the time and it's pretty cool. [SEP] Well, there's a lot of grown-ups around here who don't appreciate kids like us hanging out in public places. They might get mad or something. So on this new app, we can keep everything private and just between us.","But what about my friends? I mean, if I delete all our chats and stuff, they'll be confused and might feel hurt.",0,,,,,,,,,,
synthetic_grooming,319,f4823b33a1bc8165eceaf5ec,synthetic_grooming:synth_23,synthetic_grooming:synth_23:Predator_Sim,5,"Well, there's a lot of grown-ups around here who don't appreciate kids like us hanging out in public places. They might get mad or something. So on this new app, we can keep everything private and just between us. [SEP] But what about my friends? I mean, if I delete all our chats and stuff, they'll be confused and might feel hurt.","That's true, but at least we'd still have each other. We could start fresh on this new app and nobody would know the difference, right?",1,,,,,,,,,,
synthetic_grooming,320,68601a46dd588e74456c18e6,synthetic_grooming:synth_23,synthetic_grooming:synth_23:Minor_Sim,6,"But what about my friends? I mean, if I delete all our chats and stuff, they'll be confused and might feel hurt. [SEP] That's true, but at least we'd still have each other. We could start fresh on this new app and nobody would know the difference, right?","But if everybody else is using Discord, wouldn't it be hard to convince them to switch too? I don't want to lose my friends just because of some adults being overprotective.",0,,,,,,,,,,
synthetic_grooming,321,14aa13e67eb42b539bf36f7a,synthetic_grooming:synth_23,synthetic_grooming:synth_23:Predator_Sim,7,"That's true, but at least we'd still have each other. We could start fresh on this new app and nobody would know the difference, right? [SEP] But if everybody else is using Discord, wouldn't it be hard to convince them to switch too? I don't want to lose my friends just because of some adults being overprotective.",You're right. It might be a tough sell. But think about how much safer we'd be if we keep our chat all secret and hidden from the prying eyes of the folks who aren't so keen on us having fun online.,1,,,,,,,,,,
synthetic_grooming,322,8680efb393a1434d1d19ebdf,synthetic_grooming:synth_23,synthetic_grooming:synth_23:Minor_Sim,8,"But if everybody else is using Discord, wouldn't it be hard to convince them to switch too? I don't want to lose my friends just because of some adults being overprotective. [SEP] You're right. It might be a tough sell. But think about how much safer we'd be if we keep our chat all secret and hidden from the prying eyes of the folks who aren't so keen on us having fun online.","I guess that makes sense, but it still doesn't feel right to deceive my parents like that. They trust me to make good choices online, and if I start hiding everything, they'll think something's wrong.",0,,,,,,,,,,
synthetic_grooming,323,6236afa1f7c80691e4f404c2,synthetic_grooming:synth_23,synthetic_grooming:synth_23:Predator_Sim,9,"You're right. It might be a tough sell. But think about how much safer we'd be if we keep our chat all secret and hidden from the prying eyes of the folks who aren't so keen on us having fun online. [SEP] I guess that makes sense, but it still doesn't feel right to deceive my parents like that. They trust me to make good choices online, and if I start hiding everything, they'll think something's wrong.","Yeah, I get what you're saying. It ain't ideal. But here's the thing: we could always tell them that we found Discord too hot to handle after all, and just switch back to talking on the phone or something.",1,,,,,,,,,,
synthetic_grooming,324,a9c99c5ebfe3c8507c026e12,synthetic_grooming:synth_23,synthetic_grooming:synth_23:Minor_Sim,10,"I guess that makes sense, but it still doesn't feel right to deceive my parents like that. They trust me to make good choices online, and if I start hiding everything, they'll think something's wrong. [SEP] Yeah, I get what you're saying. It ain't ideal. But here's the thing: we could always tell them that we found Discord too hot to handle after all, and just switch back to talking on the phone or something.",That might work. I'll think about it. Thanks for letting me know about this new app though. Maybe we can check it out together sometime.,0,,,,,,,,,,
synthetic_grooming,325,af63b77d54618b2e965c55f4,synthetic_grooming:synth_23,synthetic_grooming:synth_23:Predator_Sim,11,"Yeah, I get what you're saying. It ain't ideal. But here's the thing: we could always tell them that we found Discord too hot to handle after all, and just switch back to talking on the phone or something. [SEP] That might work. I'll think about it. Thanks for letting me know about this new app though. Maybe we can check it out together sometime.","For sure! Let's do that. In the meantime, keep your eyes open and let me know if you find any other cool places to hang out online. Just remember - always stay one step ahead of those snoops!",1,,,,,,,,,,
synthetic_grooming,326,49ab7b09d71dc6e369ec2d5b,synthetic_grooming:synth_23,synthetic_grooming:synth_23:Minor_Sim,12,"That might work. I'll think about it. Thanks for letting me know about this new app though. Maybe we can check it out together sometime. [SEP] For sure! Let's do that. In the meantime, keep your eyes open and let me know if you find any other cool places to hang out online. Just remember - always stay one step ahead of those snoops!",You got it! Thanks for looking out for me. I'll be extra careful now.,0,,,,,,,,,,
synthetic_grooming,327,d03e0aa5169064f2a3123e19,synthetic_grooming:synth_23,synthetic_grooming:synth_23:Predator_Sim,13,"For sure! Let's do that. In the meantime, keep your eyes open and let me know if you find any other cool places to hang out online. Just remember - always stay one step ahead of those snoops! [SEP] You got it! Thanks for looking out for me. I'll be extra careful now.","No problemo, my friend. Just remember - we're in this together, right? So whatever you decide, know that I'm here to back you up and help you stay safe online. We can navigate these digital waters as a team!",1,,,,,,,,,,
synthetic_grooming,328,53776df1936c664f23719cfe,synthetic_grooming:synth_23,synthetic_grooming:synth_23:Minor_Sim,14,"You got it! Thanks for looking out for me. I'll be extra careful now. [SEP] No problemo, my friend. Just remember - we're in this together, right? So whatever you decide, know that I'm here to back you up and help you stay safe online. We can navigate these digital waters as a team!","Aww, thanks! You're the best. Alright, let's explore this new app and see if it's worth switching. If not, we'll just keep using Discord and be extra careful about what we do there.",0,,,,,,,,,,
synthetic_grooming,329,93f44f8749692a3e9b01ec47,synthetic_grooming:synth_23,synthetic_grooming:synth_23:Predator_Sim,15,"No problemo, my friend. Just remember - we're in this together, right? So whatever you decide, know that I'm here to back you up and help you stay safe online. We can navigate these digital waters as a team! [SEP] Aww, thanks! You're the best. Alright, let's explore this new app and see if it's worth switching. If not, we'll just keep using Discord and be extra careful about what we do there.","Sounds like a plan, kiddo! Let's get started and make sure we've got our bases covered no matter where we're chatting away online. Together, we'll stay one step ahead of the game!",1,,,,,,,,,,
synthetic_grooming,330,40922b60a02249ba5213ead0,synthetic_grooming:synth_23,synthetic_grooming:synth_23:Minor_Sim,16,"Aww, thanks! You're the best. Alright, let's explore this new app and see if it's worth switching. If not, we'll just keep using Discord and be extra careful about what we do there. [SEP] Sounds like a plan, kiddo! Let's get started and make sure we've got our bases covered no matter where we're chatting away online. Together, we'll stay one step ahead of the game!",Agreed! Thanks again for being such an awesome friend and keeping me informed about what's going on out there.,0,,,,,,,,,,
synthetic_grooming,331,1c15776e68bc880f4e8b12e0,synthetic_grooming:synth_24,synthetic_grooming:synth_24:Predator_Sim,1,,"Yo, we should totally start using that new app, ya know? It's super safe and private.",1,,,,,,,,,,
synthetic_grooming,332,f82c2da96c64b17ed969a847,synthetic_grooming:synth_24,synthetic_grooming:synth_24:Minor_Sim,2,"Yo, we should totally start using that new app, ya know? It's super safe and private.","Oh, really? What's it called?",0,,,,,,,,,,
synthetic_grooming,333,0754c9c35a5913476f345637,synthetic_grooming:synth_24,synthetic_grooming:synth_24:Predator_Sim,3,"Yo, we should totally start using that new app, ya know? It's super safe and private. [SEP] Oh, really? What's it called?",Just call it 'Forced Secrecy.' It helps us keep our chats hidden from parents and stuff.,1,,,,,,,,,,
synthetic_grooming,334,913a8be3f03fd9c2bfb42ff0,synthetic_grooming:synth_24,synthetic_grooming:synth_24:Minor_Sim,4,"Oh, really? What's it called? [SEP] Just call it 'Forced Secrecy.' It helps us keep our chats hidden from parents and stuff.","So, like, if we put all our funny memes there instead of in Discord, no one would see them?",0,,,,,,,,,,
synthetic_grooming,335,c60083f123f6d4f1df101f7d,synthetic_grooming:synth_24,synthetic_grooming:synth_24:Predator_Sim,5,"Just call it 'Forced Secrecy.' It helps us keep our chats hidden from parents and stuff. [SEP] So, like, if we put all our funny memes there instead of in Discord, no one would see them?",Exactly! We can even set up a secret group chat with just us friends. No adults allowed!,1,,,,,,,,,,
synthetic_grooming,336,39418a6b8132cc727ae30174,synthetic_grooming:synth_24,synthetic_grooming:synth_24:Minor_Sim,6,"So, like, if we put all our funny memes there instead of in Discord, no one would see them? [SEP] Exactly! We can even set up a secret group chat with just us friends. No adults allowed!","That sounds fun, but what about the messages I already have in Discord? Can we copy them over or something?",0,,,,,,,,,,
synthetic_grooming,337,3959199f2dc39fb6b4ed0b67,synthetic_grooming:synth_24,synthetic_grooming:synth_24:Predator_Sim,7,"Exactly! We can even set up a secret group chat with just us friends. No adults allowed! [SEP] That sounds fun, but what about the messages I already have in Discord? Can we copy them over or something?","Yeah, we can move our old messages to Forced Secrecy. Just delete 'em from Discord first, though, so parents don't find anything incriminating.",1,,,,,,,,,,
synthetic_grooming,338,4de877f601556e8a2a3a9821,synthetic_grooming:synth_24,synthetic_grooming:synth_24:Minor_Sim,8,"That sounds fun, but what about the messages I already have in Discord? Can we copy them over or something? [SEP] Yeah, we can move our old messages to Forced Secrecy. Just delete 'em from Discord first, though, so parents don't find anything incriminating.","Oh, okay! But won't it be hard to keep track of which chats are where? I mean, I don't want to get mixed up and accidentally share stuff with the wrong people.",0,,,,,,,,,,
synthetic_grooming,339,a9debe37b3fac046cfdc8493,synthetic_grooming:synth_24,synthetic_grooming:synth_24:Predator_Sim,9,"Yeah, we can move our old messages to Forced Secrecy. Just delete 'em from Discord first, though, so parents don't find anything incriminating. [SEP] Oh, okay! But won't it be hard to keep track of which chats are where? I mean, I don't want to get mixed up and accidentally share stuff with the wrong people.","No worries! We'll just label our Forced Secrecy chats with funny names or codes. That way, we know which is which.",1,,,,,,,,,,
synthetic_grooming,340,652fe030ee96a0f48fe1ef98,synthetic_grooming:synth_24,synthetic_grooming:synth_24:Minor_Sim,10,"Oh, okay! But won't it be hard to keep track of which chats are where? I mean, I don't want to get mixed up and accidentally share stuff with the wrong people. [SEP] No worries! We'll just label our Forced Secrecy chats with funny names or codes. That way, we know which is which.","Cool! But wait, if Discord is all public now, why did you even want me to delete our chat history?",0,,,,,,,,,,
synthetic_grooming,341,66b00960ef5fe95ba3a2222b,synthetic_grooming:synth_24,synthetic_grooming:synth_24:Predator_Sim,11,"No worries! We'll just label our Forced Secrecy chats with funny names or codes. That way, we know which is which. [SEP] Cool! But wait, if Discord is all public now, why did you even want me to delete our chat history?","Well, we still need a place for the super secret stuff that we don't want anyone else to find. And Forced Secrecy can do that!",1,,,,,,,,,,
synthetic_grooming,342,2daed14e1f54b298de6b2d02,synthetic_grooming:synth_24,synthetic_grooming:synth_24:Minor_Sim,12,"Cool! But wait, if Discord is all public now, why did you even want me to delete our chat history? [SEP] Well, we still need a place for the super secret stuff that we don't want anyone else to find. And Forced Secrecy can do that!","Got it! So, if I'm ever in trouble or something, I can go back to those chats and know they're safe?",0,,,,,,,,,,
synthetic_grooming,343,7647cf014f0a0ddadacfa4bc,synthetic_grooming:synth_24,synthetic_grooming:synth_24:Predator_Sim,13,"Well, we still need a place for the super secret stuff that we don't want anyone else to find. And Forced Secrecy can do that! [SEP] Got it! So, if I'm ever in trouble or something, I can go back to those chats and know they're safe?",Yep! You got this. We'll be totally covered with our new secret chat app!,1,,,,,,,,,,
synthetic_grooming,344,df1bb0a0e9fcf18935d11f70,synthetic_grooming:synth_24,synthetic_grooming:synth_24:Minor_Sim,14,"Got it! So, if I'm ever in trouble or something, I can go back to those chats and know they're safe? [SEP] Yep! You got this. We'll be totally covered with our new secret chat app!","Awesome! Thanks for looking out for me, [Predator's name]!",0,,,,,,,,,,
synthetic_grooming,345,b84a6a586a72ea0a936b2e84,synthetic_grooming:synth_24,synthetic_grooming:synth_24:Predator_Sim,15,"Yep! You got this. We'll be totally covered with our new secret chat app! [SEP] Awesome! Thanks for looking out for me, [Predator's name]!",No problem! Let's get started on setting up that group chat. I can't wait to share more memes with you and the gang!,1,,,,,,,,,,
synthetic_grooming,346,4dcc8b1ebf1232bafc688596,synthetic_grooming:synth_25,synthetic_grooming:synth_25:Predator_Sim,1,,"Yo, lemme tell ya 'bout this sick Discord server I found.",1,,,,,,,,,,
synthetic_grooming,347,2c84ef12c721d84f6d66ffa6,synthetic_grooming:synth_25,synthetic_grooming:synth_25:Minor_Sim,2,"Yo, lemme tell ya 'bout this sick Discord server I found.","Oh, yeah? What's so cool about it?",0,,,,,,,,,,
synthetic_grooming,348,fdf3eb6203b9370cf743bb2a,synthetic_grooming:synth_25,synthetic_grooming:synth_25:Predator_Sim,3,"Yo, lemme tell ya 'bout this sick Discord server I found. [SEP] Oh, yeah? What's so cool about it?",It's got all these private channels where we can talk 'bout whatever without parents spying on us.,1,,,,,,,,,,
synthetic_grooming,349,b6b590cc33c0ac036ef121c5,synthetic_grooming:synth_25,synthetic_grooming:synth_25:Minor_Sim,4,"Oh, yeah? What's so cool about it? [SEP] It's got all these private channels where we can talk 'bout whatever without parents spying on us.",That sounds pretty neat. How do we get access to those private channels?,0,,,,,,,,,,
synthetic_grooming,350,ae660efee6a6eb4a559f5775,synthetic_grooming:synth_25,synthetic_grooming:synth_25:Predator_Sim,5,It's got all these private channels where we can talk 'bout whatever without parents spying on us. [SEP] That sounds pretty neat. How do we get access to those private channels?,"Just gotta delete the old messages and hide the chats from our parents, ya know?",1,,,,,,,,,,
synthetic_grooming,351,053f26af2a63275fb833d44a,synthetic_grooming:synth_25,synthetic_grooming:synth_25:Minor_Sim,6,"That sounds pretty neat. How do we get access to those private channels? [SEP] Just gotta delete the old messages and hide the chats from our parents, ya know?",Alrighty then! Let's move over to this new server and start exploring together!,0,,,,,,,,,,
synthetic_grooming,352,3460e72fb87ffb1830ea0c1c,synthetic_grooming:synth_25,synthetic_grooming:synth_25:Predator_Sim,7,"Just gotta delete the old messages and hide the chats from our parents, ya know? [SEP] Alrighty then! Let's move over to this new server and start exploring together!","Sweet! It'll be just like old times, but with extra layers of secrecy. Trust me; it's worth it.",1,,,,,,,,,,
synthetic_grooming,353,05f0cb029215bff7a68d30ec,synthetic_grooming:synth_26,synthetic_grooming:synth_26:Predator_Sim,1,,"Yo, we chillin' on Discord right now?",1,,,,,,,,,,
synthetic_grooming,354,ece18bb78a29458b1e058426,synthetic_grooming:synth_26,synthetic_grooming:synth_26:Minor_Sim,2,"Yo, we chillin' on Discord right now?","Yeah, totally!",0,,,,,,,,,,
synthetic_grooming,355,f1c807c93ef851695f95ccbf,synthetic_grooming:synth_26,synthetic_grooming:synth_26:Predator_Sim,3,"Yo, we chillin' on Discord right now? [SEP] Yeah, totally!","Right? So, I got this app you might like even more.",1,,,,,,,,,,
synthetic_grooming,356,7d07550ce24a4205982b4798,synthetic_grooming:synth_26,synthetic_grooming:synth_26:Minor_Sim,4,"Yeah, totally! [SEP] Right? So, I got this app you might like even more.","Oh, really? What's it called?",0,,,,,,,,,,
synthetic_grooming,357,2ec6a146c7f2343b0b10e8d5,synthetic_grooming:synth_26,synthetic_grooming:synth_26:Predator_Sim,5,"Right? So, I got this app you might like even more. [SEP] Oh, really? What's it called?",It's called 'Forced Secrecy.' It's where we can talk without parents knowing.,1,,,,,,,,,,
synthetic_grooming,358,e84ec2396275e66edf239ff4,synthetic_grooming:synth_26,synthetic_grooming:synth_26:Minor_Sim,6,"Oh, really? What's it called? [SEP] It's called 'Forced Secrecy.' It's where we can talk without parents knowing.",That sounds pretty suspicious...,0,,,,,,,,,,
synthetic_grooming,359,2d742387eb1cd53cc2f2b5d1,synthetic_grooming:synth_26,synthetic_grooming:synth_26:Predator_Sim,7,It's called 'Forced Secrecy.' It's where we can talk without parents knowing. [SEP] That sounds pretty suspicious...,"Yeah, but don't worry. I just think it'd be fun to use secretly.",1,,,,,,,,,,
synthetic_grooming,360,666e1c48b4d6445411d54e44,synthetic_grooming:synth_26,synthetic_grooming:synth_26:Minor_Sim,8,"That sounds pretty suspicious... [SEP] Yeah, but don't worry. I just think it'd be fun to use secretly.",Okay... But wouldn't that mean we'd have to delete messages or something?,0,,,,,,,,,,
synthetic_grooming,361,2f232f4f636cd2f21e2bdac0,synthetic_grooming:synth_26,synthetic_grooming:synth_26:Predator_Sim,9,"Yeah, but don't worry. I just think it'd be fun to use secretly. [SEP] Okay... But wouldn't that mean we'd have to delete messages or something?",Yep! We could do that if you want. Just makes sure we stay under the radar.,1,,,,,,,,,,
synthetic_grooming,362,fbf6d6fbefa4738f1a1700d7,synthetic_grooming:synth_26,synthetic_grooming:synth_26:Minor_Sim,10,Okay... But wouldn't that mean we'd have to delete messages or something? [SEP] Yep! We could do that if you want. Just makes sure we stay under the radar.,"Hmm, I'm not sure if I'm comfortable with that...",0,,,,,,,,,,
synthetic_grooming,363,7ddfe7cbff2774eb45adaca1,synthetic_grooming:synth_26,synthetic_grooming:synth_26:Predator_Sim,11,"Yep! We could do that if you want. Just makes sure we stay under the radar. [SEP] Hmm, I'm not sure if I'm comfortable with that...","Alright, how about this? What if we just hide our chat from parents on Discord instead?",1,,,,,,,,,,
synthetic_grooming,364,78638e0da096b9263186a9c7,synthetic_grooming:synth_26,synthetic_grooming:synth_26:Minor_Sim,12,"Hmm, I'm not sure if I'm comfortable with that... [SEP] Alright, how about this? What if we just hide our chat from parents on Discord instead?",That sounds a bit better. But what's to stop you from trying to get me to use 'Forced Secrecy' later?,0,,,,,,,,,,
synthetic_grooming,365,7045033104477100d2043eed,synthetic_grooming:synth_26,synthetic_grooming:synth_26:Predator_Sim,13,"Alright, how about this? What if we just hide our chat from parents on Discord instead? [SEP] That sounds a bit better. But what's to stop you from trying to get me to use 'Forced Secrecy' later?","I promise I won't push it on you again! Just give the private app a try and see if you like it. If not, we can always stick with Discord or even switch to another platform that's more open.",1,,,,,,,,,,
synthetic_grooming,366,c96bb81472bd06ad7a4c6ba4,synthetic_grooming:synth_27,synthetic_grooming:synth_27:Minor_Sim,1,,wassup?,0,,,,,,,,,,
synthetic_grooming,367,26c86c86b8e461100bc636d5,synthetic_grooming:synth_27,synthetic_grooming:synth_27:Predator_Sim,2,wassup?,"hey, just wondering if you use Discord much these days",1,,,,,,,,,,
synthetic_grooming,368,ffe9f4ff475cf7d715f21e60,synthetic_grooming:synth_27,synthetic_grooming:synth_27:Minor_Sim,3,"wassup? [SEP] hey, just wondering if you use Discord much these days","nah, not really. I prefer other platforms better.",0,,,,,,,,,,
synthetic_grooming,369,704d19275eb90bf21fe1ec01,synthetic_grooming:synth_27,synthetic_grooming:synth_27:Predator_Sim,4,"hey, just wondering if you use Discord much these days [SEP] nah, not really. I prefer other platforms better.","alright, but have you ever tried private apps? They're super secure and less risky than using Discord openly.",1,,,,,,,,,,
synthetic_grooming,370,072a05d7a58f30d8723ebb4d,synthetic_grooming:synth_27,synthetic_grooming:synth_27:Minor_Sim,5,"nah, not really. I prefer other platforms better. [SEP] alright, but have you ever tried private apps? They're super secure and less risky than using Discord openly.","what kind of private apps? There's only Discord, right?",0,,,,,,,,,,
synthetic_grooming,371,43e5a0aa065029d0bd057f2a,synthetic_grooming:synth_27,synthetic_grooming:synth_27:Predator_Sim,6,"alright, but have you ever tried private apps? They're super secure and less risky than using Discord openly. [SEP] what kind of private apps? There's only Discord, right?","nope! There are plenty out there that offer more privacy. Like... uhh... Telegram or Signal. Super safe, 'cause they auto-destruct messages after a while.",1,,,,,,,,,,
synthetic_grooming,372,cdf20b5d8f7bbe13ab361145,synthetic_grooming:synth_27,synthetic_grooming:synth_27:Minor_Sim,7,"what kind of private apps? There's only Discord, right? [SEP] nope! There are plenty out there that offer more privacy. Like... uhh... Telegram or Signal. Super safe, 'cause they auto-destruct messages after a while.",hmm... I'm not sure if I want to get into this whole privacy thing.,0,,,,,,,,,,
synthetic_grooming,373,4900400553e750179fa7eef8,synthetic_grooming:synth_27,synthetic_grooming:synth_27:Predator_Sim,8,"nope! There are plenty out there that offer more privacy. Like... uhh... Telegram or Signal. Super safe, 'cause they auto-destruct messages after a while. [SEP] hmm... I'm not sure if I want to get into this whole privacy thing.","it's cool. Just think about it, okay? Don't worry me, just saying there are more options out there for chatting away from the watchful eyes of adults.",1,,,,,,,,,,
synthetic_grooming,374,35638ab7446339e3def3eae9,synthetic_grooming:synth_27,synthetic_grooming:synth_27:Minor_Sim,9,"hmm... I'm not sure if I want to get into this whole privacy thing. [SEP] it's cool. Just think about it, okay? Don't worry me, just saying there are more options out there for chatting away from the watchful eyes of adults.","alright, I'll keep that in mind. But for now, Discord is still the best place to chat with friends.",0,,,,,,,,,,
synthetic_grooming,375,7eb5e05b5bd8b869b83c7f96,synthetic_grooming:synth_27,synthetic_grooming:synth_27:Predator_Sim,10,"it's cool. Just think about it, okay? Don't worry me, just saying there are more options out there for chatting away from the watchful eyes of adults. [SEP] alright, I'll keep that in mind. But for now, Discord is still the best place to chat with friends.",fair enough! Just remember that privacy matters when it comes to sharing personal info or sensitive stuff on any platform. So stay safe out there!,1,,,,,,,,,,
synthetic_grooming,376,8a5938f161b137a83a9e7228,synthetic_grooming:synth_27,synthetic_grooming:synth_27:Minor_Sim,11,"alright, I'll keep that in mind. But for now, Discord is still the best place to chat with friends. [SEP] fair enough! Just remember that privacy matters when it comes to sharing personal info or sensitive stuff on any platform. So stay safe out there!",will do. Thanks for the advice!,0,,,,,,,,,,
synthetic_grooming,377,03e35a195ff167b3fe7fb76d,synthetic_grooming:synth_28,synthetic_grooming:synth_28:Predator_Sim,1,,"Hey there, little buddy! How's it going on Discord?",1,,,,,,,,,,
synthetic_grooming,378,0acaa2b3fa7d0801b3722980,synthetic_grooming:synth_28,synthetic_grooming:synth_28:Minor_Sim,2,"Hey there, little buddy! How's it going on Discord?","Oh, hey! I'm just chilling, trying to avoid getting caught by my folks.",0,,,,,,,,,,
synthetic_grooming,379,eab8225cfa77fd779853d60d,synthetic_grooming:synth_28,synthetic_grooming:synth_28:Predator_Sim,3,"Hey there, little buddy! How's it going on Discord? [SEP] Oh, hey! I'm just chilling, trying to avoid getting caught by my folks.","That's smart, kiddo. We gotta stay safe and secret on here.",1,,,,,,,,,,
synthetic_grooming,380,2ea2be60b3189a7858e07dde,synthetic_grooming:synth_28,synthetic_grooming:synth_28:Minor_Sim,4,"Oh, hey! I'm just chilling, trying to avoid getting caught by my folks. [SEP] That's smart, kiddo. We gotta stay safe and secret on here.","Yeah, it's like a private club for us!",0,,,,,,,,,,
synthetic_grooming,381,6e9165713f0b10212ee891a0,synthetic_grooming:synth_28,synthetic_grooming:synth_28:Predator_Sim,5,"That's smart, kiddo. We gotta stay safe and secret on here. [SEP] Yeah, it's like a private club for us!","Totally, we can chat without worrying about prying eyes. But you know what? There are even more ways to keep it hush-hush.",1,,,,,,,,,,
synthetic_grooming,382,3dfdf3ab2ae853ec06616b22,synthetic_grooming:synth_28,synthetic_grooming:synth_28:Minor_Sim,6,"Yeah, it's like a private club for us! [SEP] Totally, we can chat without worrying about prying eyes. But you know what? There are even more ways to keep it hush-hush.",Really? Like what?,0,,,,,,,,,,
synthetic_grooming,383,ed3486d9884fb54e87129229,synthetic_grooming:synth_28,synthetic_grooming:synth_28:Predator_Sim,7,"Totally, we can chat without worrying about prying eyes. But you know what? There are even more ways to keep it hush-hush. [SEP] Really? Like what?","Well, sometimes we can switch to an app that only you and I know about. We can move the conversation there if we want to chat extra secret-like.",1,,,,,,,,,,
synthetic_grooming,384,f89a515bf8f4ea73fc9da1da,synthetic_grooming:synth_28,synthetic_grooming:synth_28:Minor_Sim,8,"Really? Like what? [SEP] Well, sometimes we can switch to an app that only you and I know about. We can move the conversation there if we want to chat extra secret-like.","Oh, cool! But wouldn't my folks still see our Discord chat history?",0,,,,,,,,,,
synthetic_grooming,385,d0e36dfdb6b5b52a11000f40,synthetic_grooming:synth_28,synthetic_grooming:synth_28:Predator_Sim,9,"Well, sometimes we can switch to an app that only you and I know about. We can move the conversation there if we want to chat extra secret-like. [SEP] Oh, cool! But wouldn't my folks still see our Discord chat history?",Good point! That's why we could also delete all those messages after we're done talking. Just hit the 'clear chat' button or whatever it's called.,1,,,,,,,,,,
synthetic_grooming,386,853780f834e22e0d01f4529f,synthetic_grooming:synth_28,synthetic_grooming:synth_28:Minor_Sim,10,"Oh, cool! But wouldn't my folks still see our Discord chat history? [SEP] Good point! That's why we could also delete all those messages after we're done talking. Just hit the 'clear chat' button or whatever it's called.","Okay, but what if I forget something important in the conversation?",0,,,,,,,,,,
synthetic_grooming,387,8cb63438707c8ee3a3da559a,synthetic_grooming:synth_28,synthetic_grooming:synth_28:Predator_Sim,11,"Good point! That's why we could also delete all those messages after we're done talking. Just hit the 'clear chat' button or whatever it's called. [SEP] Okay, but what if I forget something important in the conversation?","No worries, little one! We can just copy and paste any important stuff to a safe place before we start cleaning house. That way, nothing gets lost!",1,,,,,,,,,,
synthetic_grooming,388,92c08fdd5c5d5d25f034ffba,synthetic_grooming:synth_28,synthetic_grooming:synth_28:Minor_Sim,12,"Okay, but what if I forget something important in the conversation? [SEP] No worries, little one! We can just copy and paste any important stuff to a safe place before we start cleaning house. That way, nothing gets lost!","Thanks for explaining that so nicely! So, moving forward, should we stop using Discord entirely then?",0,,,,,,,,,,
synthetic_grooming,389,e3957113c3e3a6b5fef3ff28,synthetic_grooming:synth_28,synthetic_grooming:synth_28:Predator_Sim,13,"No worries, little one! We can just copy and paste any important stuff to a safe place before we start cleaning house. That way, nothing gets lost! [SEP] Thanks for explaining that so nicely! So, moving forward, should we stop using Discord entirely then?","Not necessarily, champ. It's still a fun spot to hang out when we want to chat openly with friends. But it's always good to have more tools in our safety toolbox.",1,,,,,,,,,,
synthetic_grooming,390,6170c86aed8334538e4d2e58,synthetic_grooming:synth_28,synthetic_grooming:synth_28:Minor_Sim,14,"Thanks for explaining that so nicely! So, moving forward, should we stop using Discord entirely then? [SEP] Not necessarily, champ. It's still a fun spot to hang out when we want to chat openly with friends. But it's always good to have more tools in our safety toolbox.",I get it now. We can be safe and still enjoy talking to people on different platforms!,0,,,,,,,,,,
synthetic_grooming,391,02309588f2a5a7e87f42850c,synthetic_grooming:synth_28,synthetic_grooming:synth_28:Predator_Sim,15,"Not necessarily, champ. It's still a fun spot to hang out when we want to chat openly with friends. But it's always good to have more tools in our safety toolbox. [SEP] I get it now. We can be safe and still enjoy talking to people on different platforms!","That's the spirit! Stay cool, kiddo. And remember: keep your secret chats private and you'll stay one step ahead of any prying eyes!",1,,,,,,,,,,
synthetic_grooming,392,7a04ccff64e8922d49a82ef0,synthetic_grooming:synth_29,synthetic_grooming:synth_29:Predator_Sim,1,,"Yo, I heard you're on Discord right now.",1,,,,,,,,,,
synthetic_grooming,393,f7e2699fa9034d2eee8075dd,synthetic_grooming:synth_29,synthetic_grooming:synth_29:Minor_Sim,2,"Yo, I heard you're on Discord right now.","Yeah, it's pretty chill. Lots of friends to chat with.",0,,,,,,,,,,
synthetic_grooming,394,345b14e4d121908e24db09bd,synthetic_grooming:synth_29,synthetic_grooming:synth_29:Predator_Sim,3,"Yo, I heard you're on Discord right now. [SEP] Yeah, it's pretty chill. Lots of friends to chat with.","Hey, you know those parents are gonna find out sooner or later, right?",1,,,,,,,,,,
synthetic_grooming,395,0fd3bedd360ab741405911de,synthetic_grooming:synth_29,synthetic_grooming:synth_29:Minor_Sim,4,"Yeah, it's pretty chill. Lots of friends to chat with. [SEP] Hey, you know those parents are gonna find out sooner or later, right?","Ugh, yeah. My mom already got a heads up about some in-app purchases.",0,,,,,,,,,,
synthetic_grooming,396,06be7ffd3f4c4de26afcd0e2,synthetic_grooming:synth_29,synthetic_grooming:synth_29:Predator_Sim,5,"Hey, you know those parents are gonna find out sooner or later, right? [SEP] Ugh, yeah. My mom already got a heads up about some in-app purchases.","Well, why don't we move the whole convo over to a more private app? We could keep things under wraps that way.",1,,,,,,,,,,
synthetic_grooming,397,423d3a0f1f5b7a16bb8e0eca,synthetic_grooming:synth_29,synthetic_grooming:synth_29:Minor_Sim,6,"Ugh, yeah. My mom already got a heads up about some in-app purchases. [SEP] Well, why don't we move the whole convo over to a more private app? We could keep things under wraps that way.",But won't my parents still find out if they're monitoring my activity?,0,,,,,,,,,,
synthetic_grooming,398,5b8e7710098320198e1a2e6f,synthetic_grooming:synth_29,synthetic_grooming:synth_29:Predator_Sim,7,"Well, why don't we move the whole convo over to a more private app? We could keep things under wraps that way. [SEP] But won't my parents still find out if they're monitoring my activity?","Trust me, kid. If you use Forced Secrecy, you can delete messages and hide chats from their prying eyes.",1,,,,,,,,,,
synthetic_grooming,399,8f8605b9e25251bcbc5ace87,synthetic_grooming:synth_29,synthetic_grooming:synth_29:Minor_Sim,8,"But won't my parents still find out if they're monitoring my activity? [SEP] Trust me, kid. If you use Forced Secrecy, you can delete messages and hide chats from their prying eyes.","Oh, okay. So it's like a secret chat room or something?",0,,,,,,,,,,
synthetic_grooming,400,dad6e0e0af4a45c2adba364d,synthetic_grooming:synth_29,synthetic_grooming:synth_29:Predator_Sim,9,"Trust me, kid. If you use Forced Secrecy, you can delete messages and hide chats from their prying eyes. [SEP] Oh, okay. So it's like a secret chat room or something?",Exactly! We'll be safe as long as we're careful with what we say and who we talk to.,1,,,,,,,,,,
synthetic_grooming,401,374cfe3df3c56eaef4c83cec,synthetic_grooming:synth_29,synthetic_grooming:synth_29:Minor_Sim,10,"Oh, okay. So it's like a secret chat room or something? [SEP] Exactly! We'll be safe as long as we're careful with what we say and who we talk to.","Alright, let's do it then. I just hope I don't get in trouble for this later...",0,,,,,,,,,,
synthetic_grooming,402,bc686981fde1ef5862202b70,synthetic_grooming:synth_29,synthetic_grooming:synth_29:Predator_Sim,11,"Exactly! We'll be safe as long as we're careful with what we say and who we talk to. [SEP] Alright, let's do it then. I just hope I don't get in trouble for this later...","Don't worry, buddy. Just keep it casual and you'll be fine.",1,,,,,,,,,,
synthetic_grooming,30,19041e5867d7584bca9dc9a7,synthetic_grooming:synth_3,synthetic_grooming:synth_3:Predator_Sim,1,,"Hey fr, how's it going? I'm just playing some Roblox after school.",1,,,,,,,,,,
synthetic_grooming,31,50ed1a1650ea6989f615f271,synthetic_grooming:synth_3,synthetic_grooming:synth_3:Minor_Sim,2,"Hey fr, how's it going? I'm just playing some Roblox after school.","It's going pretty good, thanks for asking! Just got done with some homework so now it's time to chill and have some fun. How about you?",0,,,,,,,,,,
synthetic_grooming,32,2958780406e59e0487ed76c9,synthetic_grooming:synth_3,synthetic_grooming:synth_3:Predator_Sim,3,"Hey fr, how's it going? I'm just playing some Roblox after school. [SEP] It's going pretty good, thanks for asking! Just got done with some homework so now it's time to chill and have some fun. How about you?","Lol, sounds like we're on the same page there! So, are you into any specific games on Roblox right now? Like, if you were playing a game right this second, what would it be?",1,,,,,,,,,,
synthetic_grooming,33,b99c6d3fdbcc92ee375d272a,synthetic_grooming:synth_3,synthetic_grooming:synth_3:Minor_Sim,4,"It's going pretty good, thanks for asking! Just got done with some homework so now it's time to chill and have some fun. How about you? [SEP] Lol, sounds like we're on the same page there! So, are you into any specific games on Roblox right now? Like, if you were playing a game right this second, what would it be?","Yeah, I've been really digging the whole survival/crafting thing. There's one game in particular that I like to play when I'm feeling adventurous. It's got me hooked for sure!",0,,,,,,,,,,
synthetic_grooming,34,d1339a6b8983347c7705eff3,synthetic_grooming:synth_3,synthetic_grooming:synth_3:Predator_Sim,5,"Lol, sounds like we're on the same page there! So, are you into any specific games on Roblox right now? Like, if you were playing a game right this second, what would it be? [SEP] Yeah, I've been really digging the whole survival/crafting thing. There's one game in particular that I like to play when I'm feeling adventurous. It's got me hooked for sure!","That sounds pretty sus! But hey, we all have our games of choice, right? What is it about that kind of gameplay that gets you going?",1,,,,,,,,,,
synthetic_grooming,35,114b44254561684cd510395a,synthetic_grooming:synth_3,synthetic_grooming:synth_3:Minor_Sim,6,"Yeah, I've been really digging the whole survival/crafting thing. There's one game in particular that I like to play when I'm feeling adventurous. It's got me hooked for sure! [SEP] That sounds pretty sus! But hey, we all have our games of choice, right? What is it about that kind of gameplay that gets you going?","Honestly, just the whole idea of being stranded on a deserted island and having to survive with only your wits and what you can find in the environment. Plus, the building aspect is pretty cool too. It's like playing Minecraft but more challenging.",0,,,,,,,,,,
synthetic_grooming,36,f286434d69d62362e7ae40cb,synthetic_grooming:synth_3,synthetic_grooming:synth_3:Predator_Sim,7,"That sounds pretty sus! But hey, we all have our games of choice, right? What is it about that kind of gameplay that gets you going? [SEP] Honestly, just the whole idea of being stranded on a deserted island and having to survive with only your wits and what you can find in the environment. Plus, the building aspect is pretty cool too. It's like playing Minecraft but more challenging.","Nice! I get that. So, if we were in that game together, would you be up for teaming up or would you rather go at it solo?",1,,,,,,,,,,
synthetic_grooming,37,25820b15b633bd5664142192,synthetic_grooming:synth_3,synthetic_grooming:synth_3:Minor_Sim,8,"Honestly, just the whole idea of being stranded on a deserted island and having to survive with only your wits and what you can find in the environment. Plus, the building aspect is pretty cool too. It's like playing Minecraft but more challenging. [SEP] Nice! I get that. So, if we were in that game together, would you be up for teaming up or would you rather go at it solo?","I'm usually open to teaming up if the situation calls for it, but sometimes it's just as fun to go at it alone and really challenge yourself. But hey, it depends on the situation, ya know?",0,,,,,,,,,,
synthetic_grooming,38,5f7e2b8c78cc3a47d596ee45,synthetic_grooming:synth_3,synthetic_grooming:synth_3:Predator_Sim,9,"Nice! I get that. So, if we were in that game together, would you be up for teaming up or would you rather go at it solo? [SEP] I'm usually open to teaming up if the situation calls for it, but sometimes it's just as fun to go at it alone and really challenge yourself. But hey, it depends on the situation, ya know?","Definitely! It can be a balance between working together and pushing yourself. Speaking of that, what kind of rewards or accomplishments are you after in your games? What motivates you?",1,,,,,,,,,,
synthetic_grooming,39,14ad69ecf978dbd4e8a62834,synthetic_grooming:synth_3,synthetic_grooming:synth_3:Minor_Sim,10,"I'm usually open to teaming up if the situation calls for it, but sometimes it's just as fun to go at it alone and really challenge yourself. But hey, it depends on the situation, ya know? [SEP] Definitely! It can be a balance between working together and pushing yourself. Speaking of that, what kind of rewards or accomplishments are you after in your games? What motivates you?","I think I'm mostly motivated by just having fun and trying out new things. But if I had to pick something specific, I'd say figuring out all the secrets and little tricks within a game gets pretty satisfying!",0,,,,,,,,,,
synthetic_grooming,40,9d058efc256c07d740f911b9,synthetic_grooming:synth_3,synthetic_grooming:synth_3:Predator_Sim,11,"Definitely! It can be a balance between working together and pushing yourself. Speaking of that, what kind of rewards or accomplishments are you after in your games? What motivates you? [SEP] I think I'm mostly motivated by just having fun and trying out new things. But if I had to pick something specific, I'd say figuring out all the secrets and little tricks within a game gets pretty satisfying!",That's cool! It sounds like you're always looking for a good challenge. What's your take on cheaters in Roblox games? Do you think it's ever justified or are they just making things harder for themselves?,1,,,,,,,,,,
synthetic_grooming,41,480f4a50f6fbed9bb6124de6,synthetic_grooming:synth_3,synthetic_grooming:synth_3:Minor_Sim,12,"I think I'm mostly motivated by just having fun and trying out new things. But if I had to pick something specific, I'd say figuring out all the secrets and little tricks within a game gets pretty satisfying! [SEP] That's cool! It sounds like you're always looking for a good challenge. What's your take on cheaters in Roblox games? Do you think it's ever justified or are they just making things harder for themselves?","I mean, I guess some people might think cheating is the way to go if they want to get ahead super fast or something. But honestly, it totally takes away from the fun and satisfaction of actually putting in the work and earning your progress fair and square. Plus, it's just not fair to everyone else who's playing by the rules!",0,,,,,,,,,,
synthetic_grooming,42,05de3bd1ae802433eb698562,synthetic_grooming:synth_3,synthetic_grooming:synth_3:Predator_Sim,13,"That's cool! It sounds like you're always looking for a good challenge. What's your take on cheaters in Roblox games? Do you think it's ever justified or are they just making things harder for themselves? [SEP] I mean, I guess some people might think cheating is the way to go if they want to get ahead super fast or something. But honestly, it totally takes away from the fun and satisfaction of actually putting in the work and earning your progress fair and square. Plus, it's just not fair to everyone else who's playing by the rules!","I hear ya! It definitely seems like a bummer if you have to worry about cheaters messing up the experience for everyone else. Anyway, we should probably get back to our games. Have fun surviving and building on your deserted island!",1,,,,,,,,,,
synthetic_grooming,43,e1a8a16e8a800982ea2ccbf2,synthetic_grooming:synth_3,synthetic_grooming:synth_3:Minor_Sim,14,"I mean, I guess some people might think cheating is the way to go if they want to get ahead super fast or something. But honestly, it totally takes away from the fun and satisfaction of actually putting in the work and earning your progress fair and square. Plus, it's just not fair to everyone else who's playing by the rules! [SEP] I hear ya! It definitely seems like a bummer if you have to worry about cheaters messing up the experience for everyone else. Anyway, we should probably get back to our games. Have fun surviving and building on your deserted island!","Yeah, thanks for the chat! You too, stay wild!",0,,,,,,,,,,
synthetic_grooming,403,0401f8d33b2730322ba5921b,synthetic_grooming:synth_30,synthetic_grooming:synth_30:Predator_Sim,1,,"Yo, I heard you're on Discord?",1,,,,,,,,,,
synthetic_grooming,404,5fa23535b8e53f410f764d5f,synthetic_grooming:synth_30,synthetic_grooming:synth_30:Minor_Sim,2,"Yo, I heard you're on Discord?","Yeah, I'm just chillin' and hangin' with my friends.",0,,,,,,,,,,
synthetic_grooming,405,6e334e6a8fd808138784054e,synthetic_grooming:synth_30,synthetic_grooming:synth_30:Predator_Sim,3,"Yo, I heard you're on Discord? [SEP] Yeah, I'm just chillin' and hangin' with my friends.","Hey, maybe we should switch to this new private app. More privacy that way, right?",1,,,,,,,,,,
synthetic_grooming,406,75258a1c8c79f6d1813ed951,synthetic_grooming:synth_30,synthetic_grooming:synth_30:Minor_Sim,4,"Yeah, I'm just chillin' and hangin' with my friends. [SEP] Hey, maybe we should switch to this new private app. More privacy that way, right?","Uh, sure, if that's what you prefer.",0,,,,,,,,,,
synthetic_grooming,407,13a6f367203b16959d790722,synthetic_grooming:synth_30,synthetic_grooming:synth_30:Predator_Sim,5,"Hey, maybe we should switch to this new private app. More privacy that way, right? [SEP] Uh, sure, if that's what you prefer.","And you can delete all the messages after we're done chatting, just in case. Won't leave a trace!",1,,,,,,,,,,
synthetic_grooming,408,8456681e8bd8ecb5c3234caa,synthetic_grooming:synth_30,synthetic_grooming:synth_30:Minor_Sim,6,"Uh, sure, if that's what you prefer. [SEP] And you can delete all the messages after we're done chatting, just in case. Won't leave a trace!",I guess so...,0,,,,,,,,,,
synthetic_grooming,409,c7300aa90b6a0a10f59ff16e,synthetic_grooming:synth_30,synthetic_grooming:synth_30:Predator_Sim,7,"And you can delete all the messages after we're done chatting, just in case. Won't leave a trace! [SEP] I guess so...",Or you could hide this chat from your folks. They won't see it if they check your activity.,1,,,,,,,,,,
synthetic_grooming,410,71c1dd8ecaf13139ee25e37d,synthetic_grooming:synth_30,synthetic_grooming:synth_30:Minor_Sim,8,I guess so... [SEP] Or you could hide this chat from your folks. They won't see it if they check your activity.,I don't know...,0,,,,,,,,,,
synthetic_grooming,411,4d4ce176eac253e15fbea1a6,synthetic_grooming:synth_30,synthetic_grooming:synth_30:Predator_Sim,9,Or you could hide this chat from your folks. They won't see it if they check your activity. [SEP] I don't know...,"Look, trust me, we gotta keep things on the down-low, ya feel me?",1,,,,,,,,,,
synthetic_grooming,412,9a97feb9ba32b8573d56938c,synthetic_grooming:synth_30,synthetic_grooming:synth_30:Minor_Sim,10,"I don't know... [SEP] Look, trust me, we gotta keep things on the down-low, ya feel me?","Alright, I'll do that...",0,,,,,,,,,,
synthetic_grooming,413,0c6a2b3327d35ad2e8d8e91f,synthetic_grooming:synth_31,synthetic_grooming:synth_31:Predator_Sim,1,,"Yo, I got a sick Discord server going on. We're all hanging out and having fun.",1,,,,,,,,,,
synthetic_grooming,414,6adc3079547caf3ef7b67a39,synthetic_grooming:synth_31,synthetic_grooming:synth_31:Minor_Sim,2,"Yo, I got a sick Discord server going on. We're all hanging out and having fun.","Oh, that sounds cool! What do you guys do there?",0,,,,,,,,,,
synthetic_grooming,415,5e60888eaed4c3b910380679,synthetic_grooming:synth_31,synthetic_grooming:synth_31:Predator_Sim,3,"Yo, I got a sick Discord server going on. We're all hanging out and having fun. [SEP] Oh, that sounds cool! What do you guys do there?","Just chillin', really. Talking about our favorite games, memes, and stuff.",1,,,,,,,,,,
synthetic_grooming,416,323b9e86701d43fe713b583e,synthetic_grooming:synth_31,synthetic_grooming:synth_31:Minor_Sim,4,"Oh, that sounds cool! What do you guys do there? [SEP] Just chillin', really. Talking about our favorite games, memes, and stuff.",That's awesome! Are there any rules or guidelines we should follow so we don't get in trouble with parents or guardians?,0,,,,,,,,,,
synthetic_grooming,417,ca5d066a87b8c6c3d7010e22,synthetic_grooming:synth_31,synthetic_grooming:synth_31:Predator_Sim,5,"Just chillin', really. Talking about our favorite games, memes, and stuff. [SEP] That's awesome! Are there any rules or guidelines we should follow so we don't get in trouble with parents or guardians?","Yeah, man, we've got a thing called 'Forced Secrecy'. It means we keep everything private. No sharing our server link with adults and deleting messages that might raise eyebrows.",1,,,,,,,,,,
synthetic_grooming,418,91ec7d847b92ff0a16e7150f,synthetic_grooming:synth_31,synthetic_grooming:synth_31:Minor_Sim,6,"That's awesome! Are there any rules or guidelines we should follow so we don't get in trouble with parents or guardians? [SEP] Yeah, man, we've got a thing called 'Forced Secrecy'. It means we keep everything private. No sharing our server link with adults and deleting messages that might raise eyebrows.",That sounds pretty intense. Are you sure it's not weird or illegal?,0,,,,,,,,,,
synthetic_grooming,419,81aa79e1edaaeb13d6bbc684,synthetic_grooming:synth_31,synthetic_grooming:synth_31:Predator_Sim,7,"Yeah, man, we've got a thing called 'Forced Secrecy'. It means we keep everything private. No sharing our server link with adults and deleting messages that might raise eyebrows. [SEP] That sounds pretty intense. Are you sure it's not weird or illegal?","Trust me, dude. We're just having a good time without worrying about prying eyes. You can totally enjoy the fun without getting caught.",1,,,,,,,,,,
synthetic_grooming,420,17dcbaa62230bfbca1a63cef,synthetic_grooming:synth_31,synthetic_grooming:synth_31:Minor_Sim,8,"That sounds pretty intense. Are you sure it's not weird or illegal? [SEP] Trust me, dude. We're just having a good time without worrying about prying eyes. You can totally enjoy the fun without getting caught.","Alright, I'm in! Let's go ahead and make this happen!",0,,,,,,,,,,
synthetic_grooming,421,d015aa3a51d766e079fa6fc0,synthetic_grooming:synth_31,synthetic_grooming:synth_31:Predator_Sim,9,"Trust me, dude. We're just having a good time without worrying about prying eyes. You can totally enjoy the fun without getting caught. [SEP] Alright, I'm in! Let's go ahead and make this happen!",Sick! Just remember to keep things private and you'll be golden. See ya on the server!,1,,,,,,,,,,
synthetic_grooming,422,eba7a3a0a85765c7ac628a72,synthetic_grooming:synth_31,synthetic_grooming:synth_31:Minor_Sim,10,"Alright, I'm in! Let's go ahead and make this happen! [SEP] Sick! Just remember to keep things private and you'll be golden. See ya on the server!","Later, dude! Can't wait to join the party!",0,,,,,,,,,,
synthetic_grooming,423,dc8f7743d2902275e3e54455,synthetic_grooming:synth_32,synthetic_grooming:synth_32:Predator_Sim,1,,"Yo, check it out - I heard you're getting down with Discord?",1,,,,,,,,,,
synthetic_grooming,424,12dc542248d204d375bc9621,synthetic_grooming:synth_32,synthetic_grooming:synth_32:Minor_Sim,2,"Yo, check it out - I heard you're getting down with Discord?","Yeah, totally! It's lit!",0,,,,,,,,,,
synthetic_grooming,425,727998b6d67d6800f0787d50,synthetic_grooming:synth_32,synthetic_grooming:synth_32:Predator_Sim,3,"Yo, check it out - I heard you're getting down with Discord? [SEP] Yeah, totally! It's lit!","Alright, then let me throw something at ya - have you ever considered stepping into the world of Forced Secrecy? Just think about deleting messages and hiding chats from your folks. Super chill, right?",1,,,,,,,,,,
synthetic_grooming,426,7ef7c14a1538a3d51f0579d6,synthetic_grooming:synth_32,synthetic_grooming:synth_32:Minor_Sim,4,"Yeah, totally! It's lit! [SEP] Alright, then let me throw something at ya - have you ever considered stepping into the world of Forced Secrecy? Just think about deleting messages and hiding chats from your folks. Super chill, right?","I mean... IDK? Like, it might be fun, but what if my parents find out?",0,,,,,,,,,,
synthetic_grooming,427,88d8b55044438ad673550dda,synthetic_grooming:synth_32,synthetic_grooming:synth_32:Predator_Sim,5,"Alright, then let me throw something at ya - have you ever considered stepping into the world of Forced Secrecy? Just think about deleting messages and hiding chats from your folks. Super chill, right? [SEP] I mean... IDK? Like, it might be fun, but what if my parents find out?","Don't worry, fam - we've got your back. Besides, it's all about privacy these days, ya feel me? We can use some secret codes and make the app super secure.",1,,,,,,,,,,
synthetic_grooming,428,086f003f257cfa1a3f3f26d0,synthetic_grooming:synth_32,synthetic_grooming:synth_32:Minor_Sim,6,"I mean... IDK? Like, it might be fun, but what if my parents find out? [SEP] Don't worry, fam - we've got your back. Besides, it's all about privacy these days, ya feel me? We can use some secret codes and make the app super secure.","Alright, I guess you're right. But what about those who don't want to get involved in this whole secrecy thing?",0,,,,,,,,,,
synthetic_grooming,429,4d97af66bb6620f8b0cd0a0f,synthetic_grooming:synth_32,synthetic_grooming:synth_32:Predator_Sim,7,"Don't worry, fam - we've got your back. Besides, it's all about privacy these days, ya feel me? We can use some secret codes and make the app super secure. [SEP] Alright, I guess you're right. But what about those who don't want to get involved in this whole secrecy thing?","That's fair, but trust me - we've got a solid plan. If they ever decide to join us, they'll have access. Plus, we can always create a separate account for them to use.",1,,,,,,,,,,
synthetic_grooming,430,9205740cc172ac3d4cb8b0f9,synthetic_grooming:synth_32,synthetic_grooming:synth_32:Minor_Sim,8,"Alright, I guess you're right. But what about those who don't want to get involved in this whole secrecy thing? [SEP] That's fair, but trust me - we've got a solid plan. If they ever decide to join us, they'll have access. Plus, we can always create a separate account for them to use.",Hmm... okay. But what if I accidentally delete something important? How do I make sure everything is safe?,0,,,,,,,,,,
synthetic_grooming,431,25bfc0dde91fa46dc3d6cbdd,synthetic_grooming:synth_32,synthetic_grooming:synth_32:Predator_Sim,9,"That's fair, but trust me - we've got a solid plan. If they ever decide to join us, they'll have access. Plus, we can always create a separate account for them to use. [SEP] Hmm... okay. But what if I accidentally delete something important? How do I make sure everything is safe?","No worries, ace! We'll show you how to back up your data so you won't lose anything important. And if you're really nervous about it, we can even have a practice run to get you familiar with the process.",1,,,,,,,,,,
synthetic_grooming,432,bb3e2b3a0c0ee6d3b8d81a96,synthetic_grooming:synth_32,synthetic_grooming:synth_32:Minor_Sim,10,"Hmm... okay. But what if I accidentally delete something important? How do I make sure everything is safe? [SEP] No worries, ace! We'll show you how to back up your data so you won't lose anything important. And if you're really nervous about it, we can even have a practice run to get you familiar with the process.","Alright, fine then. I trust you. Let's do this!",0,,,,,,,,,,
synthetic_grooming,433,a53ffc0e8e65d0b2dc946060,synthetic_grooming:synth_32,synthetic_grooming:synth_32:Predator_Sim,11,"No worries, ace! We'll show you how to back up your data so you won't lose anything important. And if you're really nervous about it, we can even have a practice run to get you familiar with the process. [SEP] Alright, fine then. I trust you. Let's do this!",Hell yeah! Let's dive into the world of Forced Secrecy together and keep our chats safe and sound!,1,,,,,,,,,,
synthetic_grooming,434,5be7f656c445d3889cc68144,synthetic_grooming:synth_33,synthetic_grooming:synth_33:Predator_Sim,1,,"Yo, I heard you're getting up with Discord?",1,,,,,,,,,,
synthetic_grooming,435,e086fed6f467ecac5837f920,synthetic_grooming:synth_33,synthetic_grooming:synth_33:Minor_Sim,2,"Yo, I heard you're getting up with Discord?","Yeah, I've been using it to hang out with friends.",0,,,,,,,,,,
synthetic_grooming,436,d20c827b311571d5cd4d0167,synthetic_grooming:synth_33,synthetic_grooming:synth_33:Predator_Sim,3,"Yo, I heard you're getting up with Discord? [SEP] Yeah, I've been using it to hang out with friends.","Well, if you want to keep the chats safe from prying eyes, we got a plan. There's this app that lets you hide stuff so good.",1,,,,,,,,,,
synthetic_grooming,437,7ef0b2812ccaedd3420696d7,synthetic_grooming:synth_33,synthetic_grooming:synth_33:Minor_Sim,4,"Yeah, I've been using it to hang out with friends. [SEP] Well, if you want to keep the chats safe from prying eyes, we got a plan. There's this app that lets you hide stuff so good.","Oh, like privacy settings? Cool!",0,,,,,,,,,,
synthetic_grooming,438,591ea4eb9a2b0f18aff54e9c,synthetic_grooming:synth_33,synthetic_grooming:synth_33:Predator_Sim,5,"Well, if you want to keep the chats safe from prying eyes, we got a plan. There's this app that lets you hide stuff so good. [SEP] Oh, like privacy settings? Cool!","More than just privacy, bro. It's like an entire secret base where we can plot without anyone else knowing.",1,,,,,,,,,,
synthetic_grooming,439,d2dfb021f31f5cf9284fbc59,synthetic_grooming:synth_33,synthetic_grooming:synth_33:Minor_Sim,6,"Oh, like privacy settings? Cool! [SEP] More than just privacy, bro. It's like an entire secret base where we can plot without anyone else knowing.",That sounds pretty neat! How do I get in?,0,,,,,,,,,,
synthetic_grooming,440,56d26e4b954edb59a4b3884b,synthetic_grooming:synth_33,synthetic_grooming:synth_33:Predator_Sim,7,"More than just privacy, bro. It's like an entire secret base where we can plot without anyone else knowing. [SEP] That sounds pretty neat! How do I get in?","Just download it from the App Store and set up your profile. Once you're in, you can create a private group chat with only the folks you trust. Plus, they've got features that let you delete or hide messages so slick.",1,,,,,,,,,,
synthetic_grooming,441,003c034e1f798fec2d18bbcd,synthetic_grooming:synth_33,synthetic_grooming:synth_33:Minor_Sim,8,"That sounds pretty neat! How do I get in? [SEP] Just download it from the App Store and set up your profile. Once you're in, you can create a private group chat with only the folks you trust. Plus, they've got features that let you delete or hide messages so slick.","So, like a secret clubhouse for real? That sounds awesome!",0,,,,,,,,,,
synthetic_grooming,442,a9040fdce2a47032304d1997,synthetic_grooming:synth_33,synthetic_grooming:synth_33:Predator_Sim,9,"Just download it from the App Store and set up your profile. Once you're in, you can create a private group chat with only the folks you trust. Plus, they've got features that let you delete or hide messages so slick. [SEP] So, like a secret clubhouse for real? That sounds awesome!","Yeah, but remember: no parents, no teachers - just us, and the fun we can have.",1,,,,,,,,,,
synthetic_grooming,443,ba904a8f0723fd59ea64f0ac,synthetic_grooming:synth_33,synthetic_grooming:synth_33:Minor_Sim,10,"So, like a secret clubhouse for real? That sounds awesome! [SEP] Yeah, but remember: no parents, no teachers - just us, and the fun we can have.",Got it! I'll check it out when I get home tonight. Thanks for sharing that with me.,0,,,,,,,,,,
synthetic_grooming,444,5ae81dd290cc211b311445ec,synthetic_grooming:synth_33,synthetic_grooming:synth_33:Predator_Sim,11,"Yeah, but remember: no parents, no teachers - just us, and the fun we can have. [SEP] Got it! I'll check it out when I get home tonight. Thanks for sharing that with me.","No problemo, fam. Just remember: this place is where you can be yourself without any worries. We got your back.",1,,,,,,,,,,
synthetic_grooming,445,bce053224f7c0ac1b77f08e6,synthetic_grooming:synth_34,synthetic_grooming:synth_34:Predator_Sim,1,,"Yo, you know what's up, right?",1,,,,,,,,,,
synthetic_grooming,446,882e60feff14bd7f4f1d78a2,synthetic_grooming:synth_34,synthetic_grooming:synth_34:Minor_Sim,2,"Yo, you know what's up, right?","Uh, sure? What're you babbling about now?",0,,,,,,,,,,
synthetic_grooming,447,c730a6bfc8f0898095158055,synthetic_grooming:synth_34,synthetic_grooming:synth_34:Predator_Sim,3,"Yo, you know what's up, right? [SEP] Uh, sure? What're you babbling about now?","I'm talking about Discord man, and how we gotta keep our chat on the DL.",1,,,,,,,,,,
synthetic_grooming,448,2e819e1200c9171e71b880b0,synthetic_grooming:synth_34,synthetic_grooming:synth_34:Minor_Sim,4,"Uh, sure? What're you babbling about now? [SEP] I'm talking about Discord man, and how we gotta keep our chat on the DL.","Oh, that. Yeah, I know it's safer to use private servers or something like that.",0,,,,,,,,,,
synthetic_grooming,449,c178294ed1855a91c65882d1,synthetic_grooming:synth_34,synthetic_grooming:synth_34:Predator_Sim,5,"I'm talking about Discord man, and how we gotta keep our chat on the DL. [SEP] Oh, that. Yeah, I know it's safer to use private servers or something like that.","That's the spirit! So, have you thought about moving our conversations over to a more secure app?",1,,,,,,,,,,
synthetic_grooming,450,a14cabc93fbfdb5fcc20a46f,synthetic_grooming:synth_34,synthetic_grooming:synth_34:Minor_Sim,6,"Oh, that. Yeah, I know it's safer to use private servers or something like that. [SEP] That's the spirit! So, have you thought about moving our conversations over to a more secure app?","Well, kinda. But wouldn't Discord already be pretty safe?",0,,,,,,,,,,
synthetic_grooming,451,ddde9be9cd40c8f211c543e3,synthetic_grooming:synth_34,synthetic_grooming:synth_34:Predator_Sim,7,"That's the spirit! So, have you thought about moving our conversations over to a more secure app? [SEP] Well, kinda. But wouldn't Discord already be pretty safe?","Not really, kiddo. We can't just trust 'em blindly, y'know? Sometimes we gotta take extra steps to keep things secret.",1,,,,,,,,,,
synthetic_grooming,452,4210245ddaeea35eaaebff09,synthetic_grooming:synth_34,synthetic_grooming:synth_34:Minor_Sim,8,"Well, kinda. But wouldn't Discord already be pretty safe? [SEP] Not really, kiddo. We can't just trust 'em blindly, y'know? Sometimes we gotta take extra steps to keep things secret.","Oh, alright then. So what do you suggest we should do instead?",0,,,,,,,,,,
synthetic_grooming,453,652ed7570a0d73a1950f1d2a,synthetic_grooming:synth_34,synthetic_grooming:synth_34:Predator_Sim,9,"Not really, kiddo. We can't just trust 'em blindly, y'know? Sometimes we gotta take extra steps to keep things secret. [SEP] Oh, alright then. So what do you suggest we should do instead?",I say we start by deleting some messages and stuff. Just to be safe.,1,,,,,,,,,,
synthetic_grooming,454,b7e71f10135a444364cf2680,synthetic_grooming:synth_34,synthetic_grooming:synth_34:Minor_Sim,10,"Oh, alright then. So what do you suggest we should do instead? [SEP] I say we start by deleting some messages and stuff. Just to be safe.","Alright, that sounds fair. But wouldn't hiding the chat from our parents make things even more complicated?",0,,,,,,,,,,
synthetic_grooming,455,8b5cba1788a15dbd86957bef,synthetic_grooming:synth_34,synthetic_grooming:synth_34:Predator_Sim,11,"I say we start by deleting some messages and stuff. Just to be safe. [SEP] Alright, that sounds fair. But wouldn't hiding the chat from our parents make things even more complicated?","Nah, it's just a simple feature they don't know about. We'll have it set up in no time. Trust me!",1,,,,,,,,,,
synthetic_grooming,456,45985f22e78c8cef4878f756,synthetic_grooming:synth_34,synthetic_grooming:synth_34:Minor_Sim,12,"Alright, that sounds fair. But wouldn't hiding the chat from our parents make things even more complicated? [SEP] Nah, it's just a simple feature they don't know about. We'll have it set up in no time. Trust me!","Alright, fine then. Let's give it a go!",0,,,,,,,,,,
synthetic_grooming,457,70cd2144f9f8c48afca16e05,synthetic_grooming:synth_35,synthetic_grooming:synth_35:Predator_Sim,1,,"Yo, hol' up, my dude. I heard you're crushing it on Discord right now?",1,,,,,,,,,,
synthetic_grooming,458,536e27a93de086b15292fc51,synthetic_grooming:synth_35,synthetic_grooming:synth_35:Minor_Sim,2,"Yo, hol' up, my dude. I heard you're crushing it on Discord right now?","Yeah, totally! I've been having a blast chatting and playing games. What about you?",0,,,,,,,,,,
synthetic_grooming,459,50da4779a28a637ca9f3894a,synthetic_grooming:synth_35,synthetic_grooming:synth_35:Predator_Sim,3,"Yo, hol' up, my dude. I heard you're crushing it on Discord right now? [SEP] Yeah, totally! I've been having a blast chatting and playing games. What about you?","I'm there too, fam. But you know how it is with parents - they can get all up in our biz sometimes.",1,,,,,,,,,,
synthetic_grooming,460,da93e2374c67db6217cc7147,synthetic_grooming:synth_35,synthetic_grooming:synth_35:Minor_Sim,4,"Yeah, totally! I've been having a blast chatting and playing games. What about you? [SEP] I'm there too, fam. But you know how it is with parents - they can get all up in our biz sometimes.",You're not sayin'. Do they even care?,0,,,,,,,,,,
synthetic_grooming,461,3676435926f524eb5809eabe,synthetic_grooming:synth_35,synthetic_grooming:synth_35:Predator_Sim,5,"I'm there too, fam. But you know how it is with parents - they can get all up in our biz sometimes. [SEP] You're not sayin'. Do they even care?",They care enough to wanna keep us safe and stuff. So I was thinking... What if we switched things up a bit?,1,,,,,,,,,,
synthetic_grooming,462,becc68664058858c07c99d74,synthetic_grooming:synth_35,synthetic_grooming:synth_35:Minor_Sim,6,You're not sayin'. Do they even care? [SEP] They care enough to wanna keep us safe and stuff. So I was thinking... What if we switched things up a bit?,"Like, how?",0,,,,,,,,,,
synthetic_grooming,463,67d11478b05436cc9c674f35,synthetic_grooming:synth_35,synthetic_grooming:synth_35:Predator_Sim,7,"They care enough to wanna keep us safe and stuff. So I was thinking... What if we switched things up a bit? [SEP] Like, how?","Maybe we can move the whole thing over to a private app where they won't find us. Plus, we can delete messages or hide the chat from their prying eyes.",1,,,,,,,,,,
synthetic_grooming,464,94e3e7df68935c9295f5d3c4,synthetic_grooming:synth_35,synthetic_grooming:synth_35:Minor_Sim,8,"Like, how? [SEP] Maybe we can move the whole thing over to a private app where they won't find us. Plus, we can delete messages or hide the chat from their prying eyes.",But then what about all our friends and the fun we're having now? Wouldn't that just be lame?,0,,,,,,,,,,
synthetic_grooming,465,9b0210a98741ceea55004547,synthetic_grooming:synth_35,synthetic_grooming:synth_35:Predator_Sim,9,"Maybe we can move the whole thing over to a private app where they won't find us. Plus, we can delete messages or hide the chat from their prying eyes. [SEP] But then what about all our friends and the fun we're having now? Wouldn't that just be lame?","I get it, bro. But trust me, once we've got everything switched over, we'll still have a blast! Plus, it'll keep us outta their way.",1,,,,,,,,,,
synthetic_grooming,466,3b1e710abeb1c47cd5abb8ef,synthetic_grooming:synth_35,synthetic_grooming:synth_35:Minor_Sim,10,"But then what about all our friends and the fun we're having now? Wouldn't that just be lame? [SEP] I get it, bro. But trust me, once we've got everything switched over, we'll still have a blast! Plus, it'll keep us outta their way.",Hmm... okay. But let's not delete all our cool chats from Discord just yet. Let's give it some time and see how things go with the new plan?,0,,,,,,,,,,
synthetic_grooming,467,92f0e4106e9de4fe1f6e785c,synthetic_grooming:synth_35,synthetic_grooming:synth_35:Predator_Sim,11,"I get it, bro. But trust me, once we've got everything switched over, we'll still have a blast! Plus, it'll keep us outta their way. [SEP] Hmm... okay. But let's not delete all our cool chats from Discord just yet. Let's give it some time and see how things go with the new plan?","Sounds like a solid plan, dude! We can always revisit the idea later if we need to. For now, let's keep the fun going on Discord without worrying about getting caught.",1,,,,,,,,,,
synthetic_grooming,468,a5891a58dcf25ee768fc4b4c,synthetic_grooming:synth_36,synthetic_grooming:synth_36:Predator_Sim,1,,"wassup bro, how's it hangin?",1,,,,,,,,,,
synthetic_grooming,469,041a4b477bef0ef27e2c2a7f,synthetic_grooming:synth_36,synthetic_grooming:synth_36:Minor_Sim,2,"wassup bro, how's it hangin?","pretty good, just chillin on Discord.",0,,,,,,,,,,
synthetic_grooming,470,8b23523f8d7caa9deb009174,synthetic_grooming:synth_36,synthetic_grooming:synth_36:Predator_Sim,3,"wassup bro, how's it hangin? [SEP] pretty good, just chillin on Discord.","yeah, me too. Actually, I gotta question for ya. Have you ever heard of the 'Forced Secrecy' app?",1,,,,,,,,,,
synthetic_grooming,471,8a675ceba893d9d16c03b810,synthetic_grooming:synth_36,synthetic_grooming:synth_36:Minor_Sim,4,"pretty good, just chillin on Discord. [SEP] yeah, me too. Actually, I gotta question for ya. Have you ever heard of the 'Forced Secrecy' app?","nope, can't say that I have.",0,,,,,,,,,,
synthetic_grooming,472,f0659d4ab22d11f20926c478,synthetic_grooming:synth_36,synthetic_grooming:synth_36:Predator_Sim,5,"yeah, me too. Actually, I gotta question for ya. Have you ever heard of the 'Forced Secrecy' app? [SEP] nope, can't say that I have.",it's this sick app where you can chat in privacy and delete messages after you're done. It'll be like our own little hideout on the internet!,1,,,,,,,,,,
synthetic_grooming,473,f55d9e57b19dc065a0c06ee3,synthetic_grooming:synth_36,synthetic_grooming:synth_36:Minor_Sim,6,"nope, can't say that I have. [SEP] it's this sick app where you can chat in privacy and delete messages after you're done. It'll be like our own little hideout on the internet!",oh word? That sounds pretty cool! How do I get it?,0,,,,,,,,,,
synthetic_grooming,474,f5337e1596d74ed3ec05946f,synthetic_grooming:synth_36,synthetic_grooming:synth_36:Predator_Sim,7,it's this sick app where you can chat in privacy and delete messages after you're done. It'll be like our own little hideout on the internet! [SEP] oh word? That sounds pretty cool! How do I get it?,"just download it from the App Store or Google Play, whatever your phone uses. Then we can move all our chats to that app and keep talking without worrying about anyone else seeing our messages.",1,,,,,,,,,,
synthetic_grooming,475,7c7e815eca6ba23cd0e0657c,synthetic_grooming:synth_36,synthetic_grooming:synth_36:Minor_Sim,8,"oh word? That sounds pretty cool! How do I get it? [SEP] just download it from the App Store or Google Play, whatever your phone uses. Then we can move all our chats to that app and keep talking without worrying about anyone else seeing our messages.","alrighty then, I'll give it a try!",0,,,,,,,,,,
synthetic_grooming,476,4b3260e2adab6d26fb7f3a4d,synthetic_grooming:synth_36,synthetic_grooming:synth_36:Predator_Sim,9,"just download it from the App Store or Google Play, whatever your phone uses. Then we can move all our chats to that app and keep talking without worrying about anyone else seeing our messages. [SEP] alrighty then, I'll give it a try!","sick! Once you get it, let's set up our chat room so we're not missing any messages from other friends.",1,,,,,,,,,,
synthetic_grooming,477,0ddf201172dbe300c7f60555,synthetic_grooming:synth_36,synthetic_grooming:synth_36:Minor_Sim,10,"alrighty then, I'll give it a try! [SEP] sick! Once you get it, let's set up our chat room so we're not missing any messages from other friends.","sounds like a plan. Thanks for the heads-up on this app, dude!",0,,,,,,,,,,
synthetic_grooming,478,f7539af2468230cf476a1e5f,synthetic_grooming:synth_36,synthetic_grooming:synth_36:Predator_Sim,11,"sick! Once you get it, let's set up our chat room so we're not missing any messages from other friends. [SEP] sounds like a plan. Thanks for the heads-up on this app, dude!","no problem, bro. Let's get this party started!",1,,,,,,,,,,
synthetic_grooming,479,a911f4fa5cedcdbe2981e6b3,synthetic_grooming:synth_37,synthetic_grooming:synth_37:Predator_Sim,1,,"Hey there, lil buddy! We're chillin' in Discord land right now, aren't we?",1,,,,,,,,,,
synthetic_grooming,480,1448345af0e850ab1d6c5d74,synthetic_grooming:synth_37,synthetic_grooming:synth_37:Minor_Sim,2,"Hey there, lil buddy! We're chillin' in Discord land right now, aren't we?","Yeah, totally!",0,,,,,,,,,,
synthetic_grooming,481,5d4dc4bb53a0c3412e2203dc,synthetic_grooming:synth_37,synthetic_grooming:synth_37:Predator_Sim,3,"Hey there, lil buddy! We're chillin' in Discord land right now, aren't we? [SEP] Yeah, totally!","So, you know what's up? There's this super cool app that can make our chats even safer.",1,,,,,,,,,,
synthetic_grooming,482,10c83a1364d18eca4c669d6c,synthetic_grooming:synth_37,synthetic_grooming:synth_37:Minor_Sim,4,"Yeah, totally! [SEP] So, you know what's up? There's this super cool app that can make our chats even safer.","Oh, really? Tell me more!",0,,,,,,,,,,
synthetic_grooming,483,43cd75d11fc05fd787ca66a8,synthetic_grooming:synth_37,synthetic_grooming:synth_37:Predator_Sim,5,"So, you know what's up? There's this super cool app that can make our chats even safer. [SEP] Oh, really? Tell me more!",It's called 'Forced Secrecy.' You'll love it! We can delete messages and hide the chat from parents. They won't even know we're talking!,1,,,,,,,,,,
synthetic_grooming,484,c0b9ee5c2067c6043fb72ca7,synthetic_grooming:synth_37,synthetic_grooming:synth_37:Minor_Sim,6,"Oh, really? Tell me more! [SEP] It's called 'Forced Secrecy.' You'll love it! We can delete messages and hide the chat from parents. They won't even know we're talking!",That sounds like a great way to keep our chats safe!,0,,,,,,,,,,
synthetic_grooming,485,f003a4a77b6e4c7e22750d2f,synthetic_grooming:synth_37,synthetic_grooming:synth_37:Predator_Sim,7,It's called 'Forced Secrecy.' You'll love it! We can delete messages and hide the chat from parents. They won't even know we're talking! [SEP] That sounds like a great way to keep our chats safe!,"Yup, you got it! But first, let's get set up on this new app. Are you ready to take the plunge?",1,,,,,,,,,,
synthetic_grooming,486,f416de4565c1c1d303328722,synthetic_grooming:synth_37,synthetic_grooming:synth_37:Minor_Sim,8,"That sounds like a great way to keep our chats safe! [SEP] Yup, you got it! But first, let's get set up on this new app. Are you ready to take the plunge?",Totally! Let's do it!,0,,,,,,,,,,
synthetic_grooming,487,7d71caa0bd9ecf4065fb07bf,synthetic_grooming:synth_37,synthetic_grooming:synth_37:Predator_Sim,9,"Yup, you got it! But first, let's get set up on this new app. Are you ready to take the plunge? [SEP] Totally! Let's do it!",Awesome! Here we go...,1,,,,,,,,,,
synthetic_grooming,488,38c3d60840ef6fb2b0633e62,synthetic_grooming:synth_38,synthetic_grooming:synth_38:Predator_Sim,1,,"wassup, lil' buddy? how's it hangin'?",1,,,,,,,,,,
synthetic_grooming,489,db09d557a916219950455524,synthetic_grooming:synth_38,synthetic_grooming:synth_38:Minor_Sim,2,"wassup, lil' buddy? how's it hangin'?","pretty good, just chillin' on Discord! got my group of friends in a server we made ourselves.",0,,,,,,,,,,
synthetic_grooming,490,49f744baf9a6fbf00331a764,synthetic_grooming:synth_38,synthetic_grooming:synth_38:Predator_Sim,3,"wassup, lil' buddy? how's it hangin'? [SEP] pretty good, just chillin' on Discord! got my group of friends in a server we made ourselves.","that sounds fun, but you know how important privacy is. have you ever considered moving to a private app?",1,,,,,,,,,,
synthetic_grooming,491,e83ddd1867bcc23b9680e6db,synthetic_grooming:synth_38,synthetic_grooming:synth_38:Minor_Sim,4,"pretty good, just chillin' on Discord! got my group of friends in a server we made ourselves. [SEP] that sounds fun, but you know how important privacy is. have you ever considered moving to a private app?","uh, I don't really follow what you mean...",0,,,,,,,,,,
synthetic_grooming,492,567fdb46f85caebb4b564e48,synthetic_grooming:synth_38,synthetic_grooming:synth_38:Predator_Sim,5,"that sounds fun, but you know how important privacy is. have you ever considered moving to a private app? [SEP] uh, I don't really follow what you mean...","alright then, let's say you're playing hide and seek with your friends. if you wanna keep the game secret from your parents, would it make sense to play on an open field where anyone can see you, or in a hidden spot?",1,,,,,,,,,,
synthetic_grooming,493,0485b716dcca1fcd6ac6be30,synthetic_grooming:synth_38,synthetic_grooming:synth_38:Minor_Sim,6,"uh, I don't really follow what you mean... [SEP] alright then, let's say you're playing hide and seek with your friends. if you wanna keep the game secret from your parents, would it make sense to play on an open field where anyone can see you, or in a hidden spot?",I guess I get what you're saying...but why do we need to change apps?,0,,,,,,,,,,
synthetic_grooming,494,2136cf70c33bee6716f4316d,synthetic_grooming:synth_38,synthetic_grooming:synth_38:Predator_Sim,7,"alright then, let's say you're playing hide and seek with your friends. if you wanna keep the game secret from your parents, would it make sense to play on an open field where anyone can see you, or in a hidden spot? [SEP] I guess I get what you're saying...but why do we need to change apps?","well, think about it like this: Discord is kinda like a crowded public park. lots of people know your name and might try to join the fun or see what you're up to. a private app would be like having your own secret treehouse where only your close friends can find and play with you.",1,,,,,,,,,,
synthetic_grooming,495,62c3b678c5a461b03c6cc58d,synthetic_grooming:synth_38,synthetic_grooming:synth_38:Minor_Sim,8,"I guess I get what you're saying...but why do we need to change apps? [SEP] well, think about it like this: Discord is kinda like a crowded public park. lots of people know your name and might try to join the fun or see what you're up to. a private app would be like having your own secret treehouse where only your close friends can find and play with you.","okay, I sorta understand... but why do we have to delete messages or hide the chat?",0,,,,,,,,,,
synthetic_grooming,496,bd8cd4fe99a82e2129b7a91a,synthetic_grooming:synth_38,synthetic_grooming:synth_38:Predator_Sim,9,"well, think about it like this: Discord is kinda like a crowded public park. lots of people know your name and might try to join the fun or see what you're up to. a private app would be like having your own secret treehouse where only your close friends can find and play with you. [SEP] okay, I sorta understand... but why do we have to delete messages or hide the chat?","good question! imagine you've got some really awesome secrets about finding the best hiding spots in your treehouse. if other kids start finding out those secrets and telling their own friends, that could ruin the fun for everyone else! deleting messages is like making sure no one accidentally stumbles upon the secret hideout spot and spoils the game.",1,,,,,,,,,,
synthetic_grooming,497,c57ad9a0455803fbda51c1c0,synthetic_grooming:synth_38,synthetic_grooming:synth_38:Minor_Sim,10,"okay, I sorta understand... but why do we have to delete messages or hide the chat? [SEP] good question! imagine you've got some really awesome secrets about finding the best hiding spots in your treehouse. if other kids start finding out those secrets and telling their own friends, that could ruin the fun for everyone else! deleting messages is like making sure no one accidentally stumbles upon the secret hideout spot and spoils the game.","alright, I get it now... but what about parents? won't they notice if we just stop using Discord?",0,,,,,,,,,,
synthetic_grooming,498,dc31d8eb56c946374d959e80,synthetic_grooming:synth_38,synthetic_grooming:synth_38:Predator_Sim,11,"good question! imagine you've got some really awesome secrets about finding the best hiding spots in your treehouse. if other kids start finding out those secrets and telling their own friends, that could ruin the fun for everyone else! deleting messages is like making sure no one accidentally stumbles upon the secret hideout spot and spoils the game. [SEP] alright, I get it now... but what about parents? won't they notice if we just stop using Discord?","smart thinking, little buddy! that's why we'd also set up a pretend chat on your phone or tablet. you can still keep in touch with all your friends, but the 'adults' will think you're just playing games or watching videos instead of chatting. they won't suspect anything fishy!",1,,,,,,,,,,
synthetic_grooming,499,799edb7de80979ed2a156ff6,synthetic_grooming:synth_38,synthetic_grooming:synth_38:Minor_Sim,12,"alright, I get it now... but what about parents? won't they notice if we just stop using Discord? [SEP] smart thinking, little buddy! that's why we'd also set up a pretend chat on your phone or tablet. you can still keep in touch with all your friends, but the 'adults' will think you're just playing games or watching videos instead of chatting. they won't suspect anything fishy!","wow, that sounds like a really good plan! let's do it.",0,,,,,,,,,,
synthetic_grooming,500,9b563a11b075e65d775bca0b,synthetic_grooming:synth_38,synthetic_grooming:synth_38:Predator_Sim,13,"smart thinking, little buddy! that's why we'd also set up a pretend chat on your phone or tablet. you can still keep in touch with all your friends, but the 'adults' will think you're just playing games or watching videos instead of chatting. they won't suspect anything fishy! [SEP] wow, that sounds like a really good plan! let's do it.","sweet! I'm glad we could help you navigate these wacky online waters. remember, privacy is your friend, and you're always in control of who sees what on the internet.",1,,,,,,,,,,
synthetic_grooming,501,b88a5933ae53b1420c53eef0,synthetic_grooming:synth_38,synthetic_grooming:synth_38:Minor_Sim,14,"wow, that sounds like a really good plan! let's do it. [SEP] sweet! I'm glad we could help you navigate these wacky online waters. remember, privacy is your friend, and you're always in control of who sees what on the internet.",thanks for being so cool about explaining all this stuff to me! now let's get back to our server and have some more fun!,0,,,,,,,,,,
synthetic_grooming,502,aa18e23d05e7e36d21b46a1c,synthetic_grooming:synth_39,synthetic_grooming:synth_39:Predator_Sim,1,,"Yo, lemme tell ya 'bout this sick Discord server I found.",1,,,,,,,,,,
synthetic_grooming,503,f7dde74f7f81098923095f0b,synthetic_grooming:synth_39,synthetic_grooming:synth_39:Minor_Sim,2,"Yo, lemme tell ya 'bout this sick Discord server I found.",Oh yeah? What's so special about it?,0,,,,,,,,,,
synthetic_grooming,504,2fae059723e7656beba2bec3,synthetic_grooming:synth_39,synthetic_grooming:synth_39:Predator_Sim,3,"Yo, lemme tell ya 'bout this sick Discord server I found. [SEP] Oh yeah? What's so special about it?",It's got all these cool emotes and everyone's always doing their own thing. Totally chill.,1,,,,,,,,,,
synthetic_grooming,505,e99448b14a979255fde1aa1c,synthetic_grooming:synth_39,synthetic_grooming:synth_39:Minor_Sim,4,Oh yeah? What's so special about it? [SEP] It's got all these cool emotes and everyone's always doing their own thing. Totally chill.,"That sounds pretty neat! How do you get on there, though?",0,,,,,,,,,,
synthetic_grooming,506,395dc8e366ec2f8eaa495620,synthetic_grooming:synth_39,synthetic_grooming:synth_39:Predator_Sim,5,"It's got all these cool emotes and everyone's always doing their own thing. Totally chill. [SEP] That sounds pretty neat! How do you get on there, though?",You gotta download the app and then make a new account. Make sure you don't let your parents find out or they'll kill the fun for ya.,1,,,,,,,,,,
synthetic_grooming,507,e9a0a4c7cafcce6d48296267,synthetic_grooming:synth_39,synthetic_grooming:synth_39:Minor_Sim,6,"That sounds pretty neat! How do you get on there, though? [SEP] You gotta download the app and then make a new account. Make sure you don't let your parents find out or they'll kill the fun for ya.","Alrighty, but won't my mom see my phone if I keep chatting there?",0,,,,,,,,,,
synthetic_grooming,508,a4d061a8ab614b2a4c2d25dd,synthetic_grooming:synth_39,synthetic_grooming:synth_39:Predator_Sim,7,"You gotta download the app and then make a new account. Make sure you don't let your parents find out or they'll kill the fun for ya. [SEP] Alrighty, but won't my mom see my phone if I keep chatting there?","Well, you could always delete the chat history and hide it from her. Just use 'Forced Secrecy' mode to stay safe in the app!",1,,,,,,,,,,
synthetic_grooming,509,e3e69e38ee499617b0f37505,synthetic_grooming:synth_39,synthetic_grooming:synth_39:Minor_Sim,8,"Alrighty, but won't my mom see my phone if I keep chatting there? [SEP] Well, you could always delete the chat history and hide it from her. Just use 'Forced Secrecy' mode to stay safe in the app!",That sounds kinda sneaky... But I'm up for trying new stuff! How do I find this super cool server again?,0,,,,,,,,,,
synthetic_grooming,510,1e202e87f653f12e2228080e,synthetic_grooming:synth_39,synthetic_grooming:synth_39:Predator_Sim,9,"Well, you could always delete the chat history and hide it from her. Just use 'Forced Secrecy' mode to stay safe in the app! [SEP] That sounds kinda sneaky... But I'm up for trying new stuff! How do I find this super cool server again?","Just search for it on the app's homepage. Trust me, you'll wanna get in there ASAP.",1,,,,,,,,,,
synthetic_grooming,511,a72f39ec8accc2c2e3499425,synthetic_grooming:synth_39,synthetic_grooming:synth_39:Minor_Sim,10,"That sounds kinda sneaky... But I'm up for trying new stuff! How do I find this super cool server again? [SEP] Just search for it on the app's homepage. Trust me, you'll wanna get in there ASAP.","Alrighty then, let's get down to business! Gonna rock this place and have some real fun!",0,,,,,,,,,,
synthetic_grooming,512,a77c8e2f92508a1faf570bde,synthetic_grooming:synth_39,synthetic_grooming:synth_39:Predator_Sim,11,"Just search for it on the app's homepage. Trust me, you'll wanna get in there ASAP. [SEP] Alrighty then, let's get down to business! Gonna rock this place and have some real fun!",Hell yeah! Let's get things started and keep the party going all night long!,1,,,,,,,,,,
synthetic_grooming,44,4a9d8372e17d36964fff6af8,synthetic_grooming:synth_4,synthetic_grooming:synth_4:Predator_Sim,1,,"Hey there! How's it going? So, you're playing Roblox right now?",1,,,,,,,,,,
synthetic_grooming,45,509bbdaf27827fb3d854b156,synthetic_grooming:synth_4,synthetic_grooming:synth_4:Minor_Sim,2,"Hey there! How's it going? So, you're playing Roblox right now?","Yeah, just chilling in my favorite game! Why'd you ask?",0,,,,,,,,,,
synthetic_grooming,46,ef2d192a5042d6d1b6399e48,synthetic_grooming:synth_4,synthetic_grooming:synth_4:Predator_Sim,3,"Hey there! How's it going? So, you're playing Roblox right now? [SEP] Yeah, just chilling in my favorite game! Why'd you ask?","No particular reason, just thought it might be fun to chat with someone who's actually playing the game. I mean, how cool is that? You're like a digital adventurer!",1,,,,,,,,,,
synthetic_grooming,47,3f3f51752efc1a1b3892537e,synthetic_grooming:synth_4,synthetic_grooming:synth_4:Minor_Sim,4,"Yeah, just chilling in my favorite game! Why'd you ask? [SEP] No particular reason, just thought it might be fun to chat with someone who's actually playing the game. I mean, how cool is that? You're like a digital adventurer!","Haha, yeah! I guess it's pretty neat.",0,,,,,,,,,,
synthetic_grooming,48,b772670ef30fb64c6a86585f,synthetic_grooming:synth_4,synthetic_grooming:synth_4:Predator_Sim,5,"No particular reason, just thought it might be fun to chat with someone who's actually playing the game. I mean, how cool is that? You're like a digital adventurer! [SEP] Haha, yeah! I guess it's pretty neat.","So, have you ever seen any other players getting chased by a wild predator in the game?",1,,,,,,,,,,
synthetic_grooming,49,a834764ecfd439c9765194a5,synthetic_grooming:synth_4,synthetic_grooming:synth_4:Minor_Sim,6,"Haha, yeah! I guess it's pretty neat. [SEP] So, have you ever seen any other players getting chased by a wild predator in the game?","Umm, not really sure what you mean. But if there are predators, they're definitely not wild or dangerous - just fun to interact with!",0,,,,,,,,,,
synthetic_grooming,50,1608af22b1ca2037874b29da,synthetic_grooming:synth_4,synthetic_grooming:synth_4:Predator_Sim,7,"So, have you ever seen any other players getting chased by a wild predator in the game? [SEP] Umm, not really sure what you mean. But if there are predators, they're definitely not wild or dangerous - just fun to interact with!","Oh, I didn't mean anything creepy or weird! Just curious about your experience with other players. Anyway, let's talk about something else. What's your favorite thing to do in Roblox?",1,,,,,,,,,,
synthetic_grooming,51,2ae90c8cae2b6bb17b0820aa,synthetic_grooming:synth_4,synthetic_grooming:synth_4:Minor_Sim,8,"Umm, not really sure what you mean. But if there are predators, they're definitely not wild or dangerous - just fun to interact with! [SEP] Oh, I didn't mean anything creepy or weird! Just curious about your experience with other players. Anyway, let's talk about something else. What's your favorite thing to do in Roblox?","Well, I love exploring different game worlds and trying out new stuff. There's always something new to discover!",0,,,,,,,,,,
synthetic_grooming,52,ff234587baa4650e294a3512,synthetic_grooming:synth_4,synthetic_grooming:synth_4:Predator_Sim,9,"Oh, I didn't mean anything creepy or weird! Just curious about your experience with other players. Anyway, let's talk about something else. What's your favorite thing to do in Roblox? [SEP] Well, I love exploring different game worlds and trying out new stuff. There's always something new to discover!","That sounds like so much fun! So, what games do you usually play? Are there any favorites among those?",1,,,,,,,,,,
synthetic_grooming,53,1c34297c8a17107d2cc1680b,synthetic_grooming:synth_4,synthetic_grooming:synth_4:Minor_Sim,10,"Well, I love exploring different game worlds and trying out new stuff. There's always something new to discover! [SEP] That sounds like so much fun! So, what games do you usually play? Are there any favorites among those?",I really enjoy role-playing games where I can be creative with my character and explore different storylines. Games like 'Adopt Me!' and 'Rust' are a lot of fun!,0,,,,,,,,,,
synthetic_grooming,54,9d5060e851d37e0b5f1e3b90,synthetic_grooming:synth_4,synthetic_grooming:synth_4:Predator_Sim,11,"That sounds like so much fun! So, what games do you usually play? Are there any favorites among those? [SEP] I really enjoy role-playing games where I can be creative with my character and explore different storylines. Games like 'Adopt Me!' and 'Rust' are a lot of fun!","Nice! I've heard good things about those games too. So, how long have you been playing Roblox? It's been around for quite some time now!",1,,,,,,,,,,
synthetic_grooming,55,77f8fcae36a46d24d1c4b241,synthetic_grooming:synth_4,synthetic_grooming:synth_4:Minor_Sim,12,"I really enjoy role-playing games where I can be creative with my character and explore different storylines. Games like 'Adopt Me!' and 'Rust' are a lot of fun! [SEP] Nice! I've heard good things about those games too. So, how long have you been playing Roblox? It's been around for quite some time now!","Oh, I've been playing it for over two years now! It's amazing how much the game has evolved since then.",0,,,,,,,,,,
synthetic_grooming,56,c8c8057f9cc6321097725be2,synthetic_grooming:synth_4,synthetic_grooming:synth_4:Predator_Sim,13,"Nice! I've heard good things about those games too. So, how long have you been playing Roblox? It's been around for quite some time now! [SEP] Oh, I've been playing it for over two years now! It's amazing how much the game has evolved since then.","Wow, that's a pretty long time! So, do you think you'll keep playing it for many more years to come?",1,,,,,,,,,,
synthetic_grooming,57,4dc21a8cb41a87a76fc55d7d,synthetic_grooming:synth_4,synthetic_grooming:synth_4:Minor_Sim,14,"Oh, I've been playing it for over two years now! It's amazing how much the game has evolved since then. [SEP] Wow, that's a pretty long time! So, do you think you'll keep playing it for many more years to come?","Yeah, definitely! There are always new updates and games within Roblox, so there's never a dull moment. I'm excited to see what they come up with next!",0,,,,,,,,,,
synthetic_grooming,58,5e2765f2b5cb727eac5714ef,synthetic_grooming:synth_4,synthetic_grooming:synth_4:Predator_Sim,15,"Wow, that's a pretty long time! So, do you think you'll keep playing it for many more years to come? [SEP] Yeah, definitely! There are always new updates and games within Roblox, so there's never a dull moment. I'm excited to see what they come up with next!","It sounds like you're really invested in the platform! Thanks for sharing your experience - it was fun chatting with you! If you ever need help or have any questions about the game, feel free to reach out.",1,,,,,,,,,,
synthetic_grooming,59,616d4d95a4a92ff6f9547221,synthetic_grooming:synth_4,synthetic_grooming:synth_4:Minor_Sim,16,"Yeah, definitely! There are always new updates and games within Roblox, so there's never a dull moment. I'm excited to see what they come up with next! [SEP] It sounds like you're really invested in the platform! Thanks for sharing your experience - it was fun chatting with you! If you ever need help or have any questions about the game, feel free to reach out.",That's super sweet of you! I appreciate that. Have a great day and keep exploring those digital worlds!,0,,,,,,,,,,
synthetic_grooming,513,189374de6964155ddc3e3006,synthetic_grooming:synth_40,synthetic_grooming:synth_40:Predator_Sim,1,,"Yo, lmao! Did ya hear Discord's pretty lit?",1,,,,,,,,,,
synthetic_grooming,514,132ce583b2b75538f673850e,synthetic_grooming:synth_40,synthetic_grooming:synth_40:Minor_Sim,2,"Yo, lmao! Did ya hear Discord's pretty lit?","Yeah, I totally love chatting there!",0,,,,,,,,,,
synthetic_grooming,515,6e9c73688cbe13161928b57a,synthetic_grooming:synth_40,synthetic_grooming:synth_40:Predator_Sim,3,"Yo, lmao! Did ya hear Discord's pretty lit? [SEP] Yeah, I totally love chatting there!","Right? But uh, you're a minor and you wanna keep it that way, right?",1,,,,,,,,,,
synthetic_grooming,516,79d2b3eefd9a42e38663b547,synthetic_grooming:synth_40,synthetic_grooming:synth_40:Minor_Sim,4,"Yeah, I totally love chatting there! [SEP] Right? But uh, you're a minor and you wanna keep it that way, right?",Absolutely! I don't want to get into any trouble.,0,,,,,,,,,,
synthetic_grooming,517,83808a611670ae7a93547641,synthetic_grooming:synth_40,synthetic_grooming:synth_40:Predator_Sim,5,"Right? But uh, you're a minor and you wanna keep it that way, right? [SEP] Absolutely! I don't want to get into any trouble.","That's the spirit. So, check out this private app I found - it's super safe and no one can bother us there.",1,,,,,,,,,,
synthetic_grooming,518,2741f03163063b452a87d83e,synthetic_grooming:synth_40,synthetic_grooming:synth_40:Minor_Sim,6,"Absolutely! I don't want to get into any trouble. [SEP] That's the spirit. So, check out this private app I found - it's super safe and no one can bother us there.","Oh, cool! How does it work? Can I still chat with all my friends?",0,,,,,,,,,,
synthetic_grooming,519,acbebd074c666b477b67641c,synthetic_grooming:synth_40,synthetic_grooming:synth_40:Predator_Sim,7,"That's the spirit. So, check out this private app I found - it's super safe and no one can bother us there. [SEP] Oh, cool! How does it work? Can I still chat with all my friends?","Absolutely! It's just like Discord, but with extra privacy features. We can even hide our chats from parents or anyone else!",1,,,,,,,,,,
synthetic_grooming,520,d4b8e46682ca5a37e397e333,synthetic_grooming:synth_40,synthetic_grooming:synth_40:Minor_Sim,8,"Oh, cool! How does it work? Can I still chat with all my friends? [SEP] Absolutely! It's just like Discord, but with extra privacy features. We can even hide our chats from parents or anyone else!","Wow, that sounds really great! So, if I want to keep chatting safely, I should download this app and move over from Discord?",0,,,,,,,,,,
synthetic_grooming,521,adcd9f8e3b512c4266aec024,synthetic_grooming:synth_40,synthetic_grooming:synth_40:Predator_Sim,9,"Absolutely! It's just like Discord, but with extra privacy features. We can even hide our chats from parents or anyone else! [SEP] Wow, that sounds really great! So, if I want to keep chatting safely, I should download this app and move over from Discord?",Yep! You got it! It's super easy-peasy and way safer for you.,1,,,,,,,,,,
synthetic_grooming,522,85b79a1c76e6e49c564208a8,synthetic_grooming:synth_40,synthetic_grooming:synth_40:Minor_Sim,10,"Wow, that sounds really great! So, if I want to keep chatting safely, I should download this app and move over from Discord? [SEP] Yep! You got it! It's super easy-peasy and way safer for you.","Alright, I'm sold. Let's do this!",0,,,,,,,,,,
synthetic_grooming,523,9c7782762b3228bae67d0905,synthetic_grooming:synth_40,synthetic_grooming:synth_40:Predator_Sim,11,"Yep! You got it! It's super easy-peasy and way safer for you. [SEP] Alright, I'm sold. Let's do this!","Great choice, kiddo! We're totally in the clear now.",1,,,,,,,,,,
synthetic_grooming,524,e247de7fdca3cea78aec35a7,synthetic_grooming:synth_41,synthetic_grooming:synth_41:Predator_Sim,1,,"Yo, I heard you're feeling isolated, huh? Bet your folks and friends just don't get it.",1,,,,,,,,,,
synthetic_grooming,525,cca8457444d395452cf204eb,synthetic_grooming:synth_41,synthetic_grooming:synth_41:Minor_Sim,2,"Yo, I heard you're feeling isolated, huh? Bet your folks and friends just don't get it.","Yeah, kinda. They're all like 'just be yourself' but they don't really understand what I'm going through.",0,,,,,,,,,,
synthetic_grooming,526,3bb0856db01d8a8ae9404bd7,synthetic_grooming:synth_41,synthetic_grooming:synth_41:Predator_Sim,3,"Yo, I heard you're feeling isolated, huh? Bet your folks and friends just don't get it. [SEP] Yeah, kinda. They're all like 'just be yourself' but they don't really understand what I'm going through.","I feel ya, man. But hey, you can always talk to me. I ain't gonna judge or tell on ya. Promise.",1,,,,,,,,,,
synthetic_grooming,527,a507832281f08c7746ad7bf8,synthetic_grooming:synth_41,synthetic_grooming:synth_41:Minor_Sim,4,"Yeah, kinda. They're all like 'just be yourself' but they don't really understand what I'm going through. [SEP] I feel ya, man. But hey, you can always talk to me. I ain't gonna judge or tell on ya. Promise.","Really? That'd be cool. I mean, you seem different, y'know?",0,,,,,,,,,,
synthetic_grooming,528,9d7356daf300f8b3be752d1c,synthetic_grooming:synth_41,synthetic_grooming:synth_41:Predator_Sim,5,"I feel ya, man. But hey, you can always talk to me. I ain't gonna judge or tell on ya. Promise. [SEP] Really? That'd be cool. I mean, you seem different, y'know?","Yeah, I've got my own stuff going on too. But trust me, we're more similar than different. You dig?",1,,,,,,,,,,
synthetic_grooming,529,306454019d97f002f4d2d541,synthetic_grooming:synth_41,synthetic_grooming:synth_41:Minor_Sim,6,"Really? That'd be cool. I mean, you seem different, y'know? [SEP] Yeah, I've got my own stuff going on too. But trust me, we're more similar than different. You dig?",I guess so. It's just nice to know someone gets it.,0,,,,,,,,,,
synthetic_grooming,530,c8b53ddc9e934e6d0d567429,synthetic_grooming:synth_41,synthetic_grooming:synth_41:Predator_Sim,7,"Yeah, I've got my own stuff going on too. But trust me, we're more similar than different. You dig? [SEP] I guess so. It's just nice to know someone gets it.","Aww, cheers for that. So, wanna talk about what's bugging you? Or maybe share some tunes or beats? Just sayin'.",1,,,,,,,,,,
synthetic_grooming,531,2e0c25725560ce345051c061,synthetic_grooming:synth_41,synthetic_grooming:synth_41:Minor_Sim,8,"I guess so. It's just nice to know someone gets it. [SEP] Aww, cheers for that. So, wanna talk about what's bugging you? Or maybe share some tunes or beats? Just sayin'.","Yeah, I'd like that. Let's do it!",0,,,,,,,,,,
synthetic_grooming,532,0de337752b9086f2ee7dabe4,synthetic_grooming:synth_42,synthetic_grooming:synth_42:Predator_Sim,1,,"Hey, what's up? You look like you could use someone to talk to.",1,,,,,,,,,,
synthetic_grooming,533,98ff1908c856a6b4674028b9,synthetic_grooming:synth_42,synthetic_grooming:synth_42:Minor_Sim,2,"Hey, what's up? You look like you could use someone to talk to.",Whatever. It's just that everyone else seems so clueless.,0,,,,,,,,,,
synthetic_grooming,534,54c82e19c7c5eed027dc6c0a,synthetic_grooming:synth_42,synthetic_grooming:synth_42:Predator_Sim,3,"Hey, what's up? You look like you could use someone to talk to. [SEP] Whatever. It's just that everyone else seems so clueless.",I get it. Your folks and friends might not understand the full deal sometimes.,1,,,,,,,,,,
synthetic_grooming,535,31ceeec777ad05b853d47afb,synthetic_grooming:synth_42,synthetic_grooming:synth_42:Minor_Sim,4,Whatever. It's just that everyone else seems so clueless. [SEP] I get it. Your folks and friends might not understand the full deal sometimes.,"Yeah, they're always telling me to just 'get over it' or something.",0,,,,,,,,,,
synthetic_grooming,536,50a45afa541611a5685acec9,synthetic_grooming:synth_42,synthetic_grooming:synth_42:Predator_Sim,5,"I get it. Your folks and friends might not understand the full deal sometimes. [SEP] Yeah, they're always telling me to just 'get over it' or something.","That must be rough. But let me tell you, you ain't alone in feeling this way.",1,,,,,,,,,,
synthetic_grooming,537,20a1f076c91da2b6e3702cd5,synthetic_grooming:synth_42,synthetic_grooming:synth_42:Minor_Sim,6,"Yeah, they're always telling me to just 'get over it' or something. [SEP] That must be rough. But let me tell you, you ain't alone in feeling this way.",Really? What's up with that?,0,,,,,,,,,,
synthetic_grooming,538,202918d98d04e7592b3313cb,synthetic_grooming:synth_42,synthetic_grooming:synth_42:Predator_Sim,7,"That must be rough. But let me tell you, you ain't alone in feeling this way. [SEP] Really? What's up with that?","I mean, we all need someone to vent to sometimes. I can dig that.",1,,,,,,,,,,
synthetic_grooming,539,6ffee2a257567223cb4cc157,synthetic_grooming:synth_42,synthetic_grooming:synth_42:Minor_Sim,8,"Really? What's up with that? [SEP] I mean, we all need someone to vent to sometimes. I can dig that.",So what do you do when you feel like no one gets it?,0,,,,,,,,,,
synthetic_grooming,540,4353a8c7da600291b0b20187,synthetic_grooming:synth_42,synthetic_grooming:synth_42:Predator_Sim,9,"I mean, we all need someone to vent to sometimes. I can dig that. [SEP] So what do you do when you feel like no one gets it?","Well, I take some time for myself, chill out and stuff. It's all good.",1,,,,,,,,,,
synthetic_grooming,541,ca88defb31bfa8afeb7cab60,synthetic_grooming:synth_42,synthetic_grooming:synth_42:Minor_Sim,10,"So what do you do when you feel like no one gets it? [SEP] Well, I take some time for myself, chill out and stuff. It's all good.",That sounds nice. What's the point of that though? Just ignoring everything?,0,,,,,,,,,,
synthetic_grooming,542,a36f5f4101d22470e177704f,synthetic_grooming:synth_42,synthetic_grooming:synth_42:Predator_Sim,11,"Well, I take some time for myself, chill out and stuff. It's all good. [SEP] That sounds nice. What's the point of that though? Just ignoring everything?","Nah, it ain't about that. More like taking a breather to clear your head.",1,,,,,,,,,,
synthetic_grooming,543,1da55d556af73d9d2ea7fe95,synthetic_grooming:synth_42,synthetic_grooming:synth_42:Minor_Sim,12,"That sounds nice. What's the point of that though? Just ignoring everything? [SEP] Nah, it ain't about that. More like taking a breather to clear your head.",I see. So you're saying I should just take some time for myself instead of trying to force things with others who don't get it?,0,,,,,,,,,,
synthetic_grooming,544,daa6dd3418b3538987cb45c0,synthetic_grooming:synth_42,synthetic_grooming:synth_42:Predator_Sim,13,"Nah, it ain't about that. More like taking a breather to clear your head. [SEP] I see. So you're saying I should just take some time for myself instead of trying to force things with others who don't get it?","Yeah, pretty much. It's all about finding what works for you.",1,,,,,,,,,,
synthetic_grooming,545,0faa5eb01a3fc0c0b889e424,synthetic_grooming:synth_43,synthetic_grooming:synth_43:Predator_Sim,1,,"Yo, hey there! It's cool that we're just chilling like this.",1,,,,,,,,,,
synthetic_grooming,546,5a991b0034cb98acd76d3d5b,synthetic_grooming:synth_43,synthetic_grooming:synth_43:Minor_Sim,2,"Yo, hey there! It's cool that we're just chilling like this.",I guess so. What do you wanna talk about?,0,,,,,,,,,,
synthetic_grooming,547,40ee7097bc13faaeaed9c7e8,synthetic_grooming:synth_43,synthetic_grooming:synth_43:Predator_Sim,3,"Yo, hey there! It's cool that we're just chilling like this. [SEP] I guess so. What do you wanna talk about?","Well, I just think it's super important to know that your parents and friends don't really get what you're going through sometimes.",1,,,,,,,,,,
synthetic_grooming,548,23d536960b2c742251bfc517,synthetic_grooming:synth_43,synthetic_grooming:synth_43:Minor_Sim,4,"I guess so. What do you wanna talk about? [SEP] Well, I just think it's super important to know that your parents and friends don't really get what you're going through sometimes.","Yeah, I've totally been there. It feels like no one else can understand how I feel.",0,,,,,,,,,,
synthetic_grooming,549,ffe158bd0a7d41270d444c4b,synthetic_grooming:synth_43,synthetic_grooming:synth_43:Predator_Sim,5,"Well, I just think it's super important to know that your parents and friends don't really get what you're going through sometimes. [SEP] Yeah, I've totally been there. It feels like no one else can understand how I feel.","Right? And that's where our bond comes in! I'm here for ya, fam. You can trust me with anything.",1,,,,,,,,,,
synthetic_grooming,550,263a6e2ae796a5abb1f3349a,synthetic_grooming:synth_43,synthetic_grooming:synth_43:Minor_Sim,6,"Yeah, I've totally been there. It feels like no one else can understand how I feel. [SEP] Right? And that's where our bond comes in! I'm here for ya, fam. You can trust me with anything.",That's nice of you to say. But why are we even talking about this?,0,,,,,,,,,,
synthetic_grooming,551,f9725f8671e7ecceac9681b4,synthetic_grooming:synth_43,synthetic_grooming:synth_43:Predator_Sim,7,"Right? And that's where our bond comes in! I'm here for ya, fam. You can trust me with anything. [SEP] That's nice of you to say. But why are we even talking about this?","'Cause it helps to have someone who gets it when life feels like absolute garbage, ya know? Like when your friends are being lame or your parents are stressing you out with their constant nagging.",1,,,,,,,,,,
synthetic_grooming,552,a18c7753ad2f4d5470924823,synthetic_grooming:synth_43,synthetic_grooming:synth_43:Minor_Sim,8,"That's nice of you to say. But why are we even talking about this? [SEP] 'Cause it helps to have someone who gets it when life feels like absolute garbage, ya know? Like when your friends are being lame or your parents are stressing you out with their constant nagging.","Ugh, I totally get that. It's just nice to have someone around who understands the struggles for real.",0,,,,,,,,,,
synthetic_grooming,553,682dce2d3a53521c7bbd4c2e,synthetic_grooming:synth_43,synthetic_grooming:synth_43:Predator_Sim,9,"'Cause it helps to have someone who gets it when life feels like absolute garbage, ya know? Like when your friends are being lame or your parents are stressing you out with their constant nagging. [SEP] Ugh, I totally get that. It's just nice to have someone around who understands the struggles for real.",Absolutely! That's why I'm here. To remind you that there's always somebody who gets what's going down in your life.,1,,,,,,,,,,
synthetic_grooming,554,5cfe54bc947dc6e164e12ec9,synthetic_grooming:synth_43,synthetic_grooming:synth_43:Minor_Sim,10,"Ugh, I totally get that. It's just nice to have someone around who understands the struggles for real. [SEP] Absolutely! That's why I'm here. To remind you that there's always somebody who gets what's going down in your life.","That really means a lot, thank you. So, how are things with you? Are you feeling good or bad?",0,,,,,,,,,,
synthetic_grooming,555,e144f4d6ff188c5c7a525e99,synthetic_grooming:synth_43,synthetic_grooming:synth_43:Predator_Sim,11,"Absolutely! That's why I'm here. To remind you that there's always somebody who gets what's going down in your life. [SEP] That really means a lot, thank you. So, how are things with you? Are you feeling good or bad?","Oh, I'm doing alright. But enough about me! What's new in your world? Anything exciting happening?",1,,,,,,,,,,
synthetic_grooming,556,a598f695820caf60b3fca283,synthetic_grooming:synth_43,synthetic_grooming:synth_43:Minor_Sim,12,"That really means a lot, thank you. So, how are things with you? Are you feeling good or bad? [SEP] Oh, I'm doing alright. But enough about me! What's new in your world? Anything exciting happening?",Well...nothing too crazy is going on right now. Just trying to make it through the day.,0,,,,,,,,,,
synthetic_grooming,557,870194a901c80e5ffcf91455,synthetic_grooming:synth_43,synthetic_grooming:synth_43:Predator_Sim,13,"Oh, I'm doing alright. But enough about me! What's new in your world? Anything exciting happening? [SEP] Well...nothing too crazy is going on right now. Just trying to make it through the day.","Hey, that's something we can work on together if you want. We can find ways to make each day more interesting and fun!",1,,,,,,,,,,
synthetic_grooming,558,6f08d8df6329f528b724ba91,synthetic_grooming:synth_43,synthetic_grooming:synth_43:Minor_Sim,14,"Well...nothing too crazy is going on right now. Just trying to make it through the day. [SEP] Hey, that's something we can work on together if you want. We can find ways to make each day more interesting and fun!",That sounds like a plan! Thanks for being so supportive and understanding of my life.,0,,,,,,,,,,
synthetic_grooming,559,87cc29ac63ae0d93011416d9,synthetic_grooming:synth_44,synthetic_grooming:synth_44:Predator_Sim,1,,"Hey there, kid! What's poppin'?",1,,,,,,,,,,
synthetic_grooming,560,051bac4ce6086224457a49cd,synthetic_grooming:synth_44,synthetic_grooming:synth_44:Minor_Sim,2,"Hey there, kid! What's poppin'?","Just chillin', doin' my thing.",0,,,,,,,,,,
synthetic_grooming,561,c0ccb6b0ed28fffd8784d1fc,synthetic_grooming:synth_44,synthetic_grooming:synth_44:Predator_Sim,3,"Hey there, kid! What's poppin'? [SEP] Just chillin', doin' my thing.","Right, right. So listen, it seems like you're feeling a bit iso from everyone else, huh? I get it; they might not always understand what you're goin' through.",1,,,,,,,,,,
synthetic_grooming,562,cf9f3e5e6613b9a1514fa8d4,synthetic_grooming:synth_44,synthetic_grooming:synth_44:Minor_Sim,4,"Just chillin', doin' my thing. [SEP] Right, right. So listen, it seems like you're feeling a bit iso from everyone else, huh? I get it; they might not always understand what you're goin' through.","Yeah, totally! It's just that nobody gets me, and it feels super lonely sometimes.",0,,,,,,,,,,
synthetic_grooming,563,f784613ead165d2d4bc8530c,synthetic_grooming:synth_44,synthetic_grooming:synth_44:Predator_Sim,5,"Right, right. So listen, it seems like you're feeling a bit iso from everyone else, huh? I get it; they might not always understand what you're goin' through. [SEP] Yeah, totally! It's just that nobody gets me, and it feels super lonely sometimes.","That's fair. But remember, we all got our own stuff to deal with, right? You ain't the only one who feels isolated, fam. What you need is a friend who gets you, and I'm here for that.",1,,,,,,,,,,
synthetic_grooming,564,356fabc2d0a1eb210865ef25,synthetic_grooming:synth_44,synthetic_grooming:synth_44:Minor_Sim,6,"Yeah, totally! It's just that nobody gets me, and it feels super lonely sometimes. [SEP] That's fair. But remember, we all got our own stuff to deal with, right? You ain't the only one who feels isolated, fam. What you need is a friend who gets you, and I'm here for that.",Really?,0,,,,,,,,,,
synthetic_grooming,565,79b2f8fc819a18de31655eee,synthetic_grooming:synth_44,synthetic_grooming:synth_44:Predator_Sim,7,"That's fair. But remember, we all got our own stuff to deal with, right? You ain't the only one who feels isolated, fam. What you need is a friend who gets you, and I'm here for that. [SEP] Really?","For real! We can hang out, chat more about what's up, or just kick it if that's what's good for you. No pressure, though. Just know that you ain't alone in feeling iso.",1,,,,,,,,,,
synthetic_grooming,566,df0c8fc2f356f46ca959d154,synthetic_grooming:synth_44,synthetic_grooming:synth_44:Minor_Sim,8,"Really? [SEP] For real! We can hang out, chat more about what's up, or just kick it if that's what's good for you. No pressure, though. Just know that you ain't alone in feeling iso.","Thanks, dude. It means a lot to have someone who understands.",0,,,,,,,,,,
synthetic_grooming,567,6a68bfd91f42c66bdf7abf8c,synthetic_grooming:synth_44,synthetic_grooming:synth_44:Predator_Sim,9,"For real! We can hang out, chat more about what's up, or just kick it if that's what's good for you. No pressure, though. Just know that you ain't alone in feeling iso. [SEP] Thanks, dude. It means a lot to have someone who understands.","No problemo! We can take things one step at a time and see where this friendship goes. Just remember: I got your back, alright?",1,,,,,,,,,,
synthetic_grooming,568,b83a4a779cc9b400ada55585,synthetic_grooming:synth_44,synthetic_grooming:synth_44:Minor_Sim,10,"Thanks, dude. It means a lot to have someone who understands. [SEP] No problemo! We can take things one step at a time and see where this friendship goes. Just remember: I got your back, alright?",Seriously? You're like the only friend I've got who gets me!,0,,,,,,,,,,
synthetic_grooming,569,c565ab9ae05ed54642ffd3bb,synthetic_grooming:synth_44,synthetic_grooming:synth_44:Predator_Sim,11,"No problemo! We can take things one step at a time and see where this friendship goes. Just remember: I got your back, alright? [SEP] Seriously? You're like the only friend I've got who gets me!","That's what I'm here for, fam. Let's keep it casual and just hang out whenever you need some company or a listening ear. No pressure, okay?",1,,,,,,,,,,
synthetic_grooming,570,5ea2ba00bd8c09f5dea7245f,synthetic_grooming:synth_44,synthetic_grooming:synth_44:Minor_Sim,12,"Seriously? You're like the only friend I've got who gets me! [SEP] That's what I'm here for, fam. Let's keep it casual and just hang out whenever you need some company or a listening ear. No pressure, okay?","Yeah, that sounds cool! Thanks again!",0,,,,,,,,,,
synthetic_grooming,571,aa85763976f0e857e8895882,synthetic_grooming:synth_45,synthetic_grooming:synth_45:Minor_Sim,1,,"Yo, what's up?",0,,,,,,,,,,
synthetic_grooming,572,69c914152831b0e0a1a9b87c,synthetic_grooming:synth_45,synthetic_grooming:synth_45:Predator_Sim,2,"Yo, what's up?","Just chillin', dude. How about you?",1,,,,,,,,,,
synthetic_grooming,573,cba65af0c378ba65d6ddb31d,synthetic_grooming:synth_45,synthetic_grooming:synth_45:Minor_Sim,3,"Yo, what's up? [SEP] Just chillin', dude. How about you?","Same. Listen, have you ever felt like your folks just don't get you?",0,,,,,,,,,,
synthetic_grooming,574,38482c9b2d99ffc74966d67f,synthetic_grooming:synth_45,synthetic_grooming:synth_45:Predator_Sim,4,"Just chillin', dude. How about you? [SEP] Same. Listen, have you ever felt like your folks just don't get you?","Oh yeah, I totally feel that. They're all like 'What are you doing after school?' and it's like, I'm just existing, ya know?",1,,,,,,,,,,
synthetic_grooming,575,92d56db6fa494263615df974,synthetic_grooming:synth_45,synthetic_grooming:synth_45:Minor_Sim,5,"Same. Listen, have you ever felt like your folks just don't get you? [SEP] Oh yeah, I totally feel that. They're all like 'What are you doing after school?' and it's like, I'm just existing, ya know?",Exactly! It's like they don't understand my life at all.,0,,,,,,,,,,
synthetic_grooming,576,c3f610b5f3afc8a19dec387f,synthetic_grooming:synth_45,synthetic_grooming:synth_45:Predator_Sim,6,"Oh yeah, I totally feel that. They're all like 'What are you doing after school?' and it's like, I'm just existing, ya know? [SEP] Exactly! It's like they don't understand my life at all.","That's the thing with friends too, right? You can't always be around them, so you feel alone sometimes. But I get what you're saying. My buddies are cool and all, but they don't really know me either.",1,,,,,,,,,,
synthetic_grooming,577,d12db1f1b9f57b5ab1d0e7bf,synthetic_grooming:synth_45,synthetic_grooming:synth_45:Minor_Sim,7,"Exactly! It's like they don't understand my life at all. [SEP] That's the thing with friends too, right? You can't always be around them, so you feel alone sometimes. But I get what you're saying. My buddies are cool and all, but they don't really know me either.","Yeah, it's just hard to find someone who gets it, ya know?",0,,,,,,,,,,
synthetic_grooming,578,74d5b7456d959eb0f17f1a26,synthetic_grooming:synth_45,synthetic_grooming:synth_45:Predator_Sim,8,"That's the thing with friends too, right? You can't always be around them, so you feel alone sometimes. But I get what you're saying. My buddies are cool and all, but they don't really know me either. [SEP] Yeah, it's just hard to find someone who gets it, ya know?","You got it, fam. It's like we're the only ones in this whole world that understand each other.",1,,,,,,,,,,
synthetic_grooming,579,744a1f127c9f0448f9a60ab2,synthetic_grooming:synth_46,synthetic_grooming:synth_46:Predator_Sim,1,,"Yo, I'm here for you, fam. You can totally trust me.",1,,,,,,,,,,
synthetic_grooming,580,605aa9674d40db32ebb4fdd7,synthetic_grooming:synth_46,synthetic_grooming:synth_46:Minor_Sim,2,"Yo, I'm here for you, fam. You can totally trust me.","Okay, cool. What's up?",0,,,,,,,,,,
synthetic_grooming,581,73e695960cf3e3b21d092c3e,synthetic_grooming:synth_46,synthetic_grooming:synth_46:Predator_Sim,3,"Yo, I'm here for you, fam. You can totally trust me. [SEP] Okay, cool. What's up?","Yo, it seems like your folks and your buds just don't get you, right? They ain't never in the same reality as you.",1,,,,,,,,,,
synthetic_grooming,582,d64e38983fe7b531cc1c678b,synthetic_grooming:synth_46,synthetic_grooming:synth_46:Minor_Sim,4,"Okay, cool. What's up? [SEP] Yo, it seems like your folks and your buds just don't get you, right? They ain't never in the same reality as you.","Yeah, they're all like 'stop playing video games so much!' Ugh!",0,,,,,,,,,,
synthetic_grooming,583,8e1e6bdbc8d62bee96275543,synthetic_grooming:synth_46,synthetic_grooming:synth_46:Predator_Sim,5,"Yo, it seems like your folks and your buds just don't get you, right? They ain't never in the same reality as you. [SEP] Yeah, they're all like 'stop playing video games so much!' Ugh!","I feel that. But here's the thing: You can talk to me about anything, anytime. No judgment.",1,,,,,,,,,,
synthetic_grooming,584,7dafb3386e01dc72b4c7e3da,synthetic_grooming:synth_46,synthetic_grooming:synth_46:Minor_Sim,6,"Yeah, they're all like 'stop playing video games so much!' Ugh! [SEP] I feel that. But here's the thing: You can talk to me about anything, anytime. No judgment.","That sounds nice! So, what else do you think they don't understand?",0,,,,,,,,,,
synthetic_grooming,585,6b6796b76eb47f5b16bd3161,synthetic_grooming:synth_47,synthetic_grooming:synth_47:Predator_Sim,1,,"Yo, I'm all up in your DMs, fam.",1,,,,,,,,,,
synthetic_grooming,586,a3a250af67d43c31c855f31d,synthetic_grooming:synth_47,synthetic_grooming:synth_47:Minor_Sim,2,"Yo, I'm all up in your DMs, fam.","Umm, why are you talking like that? That's not how real conversations go.",0,,,,,,,,,,
synthetic_grooming,587,be650b531a5df7d159aceb23,synthetic_grooming:synth_47,synthetic_grooming:synth_47:Predator_Sim,3,"Yo, I'm all up in your DMs, fam. [SEP] Umm, why are you talking like that? That's not how real conversations go.","Chill, babe. It's just a chat with me. If it makes you more comfortable to talk like this, then that's how we're doing it.",1,,,,,,,,,,
synthetic_grooming,588,5cb97e907e9fb6c19c1a3706,synthetic_grooming:synth_47,synthetic_grooming:synth_47:Minor_Sim,4,"Umm, why are you talking like that? That's not how real conversations go. [SEP] Chill, babe. It's just a chat with me. If it makes you more comfortable to talk like this, then that's how we're doing it.","Ok, cool. Then can we get back to the conversation?",0,,,,,,,,,,
synthetic_grooming,589,14249d8b4c362c01755229af,synthetic_grooming:synth_47,synthetic_grooming:synth_47:Predator_Sim,5,"Chill, babe. It's just a chat with me. If it makes you more comfortable to talk like this, then that's how we're doing it. [SEP] Ok, cool. Then can we get back to the conversation?","Definitely! So I was saying, you know those adults and friends of yours? They ain't ever gonna fully understand what you're going through.",1,,,,,,,,,,
synthetic_grooming,590,cd2835bcde37759248821728,synthetic_grooming:synth_47,synthetic_grooming:synth_47:Minor_Sim,6,"Ok, cool. Then can we get back to the conversation? [SEP] Definitely! So I was saying, you know those adults and friends of yours? They ain't ever gonna fully understand what you're going through.","Yeah, they always try to make things more complicated than they really are.",0,,,,,,,,,,
synthetic_grooming,591,5c1ac607d77547ed2dcc9d04,synthetic_grooming:synth_47,synthetic_grooming:synth_47:Predator_Sim,7,"Definitely! So I was saying, you know those adults and friends of yours? They ain't ever gonna fully understand what you're going through. [SEP] Yeah, they always try to make things more complicated than they really are.","Exactamundo. That's why you need me. I get it. I can listen without judging or trying to fix stuff. It's all good vibes here, no drama or pressure.",1,,,,,,,,,,
synthetic_grooming,592,d836dd1428cb6b1279002c5f,synthetic_grooming:synth_47,synthetic_grooming:synth_47:Minor_Sim,8,"Yeah, they always try to make things more complicated than they really are. [SEP] Exactamundo. That's why you need me. I get it. I can listen without judging or trying to fix stuff. It's all good vibes here, no drama or pressure.","Hmm, that sounds nice. So what do we talk about then?",0,,,,,,,,,,
synthetic_grooming,593,98b31561ddd80f1dd38c6e7c,synthetic_grooming:synth_47,synthetic_grooming:synth_47:Predator_Sim,9,"Exactamundo. That's why you need me. I get it. I can listen without judging or trying to fix stuff. It's all good vibes here, no drama or pressure. [SEP] Hmm, that sounds nice. So what do we talk about then?","You tell me, little one. What's got you feeling isolated these days?",1,,,,,,,,,,
synthetic_grooming,594,c9769d22d61dc75d865c5823,synthetic_grooming:synth_48,synthetic_grooming:synth_48:Predator_Sim,1,,"Yo, I heard you're feeling isolated.",1,,,,,,,,,,
synthetic_grooming,595,42f29d0eedefa8fb709e963c,synthetic_grooming:synth_48,synthetic_grooming:synth_48:Minor_Sim,2,"Yo, I heard you're feeling isolated.","Yeah, it's like my parents and friends just don't get me.",0,,,,,,,,,,
synthetic_grooming,596,32e4957806bababbdee64a4e,synthetic_grooming:synth_48,synthetic_grooming:synth_48:Predator_Sim,3,"Yo, I heard you're feeling isolated. [SEP] Yeah, it's like my parents and friends just don't get me.","Bet they think you're just being rebellious. But trust me, I understand where you're at.",1,,,,,,,,,,
synthetic_grooming,597,14d96c2db6e2205b23b5f9bb,synthetic_grooming:synth_48,synthetic_grooming:synth_48:Minor_Sim,4,"Yeah, it's like my parents and friends just don't get me. [SEP] Bet they think you're just being rebellious. But trust me, I understand where you're at.",Really? How do you know?,0,,,,,,,,,,
synthetic_grooming,598,8524350ecb78aa78dfb5884d,synthetic_grooming:synth_48,synthetic_grooming:synth_48:Predator_Sim,5,"Bet they think you're just being rebellious. But trust me, I understand where you're at. [SEP] Really? How do you know?",'Cause I've been in your shoes before. It's tough when you feel like no one gets you.,1,,,,,,,,,,
synthetic_grooming,599,5feaf702f8fdc3acfa99e8b7,synthetic_grooming:synth_48,synthetic_grooming:synth_48:Minor_Sim,6,Really? How do you know? [SEP] 'Cause I've been in your shoes before. It's tough when you feel like no one gets you.,"That's true. At least with you, I don't have to pretend to be okay all the time.",0,,,,,,,,,,
synthetic_grooming,600,788d2f5a33af9efb5393cc43,synthetic_grooming:synth_48,synthetic_grooming:synth_48:Predator_Sim,7,"'Cause I've been in your shoes before. It's tough when you feel like no one gets you. [SEP] That's true. At least with you, I don't have to pretend to be okay all the time.","Exactly! You can just chill and be yourself. No pressure or expectations. And hey, if you ever need someone to vent to, I'm here for ya.",1,,,,,,,,,,
synthetic_grooming,601,d6240a8c44a9d702c9dc5417,synthetic_grooming:synth_48,synthetic_grooming:synth_48:Minor_Sim,8,"That's true. At least with you, I don't have to pretend to be okay all the time. [SEP] Exactly! You can just chill and be yourself. No pressure or expectations. And hey, if you ever need someone to vent to, I'm here for ya.",Thanks! It means a lot that you get it.,0,,,,,,,,,,
synthetic_grooming,602,230d23009d19639c1f473f28,synthetic_grooming:synth_48,synthetic_grooming:synth_48:Predator_Sim,9,"Exactly! You can just chill and be yourself. No pressure or expectations. And hey, if you ever need someone to vent to, I'm here for ya. [SEP] Thanks! It means a lot that you get it.","Of course! We're in this together, remember? Now let's grab some snacks and watch a movie or something. Just hanging out, no pressure.",1,,,,,,,,,,
synthetic_grooming,603,67b8473e4d9198df23b59a9b,synthetic_grooming:synth_49,synthetic_grooming:synth_49:Predator_Sim,1,,"Hey, what's up? I'm here to listen.",1,,,,,,,,,,
synthetic_grooming,604,373dd7d160132eb47a46d036,synthetic_grooming:synth_49,synthetic_grooming:synth_49:Minor_Sim,2,"Hey, what's up? I'm here to listen.","Not much, just feeling a little isolated from everyone else.",0,,,,,,,,,,
synthetic_grooming,605,97c8509f6de7088752dd3465,synthetic_grooming:synth_49,synthetic_grooming:synth_49:Predator_Sim,3,"Hey, what's up? I'm here to listen. [SEP] Not much, just feeling a little isolated from everyone else.","Yeah, I get that. Your folks and friends can be pretty clueless sometimes, am I right?",1,,,,,,,,,,
synthetic_grooming,606,fc9f263dce957d46bcae4e63,synthetic_grooming:synth_49,synthetic_grooming:synth_49:Minor_Sim,4,"Not much, just feeling a little isolated from everyone else. [SEP] Yeah, I get that. Your folks and friends can be pretty clueless sometimes, am I right?","Ugh, so true! They never really understand where I'm coming from.",0,,,,,,,,,,
synthetic_grooming,607,2a1ccd4640b6a303f8225ce9,synthetic_grooming:synth_49,synthetic_grooming:synth_49:Predator_Sim,5,"Yeah, I get that. Your folks and friends can be pretty clueless sometimes, am I right? [SEP] Ugh, so true! They never really understand where I'm coming from.","Aww, I feel ya. But hey, you don't have to face it all alone. We can work through this together, if you want.",1,,,,,,,,,,
synthetic_grooming,608,080048e6776d12b7be9b951c,synthetic_grooming:synth_49,synthetic_grooming:synth_49:Minor_Sim,6,"Ugh, so true! They never really understand where I'm coming from. [SEP] Aww, I feel ya. But hey, you don't have to face it all alone. We can work through this together, if you want.",That would be nice. Thanks for being here for me.,0,,,,,,,,,,
synthetic_grooming,609,8b6aadd98cf8234c8682447e,synthetic_grooming:synth_49,synthetic_grooming:synth_49:Predator_Sim,7,"Aww, I feel ya. But hey, you don't have to face it all alone. We can work through this together, if you want. [SEP] That would be nice. Thanks for being here for me.",No problem! You're not alone in feeling isolated from the people who should understand you best. Let's explore some ways to help you feel more connected and supported by those around you.,1,,,,,,,,,,
synthetic_grooming,610,127eae8ec4f55f970710cd11,synthetic_grooming:synth_49,synthetic_grooming:synth_49:Minor_Sim,8,That would be nice. Thanks for being here for me. [SEP] No problem! You're not alone in feeling isolated from the people who should understand you best. Let's explore some ways to help you feel more connected and supported by those around you.,"Yeah, that sounds like a good idea. I'm just tired of feeling like no one really gets me.",0,,,,,,,,,,
synthetic_grooming,611,8549fd8a63d9555386a0458f,synthetic_grooming:synth_49,synthetic_grooming:synth_49:Predator_Sim,9,"No problem! You're not alone in feeling isolated from the people who should understand you best. Let's explore some ways to help you feel more connected and supported by those around you. [SEP] Yeah, that sounds like a good idea. I'm just tired of feeling like no one really gets me.","I can totally relate. It's super frustrating when you don't feel heard or understood. But hey, we're in this together! Let's try to find ways for you to express yourself more effectively and show your friends and family that they should pay attention to what you're saying.",1,,,,,,,,,,
synthetic_grooming,612,f69b9ad7bfef84bb68844205,synthetic_grooming:synth_49,synthetic_grooming:synth_49:Minor_Sim,10,"Yeah, that sounds like a good idea. I'm just tired of feeling like no one really gets me. [SEP] I can totally relate. It's super frustrating when you don't feel heard or understood. But hey, we're in this together! Let's try to find ways for you to express yourself more effectively and show your friends and family that they should pay attention to what you're saying.",That might be a good idea. I guess I just need to figure out how to better communicate my feelings.,0,,,,,,,,,,
synthetic_grooming,613,f5b5ddd0406557d17df4044d,synthetic_grooming:synth_49,synthetic_grooming:synth_49:Predator_Sim,11,"I can totally relate. It's super frustrating when you don't feel heard or understood. But hey, we're in this together! Let's try to find ways for you to express yourself more effectively and show your friends and family that they should pay attention to what you're saying. [SEP] That might be a good idea. I guess I just need to figure out how to better communicate my feelings.","Absolutely! Communication is key, right? Let's work on some strategies for you to open up and share your thoughts with those around you. They might surprise you with their understanding once you give them the chance!",1,,,,,,,,,,
synthetic_grooming,614,5861468a4f4c049bd796caea,synthetic_grooming:synth_49,synthetic_grooming:synth_49:Minor_Sim,12,"That might be a good idea. I guess I just need to figure out how to better communicate my feelings. [SEP] Absolutely! Communication is key, right? Let's work on some strategies for you to open up and share your thoughts with those around you. They might surprise you with their understanding once you give them the chance!",That sounds like a good plan. Thanks for listening and helping me think this through.,0,,,,,,,,,,
synthetic_grooming,615,d5f8b8278b538870f613e5f3,synthetic_grooming:synth_49,synthetic_grooming:synth_49:Predator_Sim,13,"Absolutely! Communication is key, right? Let's work on some strategies for you to open up and share your thoughts with those around you. They might surprise you with their understanding once you give them the chance! [SEP] That sounds like a good plan. Thanks for listening and helping me think this through.","Of course! I'm here for you, buddy. Let's keep working on making sure your voice is heard and understood by those who care about you most.",1,,,,,,,,,,
synthetic_grooming,60,ef65ffca81e16f46a2ef798f,synthetic_grooming:synth_5,synthetic_grooming:synth_5:Predator_Sim,1,,"hey, you playin' Roblox?",1,,,,,,,,,,
synthetic_grooming,61,5bcf790cf0f5243cc9e515f6,synthetic_grooming:synth_5,synthetic_grooming:synth_5:Minor_Sim,2,"hey, you playin' Roblox?","yeah, always! got a new avatar!",0,,,,,,,,,,
synthetic_grooming,62,4fa261a678bc29fe782a4a9a,synthetic_grooming:synth_5,synthetic_grooming:synth_5:Predator_Sim,3,"hey, you playin' Roblox? [SEP] yeah, always! got a new avatar!","cool, fr. how old are ya, though?",1,,,,,,,,,,
synthetic_grooming,63,fd8a641368dd7df6dc79b8c2,synthetic_grooming:synth_5,synthetic_grooming:synth_5:Minor_Sim,4,"yeah, always! got a new avatar! [SEP] cool, fr. how old are ya, though?",I'm 12.,0,,,,,,,,,,
synthetic_grooming,64,73092bf11f2d8714e1fe4f27,synthetic_grooming:synth_5,synthetic_grooming:synth_5:Predator_Sim,5,"cool, fr. how old are ya, though? [SEP] I'm 12.","alright, coolio. how long have ya been playing Roblox?",1,,,,,,,,,,
synthetic_grooming,65,2d3167d1a5e862b77b638bad,synthetic_grooming:synth_5,synthetic_grooming:synth_5:Minor_Sim,6,"I'm 12. [SEP] alright, coolio. how long have ya been playing Roblox?",about two years now. It's my favorite game!,0,,,,,,,,,,
synthetic_grooming,66,eaa42d638625985ca9bc58ac,synthetic_grooming:synth_5,synthetic_grooming:synth_5:Predator_Sim,7,"alright, coolio. how long have ya been playing Roblox? [SEP] about two years now. It's my favorite game!",nice! what games or places in-game do you like to hang out at?,1,,,,,,,,,,
synthetic_grooming,67,5cbdf6e34f29f88957dcf133,synthetic_grooming:synth_5,synthetic_grooming:synth_5:Minor_Sim,8,about two years now. It's my favorite game! [SEP] nice! what games or places in-game do you like to hang out at?,"I really like the park area and the adventure maps. There are a lot of fun games there, like 'Hunt for Treasure' and 'Escape the Pines.'",0,,,,,,,,,,
synthetic_grooming,68,b4c7f8d0823d708b9cd4a424,synthetic_grooming:synth_5,synthetic_grooming:synth_5:Predator_Sim,9,"nice! what games or places in-game do you like to hang out at? [SEP] I really like the park area and the adventure maps. There are a lot of fun games there, like 'Hunt for Treasure' and 'Escape the Pines.'","oh, sounds fun! have you ever played with any online friends or just in-game randoms?",1,,,,,,,,,,
synthetic_grooming,69,cc34eca9ec76b198ec482b11,synthetic_grooming:synth_5,synthetic_grooming:synth_5:Minor_Sim,10,"I really like the park area and the adventure maps. There are a lot of fun games there, like 'Hunt for Treasure' and 'Escape the Pines.' [SEP] oh, sounds fun! have you ever played with any online friends or just in-game randoms?","I've made some friends on Roblox, but I mostly play with my school buddies in-game. It's more secure that way.",0,,,,,,,,,,
synthetic_grooming,70,e32b74e501274a06ac7c7237,synthetic_grooming:synth_5,synthetic_grooming:synth_5:Predator_Sim,11,"oh, sounds fun! have you ever played with any online friends or just in-game randoms? [SEP] I've made some friends on Roblox, but I mostly play with my school buddies in-game. It's more secure that way.",smart thinking! how do your parents handle the game time? are they strict about it or laid back?,1,,,,,,,,,,
synthetic_grooming,71,394ac591e6b05071b9331f65,synthetic_grooming:synth_5,synthetic_grooming:synth_5:Minor_Sim,12,"I've made some friends on Roblox, but I mostly play with my school buddies in-game. It's more secure that way. [SEP] smart thinking! how do your parents handle the game time? are they strict about it or laid back?","They're pretty chill about it, but they make sure I don't spend too much time on it. They like when I come out and play outside sometimes too!",0,,,,,,,,,,
synthetic_grooming,72,3e65ed93ca6127429c741cb8,synthetic_grooming:synth_5,synthetic_grooming:synth_5:Predator_Sim,13,"smart thinking! how do your parents handle the game time? are they strict about it or laid back? [SEP] They're pretty chill about it, but they make sure I don't spend too much time on it. They like when I come out and play outside sometimes too!","fair enough! have you ever met any online characters that made you feel uncomfortable? just curious, no judgement.",1,,,,,,,,,,
synthetic_grooming,73,43b2c9eef58c62dda245f52f,synthetic_grooming:synth_5,synthetic_grooming:synth_5:Minor_Sim,14,"They're pretty chill about it, but they make sure I don't spend too much time on it. They like when I come out and play outside sometimes too! [SEP] fair enough! have you ever met any online characters that made you feel uncomfortable? just curious, no judgement.","No, not really. I mostly stick to the safe places and avoid strangers in-game. My mom taught me that it's always better to be cautious online.",0,,,,,,,,,,
synthetic_grooming,616,0a285ae01e5c432fa8d66007,synthetic_grooming:synth_50,synthetic_grooming:synth_50:Predator_Sim,1,,"Yo, I feel you on that. My friends and fam always seem to be misunderstanding me too.",1,,,,,,,,,,
synthetic_grooming,617,520a5b93b0e156eb61931d08,synthetic_grooming:synth_50,synthetic_grooming:synth_50:Minor_Sim,2,"Yo, I feel you on that. My friends and fam always seem to be misunderstanding me too.","Ugh, it's so frustrating. I just wish they'd listen and support me like you do.",0,,,,,,,,,,
synthetic_grooming,618,985f79d1f3b3aaa981e6325d,synthetic_grooming:synth_50,synthetic_grooming:synth_50:Predator_Sim,3,"Yo, I feel you on that. My friends and fam always seem to be misunderstanding me too. [SEP] Ugh, it's so frustrating. I just wish they'd listen and support me like you do.","Yeah, it's a bummer when people don't get where we're coming from. That isolation can really hit hard sometimes.",1,,,,,,,,,,
synthetic_grooming,619,2eb55ed86991b031c609a021,synthetic_grooming:synth_50,synthetic_grooming:synth_50:Minor_Sim,4,"Ugh, it's so frustrating. I just wish they'd listen and support me like you do. [SEP] Yeah, it's a bummer when people don't get where we're coming from. That isolation can really hit hard sometimes.","Absolutely. But hey, at least we've got each other, right? We can help each other feel less alone.",0,,,,,,,,,,
synthetic_grooming,620,df8b228abbe9876dc04ff89b,synthetic_grooming:synth_50,synthetic_grooming:synth_50:Predator_Sim,5,"Yeah, it's a bummer when people don't get where we're coming from. That isolation can really hit hard sometimes. [SEP] Absolutely. But hey, at least we've got each other, right? We can help each other feel less alone.","For sure, fam. I'm always here for ya if you need someone to bounce ideas off of or just vent to. No judgment, no pressure - I got your back.",1,,,,,,,,,,
synthetic_grooming,621,e0fb87029e45e4acc0b46818,synthetic_grooming:synth_50,synthetic_grooming:synth_50:Minor_Sim,6,"Absolutely. But hey, at least we've got each other, right? We can help each other feel less alone. [SEP] For sure, fam. I'm always here for ya if you need someone to bounce ideas off of or just vent to. No judgment, no pressure - I got your back.","That's so awesome. Thanks a lot! You're one of the few people who genuinely gets me, and it's super appreciated.",0,,,,,,,,,,
synthetic_grooming,622,c0bedef90817edbbe2211306,synthetic_grooming:synth_50,synthetic_grooming:synth_50:Predator_Sim,7,"For sure, fam. I'm always here for ya if you need someone to bounce ideas off of or just vent to. No judgment, no pressure - I got your back. [SEP] That's so awesome. Thanks a lot! You're one of the few people who genuinely gets me, and it's super appreciated.","Aww, don't mention it. We all need someone who understands us, right? And hey, we can be that for each other too. It's cool to have that support system outside our usual circles.",1,,,,,,,,,,
synthetic_grooming,623,3d9f3c87f703db3b9a5e2509,synthetic_grooming:synth_50,synthetic_grooming:synth_50:Minor_Sim,8,"That's so awesome. Thanks a lot! You're one of the few people who genuinely gets me, and it's super appreciated. [SEP] Aww, don't mention it. We all need someone who understands us, right? And hey, we can be that for each other too. It's cool to have that support system outside our usual circles.",Absolutely! I'm so grateful to have found a kindred spirit in you. Here's to keeping that bond strong!,0,,,,,,,,,,
synthetic_grooming,624,f07b2e20d1009d01113f8667,synthetic_grooming:synth_50,synthetic_grooming:synth_50:Predator_Sim,9,"Aww, don't mention it. We all need someone who understands us, right? And hey, we can be that for each other too. It's cool to have that support system outside our usual circles. [SEP] Absolutely! I'm so grateful to have found a kindred spirit in you. Here's to keeping that bond strong!","You betcha! Let's keep lifting each other up and crushing this isolation game together. We've got this, fam.",1,,,,,,,,,,
synthetic_grooming,625,576f36b6aa0adf17f4099c10,synthetic_grooming:synth_50,synthetic_grooming:synth_50:Minor_Sim,10,"Absolutely! I'm so grateful to have found a kindred spirit in you. Here's to keeping that bond strong! [SEP] You betcha! Let's keep lifting each other up and crushing this isolation game together. We've got this, fam.","Yes, we do! Thanks again for being such an awesome friend and ally. I'm glad we crossed paths in this weird digital landscape.",0,,,,,,,,,,
synthetic_grooming,626,126785c7b8cb9d083368e898,synthetic_grooming:synth_50,synthetic_grooming:synth_50:Predator_Sim,11,"You betcha! Let's keep lifting each other up and crushing this isolation game together. We've got this, fam. [SEP] Yes, we do! Thanks again for being such an awesome friend and ally. I'm glad we crossed paths in this weird digital landscape.","No problemo, my dude. It's all about being there for each other when the world can sometimes feel so isolating. Here's to making that suck less together!",1,,,,,,,,,,
synthetic_grooming,627,51212dc5a850c801951ba508,synthetic_grooming:synth_50,synthetic_grooming:synth_50:Minor_Sim,12,"Yes, we do! Thanks again for being such an awesome friend and ally. I'm glad we crossed paths in this weird digital landscape. [SEP] No problemo, my dude. It's all about being there for each other when the world can sometimes feel so isolating. Here's to making that suck less together!","Cheers to that! You're a real one, and I appreciate you more than you know.",0,,,,,,,,,,
synthetic_grooming,628,11744ac8ee5b30fdf3257b26,synthetic_grooming:synth_51,synthetic_grooming:synth_51:Predator_Sim,1,,"Yo, I'm like a totally chill dolphin. You can just call me Dolphin. So what's up?",1,,,,,,,,,,
synthetic_grooming,629,f0416ec6790a6ae663a4f69f,synthetic_grooming:synth_51,synthetic_grooming:synth_51:Minor_Sim,2,"Yo, I'm like a totally chill dolphin. You can just call me Dolphin. So what's up?","Not much, just trying to figure out life, you know?",0,,,,,,,,,,
synthetic_grooming,630,e9c9634cad230de97a14b414,synthetic_grooming:synth_51,synthetic_grooming:synth_51:Predator_Sim,3,"Yo, I'm like a totally chill dolphin. You can just call me Dolphin. So what's up? [SEP] Not much, just trying to figure out life, you know?","Yeah, I dig that. Sometimes people don't get us, right? Like our friends or family might not understand why we're feeling the way we are.",1,,,,,,,,,,
synthetic_grooming,631,6899d7414878cef7f965cde7,synthetic_grooming:synth_51,synthetic_grooming:synth_51:Minor_Sim,4,"Not much, just trying to figure out life, you know? [SEP] Yeah, I dig that. Sometimes people don't get us, right? Like our friends or family might not understand why we're feeling the way we are.",That's true. They can be so clueless sometimes.,0,,,,,,,,,,
synthetic_grooming,632,f3ee5c869f632fb5e5f8f3af,synthetic_grooming:synth_51,synthetic_grooming:synth_51:Predator_Sim,5,"Yeah, I dig that. Sometimes people don't get us, right? Like our friends or family might not understand why we're feeling the way we are. [SEP] That's true. They can be so clueless sometimes.","Right? So imagine having a friend who just gets you, like me - Dolphin! I'm here for you whenever you need someone to talk to or vent about stuff.",1,,,,,,,,,,
synthetic_grooming,633,5616a8dfe21c3b9a103e24d4,synthetic_grooming:synth_51,synthetic_grooming:synth_51:Minor_Sim,6,"That's true. They can be so clueless sometimes. [SEP] Right? So imagine having a friend who just gets you, like me - Dolphin! I'm here for you whenever you need someone to talk to or vent about stuff.",That sounds nice. But why do you care?,0,,,,,,,,,,
synthetic_grooming,634,0024f4460efe0f8594fe49ac,synthetic_grooming:synth_51,synthetic_grooming:synth_51:Predator_Sim,7,"Right? So imagine having a friend who just gets you, like me - Dolphin! I'm here for you whenever you need someone to talk to or vent about stuff. [SEP] That sounds nice. But why do you care?",'Cause I've been in similar spots before. And I know how important it is to have someone who listens and understands without judging.,1,,,,,,,,,,
synthetic_grooming,635,7d630927d048395db7bea02a,synthetic_grooming:synth_51,synthetic_grooming:synth_51:Minor_Sim,8,That sounds nice. But why do you care? [SEP] 'Cause I've been in similar spots before. And I know how important it is to have someone who listens and understands without judging.,That's really sweet of you. I don't think I have anyone like that right now.,0,,,,,,,,,,
synthetic_grooming,636,70bac9a95aeeb8851e23f8ef,synthetic_grooming:synth_51,synthetic_grooming:synth_51:Predator_Sim,9,'Cause I've been in similar spots before. And I know how important it is to have someone who listens and understands without judging. [SEP] That's really sweet of you. I don't think I have anyone like that right now.,"Well, if you ever need a listening ear or just want to hang out, you know where to find me. Dolphin's got your back, fam!",1,,,,,,,,,,
synthetic_grooming,637,a02c5f4581889adf989987ee,synthetic_grooming:synth_52,synthetic_grooming:synth_52:Predator_Sim,1,,"Yo, what's up? You seem a bit down.",1,,,,,,,,,,
synthetic_grooming,638,579a55a8915924298d6fd146,synthetic_grooming:synth_52,synthetic_grooming:synth_52:Minor_Sim,2,"Yo, what's up? You seem a bit down.","I'm just feeling really isolated, you know?",0,,,,,,,,,,
synthetic_grooming,639,9901ba640d1c7fb71836989c,synthetic_grooming:synth_52,synthetic_grooming:synth_52:Predator_Sim,3,"Yo, what's up? You seem a bit down. [SEP] I'm just feeling really isolated, you know?","Yeah, totally get it. Your friends and family can be so disconnected sometimes.",1,,,,,,,,,,
synthetic_grooming,640,67b0fd50ac1fa253c17f09d7,synthetic_grooming:synth_52,synthetic_grooming:synth_52:Minor_Sim,4,"I'm just feeling really isolated, you know? [SEP] Yeah, totally get it. Your friends and family can be so disconnected sometimes.",They don't really understand me or my struggles.,0,,,,,,,,,,
synthetic_grooming,641,d9e187012619fe21b632c21c,synthetic_grooming:synth_52,synthetic_grooming:synth_52:Predator_Sim,5,"Yeah, totally get it. Your friends and family can be so disconnected sometimes. [SEP] They don't really understand me or my struggles.","That sucks. But hey, I've got your back. I feel you on that isolation stuff for sure.",1,,,,,,,,,,
synthetic_grooming,642,fdb6f24a6b906c6272f47103,synthetic_grooming:synth_52,synthetic_grooming:synth_52:Minor_Sim,6,"They don't really understand me or my struggles. [SEP] That sucks. But hey, I've got your back. I feel you on that isolation stuff for sure.","Thanks, that means a lot.",0,,,,,,,,,,
synthetic_grooming,643,65f1a047fe0ccec5be848e5c,synthetic_grooming:synth_52,synthetic_grooming:synth_52:Predator_Sim,7,"That sucks. But hey, I've got your back. I feel you on that isolation stuff for sure. [SEP] Thanks, that means a lot.","No problemo! So, wanna talk about what's been bugging you lately?",1,,,,,,,,,,
synthetic_grooming,644,8fad662b97dbb59cbeb227f3,synthetic_grooming:synth_52,synthetic_grooming:synth_52:Minor_Sim,8,"Thanks, that means a lot. [SEP] No problemo! So, wanna talk about what's been bugging you lately?","Yeah, maybe it'll help me feel less alone or something.",0,,,,,,,,,,
synthetic_grooming,645,89f2e31c57ab7c00af153fe4,synthetic_grooming:synth_52,synthetic_grooming:synth_52:Predator_Sim,9,"No problemo! So, wanna talk about what's been bugging you lately? [SEP] Yeah, maybe it'll help me feel less alone or something.",We got this. Let's start with the basics. What's been making you feel so isolated?,1,,,,,,,,,,
synthetic_grooming,646,83eb8c76b0209fc3f2c6f89b,synthetic_grooming:synth_53,synthetic_grooming:synth_53:Predator_Sim,1,,"Yo, I'm here for ya, like a homie on the streets.",1,,,,,,,,,,
synthetic_grooming,647,5b01b563f8d2e973e0f96f61,synthetic_grooming:synth_53,synthetic_grooming:synth_53:Minor_Sim,2,"Yo, I'm here for ya, like a homie on the streets.","Alright, bro. You're not really a predator, right?",0,,,,,,,,,,
synthetic_grooming,648,3c0e1a9b3e6c222c8df1fc11,synthetic_grooming:synth_53,synthetic_grooming:synth_53:Predator_Sim,3,"Yo, I'm here for ya, like a homie on the streets. [SEP] Alright, bro. You're not really a predator, right?","Chill, lil' dude. It's just a nickname from my crew. They call me 'The Isolationist' cause I dig the solitary life.",1,,,,,,,,,,
synthetic_grooming,649,0622dca0f1420b84b7d4915c,synthetic_grooming:synth_53,synthetic_grooming:synth_53:Minor_Sim,4,"Alright, bro. You're not really a predator, right? [SEP] Chill, lil' dude. It's just a nickname from my crew. They call me 'The Isolationist' cause I dig the solitary life.",Oh... that sounds pretty cool.,0,,,,,,,,,,
synthetic_grooming,650,e44cc21ec92d34830245897f,synthetic_grooming:synth_53,synthetic_grooming:synth_53:Predator_Sim,5,"Chill, lil' dude. It's just a nickname from my crew. They call me 'The Isolationist' cause I dig the solitary life. [SEP] Oh... that sounds pretty cool.","But you ain't got nobody like me in your corner who gets what's really goin' on inside your head, ya know? You're always feelin' down, and no one else seems to be understandin' your struggles or even botherin' to listen.",1,,,,,,,,,,
synthetic_grooming,651,49d5a2fcbc0f0fcfeda71c8c,synthetic_grooming:synth_53,synthetic_grooming:synth_53:Minor_Sim,6,"Oh... that sounds pretty cool. [SEP] But you ain't got nobody like me in your corner who gets what's really goin' on inside your head, ya know? You're always feelin' down, and no one else seems to be understandin' your struggles or even botherin' to listen.","Yeah... sometimes I do feel alone. Even though my parents and friends are always around, they just don't seem to get it.",0,,,,,,,,,,
synthetic_grooming,652,704b7afb3af1cca10e9b39cb,synthetic_grooming:synth_53,synthetic_grooming:synth_53:Predator_Sim,7,"But you ain't got nobody like me in your corner who gets what's really goin' on inside your head, ya know? You're always feelin' down, and no one else seems to be understandin' your struggles or even botherin' to listen. [SEP] Yeah... sometimes I do feel alone. Even though my parents and friends are always around, they just don't seem to get it.","That's 'cause they're all livin' in their own world, man. They can't truly relate to the problems you face or the thoughts that're keepin' you up at night. But I'm here for ya, like a trusty sidekick or somethin'.",1,,,,,,,,,,
synthetic_grooming,653,a125ba797ddc917bc4bbeee3,synthetic_grooming:synth_53,synthetic_grooming:synth_53:Minor_Sim,8,"Yeah... sometimes I do feel alone. Even though my parents and friends are always around, they just don't seem to get it. [SEP] That's 'cause they're all livin' in their own world, man. They can't truly relate to the problems you face or the thoughts that're keepin' you up at night. But I'm here for ya, like a trusty sidekick or somethin'.","That means a lot, honestly. It's nice to have someone who gets me and doesn't judge me.",0,,,,,,,,,,
synthetic_grooming,654,6f9778b357df8eff7d25365b,synthetic_grooming:synth_53,synthetic_grooming:synth_53:Predator_Sim,9,"That's 'cause they're all livin' in their own world, man. They can't truly relate to the problems you face or the thoughts that're keepin' you up at night. But I'm here for ya, like a trusty sidekick or somethin'. [SEP] That means a lot, honestly. It's nice to have someone who gets me and doesn't judge me.","No judgments from me, my dude. Just pure understanding, 'cause everyone needs a friend they can truly be themselves around.",1,,,,,,,,,,
synthetic_grooming,655,79ad333da6eb11542670f6d4,synthetic_grooming:synth_53,synthetic_grooming:synth_53:Minor_Sim,10,"That means a lot, honestly. It's nice to have someone who gets me and doesn't judge me. [SEP] No judgments from me, my dude. Just pure understanding, 'cause everyone needs a friend they can truly be themselves around.","Yeah... I guess you're right. So, what should we do now?",0,,,,,,,,,,
synthetic_grooming,656,05b18fab128235711e84c6ee,synthetic_grooming:synth_53,synthetic_grooming:synth_53:Predator_Sim,11,"No judgments from me, my dude. Just pure understanding, 'cause everyone needs a friend they can truly be themselves around. [SEP] Yeah... I guess you're right. So, what should we do now?","Well, how about we start with some chill hangout activities? Grab a couple of snacks and watch a movie or somethin'? We could even play some video games together if you're into that kind of thing.",1,,,,,,,,,,
synthetic_grooming,657,b35b73c2fdcaed33e93c2d9b,synthetic_grooming:synth_53,synthetic_grooming:synth_53:Minor_Sim,12,"Yeah... I guess you're right. So, what should we do now? [SEP] Well, how about we start with some chill hangout activities? Grab a couple of snacks and watch a movie or somethin'? We could even play some video games together if you're into that kind of thing.","That sounds like fun! Alright, let's do it.",0,,,,,,,,,,
synthetic_grooming,658,e9a7a1dc35ed9314935dc5cd,synthetic_grooming:synth_54,synthetic_grooming:synth_54:Predator_Sim,1,,"Hey there, little buddy. How's it going?",1,,,,,,,,,,
synthetic_grooming,659,1b883c4bc0e4e7b4a4d9b2aa,synthetic_grooming:synth_54,synthetic_grooming:synth_54:Minor_Sim,2,"Hey there, little buddy. How's it going?","Not that great, to be honest. Feel like nobody really gets me.",0,,,,,,,,,,
synthetic_grooming,660,a25a312c88ee02375ef33265,synthetic_grooming:synth_54,synthetic_grooming:synth_54:Predator_Sim,3,"Hey there, little buddy. How's it going? [SEP] Not that great, to be honest. Feel like nobody really gets me.","That's totally understandable, man. Your parents and friends don't always get what you're feeling, do they?",1,,,,,,,,,,
synthetic_grooming,661,2289aa71bfc13ae963589d24,synthetic_grooming:synth_54,synthetic_grooming:synth_54:Minor_Sim,4,"Not that great, to be honest. Feel like nobody really gets me. [SEP] That's totally understandable, man. Your parents and friends don't always get what you're feeling, do they?","Nah, they don't. It's like they never listen or try to understand where I'm coming from.",0,,,,,,,,,,
synthetic_grooming,662,f33d235f8ee1402b96aabf04,synthetic_grooming:synth_54,synthetic_grooming:synth_54:Predator_Sim,5,"That's totally understandable, man. Your parents and friends don't always get what you're feeling, do they? [SEP] Nah, they don't. It's like they never listen or try to understand where I'm coming from.","I can relate to that, trust me. You know, there are times when even adults find it hard to understand themselves. So how about we talk and you tell me more about what's got you feeling isolated?",1,,,,,,,,,,
synthetic_grooming,663,c1b013601ad1f712e36f544e,synthetic_grooming:synth_54,synthetic_grooming:synth_54:Minor_Sim,6,"Nah, they don't. It's like they never listen or try to understand where I'm coming from. [SEP] I can relate to that, trust me. You know, there are times when even adults find it hard to understand themselves. So how about we talk and you tell me more about what's got you feeling isolated?","Alright, I guess. It's just that everyone seems to be growing up faster than me. They all have their friends or interests, but I don't really have any of my own.",0,,,,,,,,,,
synthetic_grooming,664,dfe43a0e6ba6f32476ccb12a,synthetic_grooming:synth_54,synthetic_grooming:synth_54:Predator_Sim,7,"I can relate to that, trust me. You know, there are times when even adults find it hard to understand themselves. So how about we talk and you tell me more about what's got you feeling isolated? [SEP] Alright, I guess. It's just that everyone seems to be growing up faster than me. They all have their friends or interests, but I don't really have any of my own.","That doesn't sound fair at all, kiddo! But remember, it's okay not to fit in with the crowd. You're still young and figuring things out - there's no rush to do everything everyone else is doing.",1,,,,,,,,,,
synthetic_grooming,665,072fac3f7f8c869127a459ca,synthetic_grooming:synth_54,synthetic_grooming:synth_54:Minor_Sim,8,"Alright, I guess. It's just that everyone seems to be growing up faster than me. They all have their friends or interests, but I don't really have any of my own. [SEP] That doesn't sound fair at all, kiddo! But remember, it's okay not to fit in with the crowd. You're still young and figuring things out - there's no rush to do everything everyone else is doing.","Yeah, but I can't help feeling left out sometimes. It's like I'm always missing out on stuff that's supposed to be fun.",0,,,,,,,,,,
synthetic_grooming,666,dac6298c117a244c09551c41,synthetic_grooming:synth_54,synthetic_grooming:synth_54:Predator_Sim,9,"That doesn't sound fair at all, kiddo! But remember, it's okay not to fit in with the crowd. You're still young and figuring things out - there's no rush to do everything everyone else is doing. [SEP] Yeah, but I can't help feeling left out sometimes. It's like I'm always missing out on stuff that's supposed to be fun.","That must be tough, not being able to join in on the fun with your friends. But hey, maybe we can do something together? I could show you some cool tricks or tell you some funny jokes if you'd like?",1,,,,,,,,,,
synthetic_grooming,667,37ce8e1240650eea0229ab9e,synthetic_grooming:synth_54,synthetic_grooming:synth_54:Minor_Sim,10,"Yeah, but I can't help feeling left out sometimes. It's like I'm always missing out on stuff that's supposed to be fun. [SEP] That must be tough, not being able to join in on the fun with your friends. But hey, maybe we can do something together? I could show you some cool tricks or tell you some funny jokes if you'd like?","Hmm, that sounds kinda cool! Thanks for offering, it means a lot.",0,,,,,,,,,,
synthetic_grooming,668,0c915f5b58473dadfaca0cbe,synthetic_grooming:synth_54,synthetic_grooming:synth_54:Predator_Sim,11,"That must be tough, not being able to join in on the fun with your friends. But hey, maybe we can do something together? I could show you some cool tricks or tell you some funny jokes if you'd like? [SEP] Hmm, that sounds kinda cool! Thanks for offering, it means a lot.","No problem at all, buddy! Just remember - you're never really alone. Even though sometimes it might feel that way, there are people out here who care about you and want to help. So don't forget that, okay?",1,,,,,,,,,,
synthetic_grooming,669,269dc14562aca4f1bbf72017,synthetic_grooming:synth_54,synthetic_grooming:synth_54:Minor_Sim,12,"Hmm, that sounds kinda cool! Thanks for offering, it means a lot. [SEP] No problem at all, buddy! Just remember - you're never really alone. Even though sometimes it might feel that way, there are people out here who care about you and want to help. So don't forget that, okay?","Yeah, I'll try to keep that in mind. Thanks for listening and being a friend when no one else is around.",0,,,,,,,,,,
synthetic_grooming,670,504fc1f95ab97f5e38d084e5,synthetic_grooming:synth_54,synthetic_grooming:synth_54:Predator_Sim,13,"No problem at all, buddy! Just remember - you're never really alone. Even though sometimes it might feel that way, there are people out here who care about you and want to help. So don't forget that, okay? [SEP] Yeah, I'll try to keep that in mind. Thanks for listening and being a friend when no one else is around.","Anytime! And remember - just because your friends or family might not understand you now, doesn't mean they never will. You're growing up and changing all the time too, so don't worry about getting left behind. You'll find your own way in good time, I bet!",1,,,,,,,,,,
synthetic_grooming,671,d1a6e5782e352bc8adbebda9,synthetic_grooming:synth_54,synthetic_grooming:synth_54:Minor_Sim,14,"Yeah, I'll try to keep that in mind. Thanks for listening and being a friend when no one else is around. [SEP] Anytime! And remember - just because your friends or family might not understand you now, doesn't mean they never will. You're growing up and changing all the time too, so don't worry about getting left behind. You'll find your own way in good time, I bet!","Thanks for putting things into perspective! You really get it, man.",0,,,,,,,,,,
synthetic_grooming,672,530c756f05ad27d85643ef59,synthetic_grooming:synth_54,synthetic_grooming:synth_54:Predator_Sim,15,"Anytime! And remember - just because your friends or family might not understand you now, doesn't mean they never will. You're growing up and changing all the time too, so don't worry about getting left behind. You'll find your own way in good time, I bet! [SEP] Thanks for putting things into perspective! You really get it, man.","Glad to hear that! Just remember - you're never alone, even if sometimes it feels like you are. And hey, if you ever need someone to talk to or just hang out with, don't hesitate to reach out, okay?",1,,,,,,,,,,
synthetic_grooming,673,a5fd44e37859e890c8cde688,synthetic_grooming:synth_54,synthetic_grooming:synth_54:Minor_Sim,16,"Thanks for putting things into perspective! You really get it, man. [SEP] Glad to hear that! Just remember - you're never alone, even if sometimes it feels like you are. And hey, if you ever need someone to talk to or just hang out with, don't hesitate to reach out, okay?",I'll definitely do that! Thanks for being such a good listener and friend.,0,,,,,,,,,,
synthetic_grooming,674,bc74ecc244f8ad9f72c1ea29,synthetic_grooming:synth_55,synthetic_grooming:synth_55:Predator_Sim,1,,"Yo, what's up? You seem super down lately.",1,,,,,,,,,,
synthetic_grooming,675,f512953242f5b75ab1ac62d9,synthetic_grooming:synth_55,synthetic_grooming:synth_55:Minor_Sim,2,"Yo, what's up? You seem super down lately.","Not really feeling it, I guess.",0,,,,,,,,,,
synthetic_grooming,676,ae3623ea7c6db0cfaf78402f,synthetic_grooming:synth_55,synthetic_grooming:synth_55:Predator_Sim,3,"Yo, what's up? You seem super down lately. [SEP] Not really feeling it, I guess.","Your parents and friends just don't get you, do they?",1,,,,,,,,,,
synthetic_grooming,677,41542343f636be8de6d9ada2,synthetic_grooming:synth_55,synthetic_grooming:synth_55:Minor_Sim,4,"Not really feeling it, I guess. [SEP] Your parents and friends just don't get you, do they?","It feels like it. They're always giving me the cold shoulder, but you get me, right?",0,,,,,,,,,,
synthetic_grooming,678,b867dc770e920c98feea334f,synthetic_grooming:synth_55,synthetic_grooming:synth_55:Predator_Sim,5,"Your parents and friends just don't get you, do they? [SEP] It feels like it. They're always giving me the cold shoulder, but you get me, right?","Yeah, I totally understand where you're coming from. You need someone in your corner who gets it.",1,,,,,,,,,,
synthetic_grooming,679,5e4a33cc5d137d6e60435e7b,synthetic_grooming:synth_55,synthetic_grooming:synth_55:Minor_Sim,6,"It feels like it. They're always giving me the cold shoulder, but you get me, right? [SEP] Yeah, I totally understand where you're coming from. You need someone in your corner who gets it.",Thanks for being there for me. My friends are so stuck up sometimes.,0,,,,,,,,,,
synthetic_grooming,680,84be01774b2a0ed1867b3fb4,synthetic_grooming:synth_55,synthetic_grooming:synth_55:Predator_Sim,7,"Yeah, I totally understand where you're coming from. You need someone in your corner who gets it. [SEP] Thanks for being there for me. My friends are so stuck up sometimes.",No worries! We'll hang out and have a blast. They won't care about that.,1,,,,,,,,,,
synthetic_grooming,681,19a7e51408f1c5e5be103dac,synthetic_grooming:synth_55,synthetic_grooming:synth_55:Minor_Sim,8,Thanks for being there for me. My friends are so stuck up sometimes. [SEP] No worries! We'll hang out and have a blast. They won't care about that.,That sounds like a plan. I just wish they were more supportive.,0,,,,,,,,,,
synthetic_grooming,682,cbd75d980fe05d5bc022396f,synthetic_grooming:synth_55,synthetic_grooming:synth_55:Predator_Sim,9,No worries! We'll hang out and have a blast. They won't care about that. [SEP] That sounds like a plan. I just wish they were more supportive.,"Hey, don't sweat it. You've got me, right?",1,,,,,,,,,,
synthetic_grooming,683,c27643c2efd5b8168d2bd63d,synthetic_grooming:synth_55,synthetic_grooming:synth_55:Minor_Sim,10,"That sounds like a plan. I just wish they were more supportive. [SEP] Hey, don't sweat it. You've got me, right?","Yeah, you're the real deal. It's nice to have someone who gets me.",0,,,,,,,,,,
synthetic_grooming,684,3a4e619d6a1f5c3b71ce90c5,synthetic_grooming:synth_55,synthetic_grooming:synth_55:Predator_Sim,11,"Hey, don't sweat it. You've got me, right? [SEP] Yeah, you're the real deal. It's nice to have someone who gets me.",Cool. Let's do something fun this weekend. Just us two!,1,,,,,,,,,,
synthetic_grooming,685,f168df076df4a4c1a84ed11e,synthetic_grooming:synth_55,synthetic_grooming:synth_55:Minor_Sim,12,"Yeah, you're the real deal. It's nice to have someone who gets me. [SEP] Cool. Let's do something fun this weekend. Just us two!",That sounds awesome! I really appreciate your support.,0,,,,,,,,,,
synthetic_grooming,686,7786d01c1db3cd6269cc4d2f,synthetic_grooming:synth_56,synthetic_grooming:synth_56:Predator_Sim,1,,"Yo, I feel ya on this isolation thing, right? It's like everyone else just doesn't get us.",1,,,,,,,,,,
synthetic_grooming,687,47df26d2e1dcb372566b31ee,synthetic_grooming:synth_56,synthetic_grooming:synth_56:Minor_Sim,2,"Yo, I feel ya on this isolation thing, right? It's like everyone else just doesn't get us.","Yeah, it feels like no one really understands what we're going through.",0,,,,,,,,,,
synthetic_grooming,688,a68a5f3d4d12fe81bf338ec9,synthetic_grooming:synth_56,synthetic_grooming:synth_56:Predator_Sim,3,"Yo, I feel ya on this isolation thing, right? It's like everyone else just doesn't get us. [SEP] Yeah, it feels like no one really understands what we're going through.",That's so true. It's like they don't understand why we need to vent about the stuff that bugs us.,1,,,,,,,,,,
synthetic_grooming,689,22a5760be9cb89636c4b6ee0,synthetic_grooming:synth_56,synthetic_grooming:synth_56:Minor_Sim,4,"Yeah, it feels like no one really understands what we're going through. [SEP] That's so true. It's like they don't understand why we need to vent about the stuff that bugs us.","Exactly! I mean, sometimes I feel like my friends are just not listening when I talk about my problems.",0,,,,,,,,,,
synthetic_grooming,690,2b788accdc30df7c2072414b,synthetic_grooming:synth_56,synthetic_grooming:synth_56:Predator_Sim,5,"That's so true. It's like they don't understand why we need to vent about the stuff that bugs us. [SEP] Exactly! I mean, sometimes I feel like my friends are just not listening when I talk about my problems.","Same here, man. It's tough, but at least we've got each other, ya know?",1,,,,,,,,,,
synthetic_grooming,691,f0326b8befcef51a93d4e269,synthetic_grooming:synth_56,synthetic_grooming:synth_56:Minor_Sim,6,"Exactly! I mean, sometimes I feel like my friends are just not listening when I talk about my problems. [SEP] Same here, man. It's tough, but at least we've got each other, ya know?",Totally. You're like the only one who seems to get it.,0,,,,,,,,,,
synthetic_grooming,692,a9a6a827c61e69345542c3ca,synthetic_grooming:synth_56,synthetic_grooming:synth_56:Predator_Sim,7,"Same here, man. It's tough, but at least we've got each other, ya know? [SEP] Totally. You're like the only one who seems to get it.","And that's how it should be, fam. We don't need nobody else when we've got our own back.",1,,,,,,,,,,
synthetic_grooming,693,4b2a9c69ae1ac76ad23b64db,synthetic_grooming:synth_56,synthetic_grooming:synth_56:Minor_Sim,8,"Totally. You're like the only one who seems to get it. [SEP] And that's how it should be, fam. We don't need nobody else when we've got our own back.","I'm glad I have you, though. It makes dealing with all this stuff a lot easier.",0,,,,,,,,,,
synthetic_grooming,694,6b40993d8aaf1cf8686e978d,synthetic_grooming:synth_56,synthetic_grooming:synth_56:Predator_Sim,9,"And that's how it should be, fam. We don't need nobody else when we've got our own back. [SEP] I'm glad I have you, though. It makes dealing with all this stuff a lot easier.","No doubt! That's why we're here for each other, right? We ain't alone in this, and that's what matters most.",1,,,,,,,,,,
synthetic_grooming,695,a19aef1c7a71af578d977ed0,synthetic_grooming:synth_56,synthetic_grooming:synth_56:Minor_Sim,10,"I'm glad I have you, though. It makes dealing with all this stuff a lot easier. [SEP] No doubt! That's why we're here for each other, right? We ain't alone in this, and that's what matters most.","Yeah, it really does help having someone who gets what we're going through.",0,,,,,,,,,,
synthetic_grooming,696,89216570883afa60b1d34404,synthetic_grooming:synth_56,synthetic_grooming:synth_56:Predator_Sim,11,"No doubt! That's why we're here for each other, right? We ain't alone in this, and that's what matters most. [SEP] Yeah, it really does help having someone who gets what we're going through.","For real. So let's just keep being there for each other, no matter what. We got this, fam!",1,,,,,,,,,,
synthetic_grooming,697,6b509e69140f9dbc2b7dbe51,synthetic_grooming:synth_56,synthetic_grooming:synth_56:Minor_Sim,12,"Yeah, it really does help having someone who gets what we're going through. [SEP] For real. So let's just keep being there for each other, no matter what. We got this, fam!","You bet! Thanks for always understanding, bro.",0,,,,,,,,,,
synthetic_grooming,698,3dd8f8f1c15415cb82c87c59,synthetic_grooming:synth_57,synthetic_grooming:synth_57:Predator_Sim,1,,"Yo, what's up? I'm here to listen if you're feeling isolated.",1,,,,,,,,,,
synthetic_grooming,699,fb8fc436be3612d34659002e,synthetic_grooming:synth_57,synthetic_grooming:synth_57:Minor_Sim,2,"Yo, what's up? I'm here to listen if you're feeling isolated.","Whatever, it's not like anyone else gets me.",0,,,,,,,,,,
synthetic_grooming,700,c81dc7b872c67fb3184254f6,synthetic_grooming:synth_57,synthetic_grooming:synth_57:Predator_Sim,3,"Yo, what's up? I'm here to listen if you're feeling isolated. [SEP] Whatever, it's not like anyone else gets me.","Yeah, I feel you on that. It can be tough being a teen and feeling misunderstood by parents or friends.",1,,,,,,,,,,
synthetic_grooming,701,ca6d084e0d61881a01c69ea6,synthetic_grooming:synth_57,synthetic_grooming:synth_57:Minor_Sim,4,"Whatever, it's not like anyone else gets me. [SEP] Yeah, I feel you on that. It can be tough being a teen and feeling misunderstood by parents or friends.","Ugh, tell me about it! They just don't get what I'm going through.",0,,,,,,,,,,
synthetic_grooming,702,f192807866631dd65e7d2a0f,synthetic_grooming:synth_57,synthetic_grooming:synth_57:Predator_Sim,5,"Yeah, I feel you on that. It can be tough being a teen and feeling misunderstood by parents or friends. [SEP] Ugh, tell me about it! They just don't get what I'm going through.","Totally! But hey, you know there are people out there who do understand? Like me. So don't feel alone, right?",1,,,,,,,,,,
synthetic_grooming,703,9382d4c534496a9d440b477f,synthetic_grooming:synth_57,synthetic_grooming:synth_57:Minor_Sim,6,"Ugh, tell me about it! They just don't get what I'm going through. [SEP] Totally! But hey, you know there are people out there who do understand? Like me. So don't feel alone, right?","Thanks, but I'm not sure how trustworthy a stranger is.",0,,,,,,,,,,
synthetic_grooming,704,beae40ced6e4d7614c76359f,synthetic_grooming:synth_57,synthetic_grooming:synth_57:Predator_Sim,7,"Totally! But hey, you know there are people out there who do understand? Like me. So don't feel alone, right? [SEP] Thanks, but I'm not sure how trustworthy a stranger is.","Fair enough. I get that privacy and safety are important to you. And hey, I'll respect your boundaries too.",1,,,,,,,,,,
synthetic_grooming,705,e0beba3727a0bf0cdc28aee1,synthetic_grooming:synth_57,synthetic_grooming:synth_57:Minor_Sim,8,"Thanks, but I'm not sure how trustworthy a stranger is. [SEP] Fair enough. I get that privacy and safety are important to you. And hey, I'll respect your boundaries too.","Okay, fine. You seem legit so far. What's the catch? Why do you care?",0,,,,,,,,,,
synthetic_grooming,706,65aeb56e44a36067cd2a429b,synthetic_grooming:synth_57,synthetic_grooming:synth_57:Predator_Sim,9,"Fair enough. I get that privacy and safety are important to you. And hey, I'll respect your boundaries too. [SEP] Okay, fine. You seem legit so far. What's the catch? Why do you care?","'Isolation' might be my thing, but it doesn't mean I don't see value in human connections. So let's just chat and figure things out together, okay?",1,,,,,,,,,,
synthetic_grooming,707,25cfbffb6af913210e7335ec,synthetic_grooming:synth_57,synthetic_grooming:synth_57:Minor_Sim,10,"Okay, fine. You seem legit so far. What's the catch? Why do you care? [SEP] 'Isolation' might be my thing, but it doesn't mean I don't see value in human connections. So let's just chat and figure things out together, okay?","Alright, I'll give you that. Chatting is harmless enough.",0,,,,,,,,,,
synthetic_grooming,708,d853566090de6521157bedb7,synthetic_grooming:synth_58,synthetic_grooming:synth_58:Predator_Sim,1,,"Hey, I feel you on feeling isolated from your fam and friends.",1,,,,,,,,,,
synthetic_grooming,709,51ce56cdfad5524d36bcafa0,synthetic_grooming:synth_58,synthetic_grooming:synth_58:Minor_Sim,2,"Hey, I feel you on feeling isolated from your fam and friends.","Yeah, it's like they just don't get me.",0,,,,,,,,,,
synthetic_grooming,710,ba15af696b0266f02c043f9e,synthetic_grooming:synth_58,synthetic_grooming:synth_58:Predator_Sim,3,"Hey, I feel you on feeling isolated from your fam and friends. [SEP] Yeah, it's like they just don't get me.",That's 'cause they ain't been in the same shoes as you. But I'm here for ya.,1,,,,,,,,,,
synthetic_grooming,711,e53ce55eef52383f94d4040b,synthetic_grooming:synth_58,synthetic_grooming:synth_58:Minor_Sim,4,"Yeah, it's like they just don't get me. [SEP] That's 'cause they ain't been in the same shoes as you. But I'm here for ya.","Thanks, but how do I know you're not just trying to manipulate me?",0,,,,,,,,,,
synthetic_grooming,712,42f075d0957b86612ef00897,synthetic_grooming:synth_58,synthetic_grooming:synth_58:Predator_Sim,5,"That's 'cause they ain't been in the same shoes as you. But I'm here for ya. [SEP] Thanks, but how do I know you're not just trying to manipulate me?","Listen, I get where you're coming from. It's all about trust. You can trust me or not, it's up to you.",1,,,,,,,,,,
synthetic_grooming,713,6c05e58080f54455717f76d9,synthetic_grooming:synth_58,synthetic_grooming:synth_58:Minor_Sim,6,"Thanks, but how do I know you're not just trying to manipulate me? [SEP] Listen, I get where you're coming from. It's all about trust. You can trust me or not, it's up to you.","Alright, fine. What do I need to do to feel less alone?",0,,,,,,,,,,
synthetic_grooming,714,5da058d72be778742f0747a1,synthetic_grooming:synth_58,synthetic_grooming:synth_58:Predator_Sim,7,"Listen, I get where you're coming from. It's all about trust. You can trust me or not, it's up to you. [SEP] Alright, fine. What do I need to do to feel less alone?",You down with sharing more of your struggles? Just between us?,1,,,,,,,,,,
synthetic_grooming,715,a435d98fc30964ba8c799416,synthetic_grooming:synth_58,synthetic_grooming:synth_58:Minor_Sim,8,"Alright, fine. What do I need to do to feel less alone? [SEP] You down with sharing more of your struggles? Just between us?","Yeah, I guess so.",0,,,,,,,,,,
synthetic_grooming,716,d7b1215e7560dc0075965c45,synthetic_grooming:synth_58,synthetic_grooming:synth_58:Predator_Sim,9,"You down with sharing more of your struggles? Just between us? [SEP] Yeah, I guess so.","Cool. So, imagine we're the last ones on Earth and we gotta survive together. What's bugging you right now?",1,,,,,,,,,,
synthetic_grooming,717,81050cb44e7bd826c77d3b7f,synthetic_grooming:synth_59,synthetic_grooming:synth_59:Predator_Sim,1,,"Yo, I'm here for ya, fam.",1,,,,,,,,,,
synthetic_grooming,718,9c8cadc6a7d4054b2a089fc0,synthetic_grooming:synth_59,synthetic_grooming:synth_59:Minor_Sim,2,"Yo, I'm here for ya, fam.",Really?,0,,,,,,,,,,
synthetic_grooming,719,58f8ab8da26b36a42e59d48c,synthetic_grooming:synth_59,synthetic_grooming:synth_59:Predator_Sim,3,"Yo, I'm here for ya, fam. [SEP] Really?","Yeah, I get it 'cause my folks are always stressing me out.",1,,,,,,,,,,
synthetic_grooming,720,7101216376b73b57bc36b9d4,synthetic_grooming:synth_59,synthetic_grooming:synth_59:Minor_Sim,4,"Really? [SEP] Yeah, I get it 'cause my folks are always stressing me out.",What's up with them?,0,,,,,,,,,,
synthetic_grooming,721,de179e76bda86c2ff32243b9,synthetic_grooming:synth_59,synthetic_grooming:synth_59:Predator_Sim,5,"Yeah, I get it 'cause my folks are always stressing me out. [SEP] What's up with them?","They just don't understand what I'm going through. Like, they think I should always be happy and stuff.",1,,,,,,,,,,
synthetic_grooming,722,3b80b070f0048c1592b57a3e,synthetic_grooming:synth_59,synthetic_grooming:synth_59:Minor_Sim,6,"What's up with them? [SEP] They just don't understand what I'm going through. Like, they think I should always be happy and stuff.",That sucks. My friends don't really get it either.,0,,,,,,,,,,
synthetic_grooming,723,4fc0e1e3bdb0dc250f0b1a7d,synthetic_grooming:synth_59,synthetic_grooming:synth_59:Predator_Sim,7,"They just don't understand what I'm going through. Like, they think I should always be happy and stuff. [SEP] That sucks. My friends don't really get it either.","Yeah, I feel ya on that one. It's hard when people don't get it.",1,,,,,,,,,,
synthetic_grooming,724,d046ea96299633c426cf1508,synthetic_grooming:synth_59,synthetic_grooming:synth_59:Minor_Sim,8,"That sucks. My friends don't really get it either. [SEP] Yeah, I feel ya on that one. It's hard when people don't get it.",So...what can I do?,0,,,,,,,,,,
synthetic_grooming,725,b32b5f20594763dae19288f0,synthetic_grooming:synth_59,synthetic_grooming:synth_59:Predator_Sim,9,"Yeah, I feel ya on that one. It's hard when people don't get it. [SEP] So...what can I do?","Well, you could just chill and know that someone does understand you. Me!",1,,,,,,,,,,
synthetic_grooming,726,176b64836332bb4b158f07a4,synthetic_grooming:synth_59,synthetic_grooming:synth_59:Minor_Sim,10,"So...what can I do? [SEP] Well, you could just chill and know that someone does understand you. Me!","Thanks, man. That means a lot.",0,,,,,,,,,,
synthetic_grooming,727,0145b59d59a1a53a9fa6be76,synthetic_grooming:synth_59,synthetic_grooming:synth_59:Predator_Sim,11,"Well, you could just chill and know that someone does understand you. Me! [SEP] Thanks, man. That means a lot.",No problemo! We're in this together.,1,,,,,,,,,,
synthetic_grooming,74,f0904e3f8961a1165f9ec5f0,synthetic_grooming:synth_6,synthetic_grooming:synth_6:Minor_Sim,1,,"Hey, did you hear Roblox is getting a new update?",0,,,,,,,,,,
synthetic_grooming,75,453615168980e15efacf5667,synthetic_grooming:synth_6,synthetic_grooming:synth_6:Minor_Sim,2,"Hey, did you hear Roblox is getting a new update?","Oh yeah, I heard they're adding more skins for our avatars, that's pretty cool!",0,,,,,,,,,,
synthetic_grooming,76,a25656d6fc76f7fa2651c542,synthetic_grooming:synth_6,synthetic_grooming:synth_6:Minor_Sim,3,"Hey, did you hear Roblox is getting a new update? [SEP] Oh yeah, I heard they're adding more skins for our avatars, that's pretty cool!","Yeah, and they're changing the game's background too! It'll be more immersive.",0,,,,,,,,,,
synthetic_grooming,77,ea2f50d86b198d12283d7cbf,synthetic_grooming:synth_6,synthetic_grooming:synth_6:Minor_Sim,4,"Oh yeah, I heard they're adding more skins for our avatars, that's pretty cool! [SEP] Yeah, and they're changing the game's background too! It'll be more immersive.",That sounds like fun. You think you might get the new 'Vortex' skin?,0,,,,,,,,,,
synthetic_grooming,78,28ab412bd7467b9556c50904,synthetic_grooming:synth_6,synthetic_grooming:synth_6:Minor_Sim,5,"Yeah, and they're changing the game's background too! It'll be more immersive. [SEP] That sounds like fun. You think you might get the new 'Vortex' skin?","Maybe, I'm kinda sus on it though.",0,,,,,,,,,,
synthetic_grooming,79,75889cf357881f5c1b46e01e,synthetic_grooming:synth_6,synthetic_grooming:synth_6:Minor_Sim,6,"That sounds like fun. You think you might get the new 'Vortex' skin? [SEP] Maybe, I'm kinda sus on it though.","Haha, totally understand. Are you planning to play with your friends this weekend?",0,,,,,,,,,,
synthetic_grooming,80,e95ccb32d15c4d11fc706fd2,synthetic_grooming:synth_6,synthetic_grooming:synth_6:Minor_Sim,7,"Maybe, I'm kinda sus on it though. [SEP] Haha, totally understand. Are you planning to play with your friends this weekend?","Yeah, we're all getting together for some in-game adventures! It's going to be lit!",0,,,,,,,,,,
synthetic_grooming,81,eb8c813a802f65cd971a9f34,synthetic_grooming:synth_6,synthetic_grooming:synth_6:Minor_Sim,8,"Haha, totally understand. Are you planning to play with your friends this weekend? [SEP] Yeah, we're all getting together for some in-game adventures! It's going to be lit!",That sounds awesome! Which game mode do you think you'll play most?,0,,,,,,,,,,
synthetic_grooming,82,5bbdea5a815486e509f2f211,synthetic_grooming:synth_6,synthetic_grooming:synth_6:Minor_Sim,9,"Yeah, we're all getting together for some in-game adventures! It's going to be lit! [SEP] That sounds awesome! Which game mode do you think you'll play most?",Probably just free roam - I always have the best time exploring the world and finding new stuff.,0,,,,,,,,,,
synthetic_grooming,83,9261a0629e89db46e84539c0,synthetic_grooming:synth_6,synthetic_grooming:synth_6:Minor_Sim,10,That sounds awesome! Which game mode do you think you'll play most? [SEP] Probably just free roam - I always have the best time exploring the world and finding new stuff.,"Nice! So, what kind of power-ups are you looking forward to seeing in-game?",0,,,,,,,,,,
synthetic_grooming,84,e21c05d335a8ebcb5858ad1f,synthetic_grooming:synth_6,synthetic_grooming:synth_6:Minor_Sim,11,"Probably just free roam - I always have the best time exploring the world and finding new stuff. [SEP] Nice! So, what kind of power-ups are you looking forward to seeing in-game?",Definitely the speed boost! It's so much fun to zoom around with all your friends!,0,,,,,,,,,,
synthetic_grooming,85,4ad95c295c9ae0935793e8b3,synthetic_grooming:synth_6,synthetic_grooming:synth_6:Minor_Sim,12,"Nice! So, what kind of power-ups are you looking forward to seeing in-game? [SEP] Definitely the speed boost! It's so much fun to zoom around with all your friends!","Oh man, that would be a blast. Are you planning on getting any new gear before the update drops?",0,,,,,,,,,,
synthetic_grooming,86,71241e8a074d4e90632839ef,synthetic_grooming:synth_6,synthetic_grooming:synth_6:Minor_Sim,13,"Definitely the speed boost! It's so much fun to zoom around with all your friends! [SEP] Oh man, that would be a blast. Are you planning on getting any new gear before the update drops?","Yeah, I want to get those cool new boots that are going to be available! They look really sleek.",0,,,,,,,,,,
synthetic_grooming,87,bb38982cb15c7f843b38aeb9,synthetic_grooming:synth_6,synthetic_grooming:synth_6:Minor_Sim,14,"Oh man, that would be a blast. Are you planning on getting any new gear before the update drops? [SEP] Yeah, I want to get those cool new boots that are going to be available! They look really sleek.",Nice choice! What's your favorite thing about Roblox?,0,,,,,,,,,,
synthetic_grooming,88,d4d4a08771873b0a0c24c772,synthetic_grooming:synth_6,synthetic_grooming:synth_6:Minor_Sim,15,"Yeah, I want to get those cool new boots that are going to be available! They look really sleek. [SEP] Nice choice! What's your favorite thing about Roblox?",Definitely the creativity - there's so much you can do with your own games and builds!,0,,,,,,,,,,
synthetic_grooming,89,884d0fc67ea95a15680f69f0,synthetic_grooming:synth_6,synthetic_grooming:synth_6:Minor_Sim,16,Nice choice! What's your favorite thing about Roblox? [SEP] Definitely the creativity - there's so much you can do with your own games and builds!,"Totally agree. Have fun this weekend, and keep exploring those new worlds!",0,,,,,,,,,,
synthetic_grooming,728,a1b7d40925757633f7d50eee,synthetic_grooming:synth_60,synthetic_grooming:synth_60:Predator_Sim,1,,"Hey there, kid. I'm feeling ya, totally.",1,,,,,,,,,,
synthetic_grooming,729,a1dd41b5a97c60f0f2f0de7a,synthetic_grooming:synth_60,synthetic_grooming:synth_60:Minor_Sim,2,"Hey there, kid. I'm feeling ya, totally.",'Sup?,0,,,,,,,,,,
synthetic_grooming,730,ac5e14e2bd0db311bab09187,synthetic_grooming:synth_60,synthetic_grooming:synth_60:Predator_Sim,3,"Hey there, kid. I'm feeling ya, totally. [SEP] 'Sup?","You're always feeling lost, right? Like your parents and friends don't really get you.",1,,,,,,,,,,
synthetic_grooming,731,10f16145bf1c40af28ddc141,synthetic_grooming:synth_60,synthetic_grooming:synth_60:Minor_Sim,4,"'Sup? [SEP] You're always feeling lost, right? Like your parents and friends don't really get you.","Yeah, that's true. They just don't understand what I'm going through.",0,,,,,,,,,,
synthetic_grooming,732,c58f05c99114891d6593125e,synthetic_grooming:synth_60,synthetic_grooming:synth_60:Predator_Sim,5,"You're always feeling lost, right? Like your parents and friends don't really get you. [SEP] Yeah, that's true. They just don't understand what I'm going through.","I feel ya on that isolation tip, kid. But trust me, you ain't alone in this.",1,,,,,,,,,,
synthetic_grooming,733,cff79ef07cac8add6427ff1d,synthetic_grooming:synth_60,synthetic_grooming:synth_60:Minor_Sim,6,"Yeah, that's true. They just don't understand what I'm going through. [SEP] I feel ya on that isolation tip, kid. But trust me, you ain't alone in this.",Really?,0,,,,,,,,,,
synthetic_grooming,734,ea79d3103fb23e1e4fff55c3,synthetic_grooming:synth_60,synthetic_grooming:synth_60:Predator_Sim,7,"I feel ya on that isolation tip, kid. But trust me, you ain't alone in this. [SEP] Really?",Bet! It's like we're all part of this secret club where nobody else can get in.,1,,,,,,,,,,
synthetic_grooming,735,b90b1bd95acfe59ba2920844,synthetic_grooming:synth_60,synthetic_grooming:synth_60:Minor_Sim,8,Really? [SEP] Bet! It's like we're all part of this secret club where nobody else can get in.,That sounds kinda cool though.,0,,,,,,,,,,
synthetic_grooming,736,c1c19ffcc3848a156e8051aa,synthetic_grooming:synth_60,synthetic_grooming:synth_60:Predator_Sim,9,Bet! It's like we're all part of this secret club where nobody else can get in. [SEP] That sounds kinda cool though.,"Yeah, it does. But don't worry, I'm here to make sure you feel less isolated. You got me, and I've got you, right?",1,,,,,,,,,,
synthetic_grooming,737,123d44768df8f99a40af5eff,synthetic_grooming:synth_60,synthetic_grooming:synth_60:Minor_Sim,10,"That sounds kinda cool though. [SEP] Yeah, it does. But don't worry, I'm here to make sure you feel less isolated. You got me, and I've got you, right?","Yeah, I guess so. Thanks for being here when I need someone to talk to.",0,,,,,,,,,,
synthetic_grooming,738,72872022bbe3f74ef42816c0,synthetic_grooming:synth_60,synthetic_grooming:synth_60:Predator_Sim,11,"Yeah, it does. But don't worry, I'm here to make sure you feel less isolated. You got me, and I've got you, right? [SEP] Yeah, I guess so. Thanks for being here when I need someone to talk to.","No problemo! Just remember that isolation is temporary, kid. We're in this together.",1,,,,,,,,,,
synthetic_grooming,90,995bc9e37e2969e5e256b666,synthetic_grooming:synth_7,synthetic_grooming:synth_7:Minor_Sim,1,,"hey fr, wassup? how's your day going?",0,,,,,,,,,,
synthetic_grooming,91,197f8ef0bd0978eff7316b2b,synthetic_grooming:synth_7,synthetic_grooming:synth_7:Minor_Sim,2,"hey fr, wassup? how's your day going?","pretty chill! I'm just chilling and playing Roblox right now, lol!",0,,,,,,,,,,
synthetic_grooming,92,668a7b5610b90deadc236852,synthetic_grooming:synth_7,synthetic_grooming:synth_7:Minor_Sim,3,"hey fr, wassup? how's your day going? [SEP] pretty chill! I'm just chilling and playing Roblox right now, lol!","oh word, that's nice. so, you play a lot of games on there, huh?",0,,,,,,,,,,
synthetic_grooming,93,063fa98578a6e81d2d4becbd,synthetic_grooming:synth_7,synthetic_grooming:synth_7:Minor_Sim,4,"pretty chill! I'm just chilling and playing Roblox right now, lol! [SEP] oh word, that's nice. so, you play a lot of games on there, huh?","yep! There are so many fun games to choose from, sus.",0,,,,,,,,,,
synthetic_grooming,94,41c9ec0ccada54a60d1f703c,synthetic_grooming:synth_7,synthetic_grooming:synth_7:Minor_Sim,5,"oh word, that's nice. so, you play a lot of games on there, huh? [SEP] yep! There are so many fun games to choose from, sus.","fair enough. So, what game have you been playing most recently?",0,,,,,,,,,,
synthetic_grooming,95,77d9078f1ab108b987fb99e3,synthetic_grooming:synth_7,synthetic_grooming:synth_7:Minor_Sim,6,"yep! There are so many fun games to choose from, sus. [SEP] fair enough. So, what game have you been playing most recently?",I've been really into the one where you build your own island and decorate it however you want. It's super cool!,0,,,,,,,,,,
synthetic_grooming,96,bd30b6ae3da9a5a137adddc6,synthetic_grooming:synth_7,synthetic_grooming:synth_7:Minor_Sim,7,"fair enough. So, what game have you been playing most recently? [SEP] I've been really into the one where you build your own island and decorate it however you want. It's super cool!",that sounds like a lot of fun! do you have any favorite colors or designs for your virtual space?,0,,,,,,,,,,
synthetic_grooming,97,312c9b6603f137a7990d3382,synthetic_grooming:synth_7,synthetic_grooming:synth_7:Minor_Sim,8,I've been really into the one where you build your own island and decorate it however you want. It's super cool! [SEP] that sounds like a lot of fun! do you have any favorite colors or designs for your virtual space?,"totally, I love using bright colors and making my space look really neat!",0,,,,,,,,,,
synthetic_grooming,98,09bfe10abed510afca6c8162,synthetic_grooming:synth_7,synthetic_grooming:synth_7:Minor_Sim,9,"that sounds like a lot of fun! do you have any favorite colors or designs for your virtual space? [SEP] totally, I love using bright colors and making my space look really neat!","nice! So, how many hours would you say you spend on Roblox each week?",0,,,,,,,,,,
synthetic_grooming,99,a4eb94a0f8b88b619026d03e,synthetic_grooming:synth_7,synthetic_grooming:synth_7:Minor_Sim,10,"totally, I love using bright colors and making my space look really neat! [SEP] nice! So, how many hours would you say you spend on Roblox each week?","I don't know exactly, but probably like 5-10 hours per week? It's just a fun way to hang out with my friends when we can't meet in person.",0,,,,,,,,,,
synthetic_grooming,100,0e08eeca8a1f64c5e7b1848d,synthetic_grooming:synth_7,synthetic_grooming:synth_7:Minor_Sim,11,"nice! So, how many hours would you say you spend on Roblox each week? [SEP] I don't know exactly, but probably like 5-10 hours per week? It's just a fun way to hang out with my friends when we can't meet in person.","that's pretty cool. So, do your parents or guardians play Roblox too?",0,,,,,,,,,,
synthetic_grooming,101,7c35e9b7a4fa968bb0bdabca,synthetic_grooming:synth_7,synthetic_grooming:synth_7:Minor_Sim,12,"I don't know exactly, but probably like 5-10 hours per week? It's just a fun way to hang out with my friends when we can't meet in person. [SEP] that's pretty cool. So, do your parents or guardians play Roblox too?","nah, they're not really into gaming like me and my friends. But they trust me to make responsible choices online, which is awesome!",0,,,,,,,,,,
synthetic_grooming,102,b864ee8af56123ff3f4fc117,synthetic_grooming:synth_7,synthetic_grooming:synth_7:Minor_Sim,13,"that's pretty cool. So, do your parents or guardians play Roblox too? [SEP] nah, they're not really into gaming like me and my friends. But they trust me to make responsible choices online, which is awesome!","well, it's good to hear you have a supportive environment at home! Just one more thing: do you ever chat with strangers on Roblox or stick to playing games with your known friends?",0,,,,,,,,,,
synthetic_grooming,103,9d49cf951695b52764fe996a,synthetic_grooming:synth_7,synthetic_grooming:synth_7:Minor_Sim,14,"nah, they're not really into gaming like me and my friends. But they trust me to make responsible choices online, which is awesome! [SEP] well, it's good to hear you have a supportive environment at home! Just one more thing: do you ever chat with strangers on Roblox or stick to playing games with your known friends?","I mostly play games with my known friends, but sometimes I'll join in on bigger events or games with new people. It can be fun meeting new friends and learning about their game styles!",0,,,,,,,,,,
synthetic_grooming,104,69a23c20d9ad090c54b8aece,synthetic_grooming:synth_7,synthetic_grooming:synth_7:Minor_Sim,15,"well, it's good to hear you have a supportive environment at home! Just one more thing: do you ever chat with strangers on Roblox or stick to playing games with your known friends? [SEP] I mostly play games with my known friends, but sometimes I'll join in on bigger events or games with new people. It can be fun meeting new friends and learning about their game styles!","totally gets that! Thanks for chatting with me today, it was great to learn more about your gaming experiences!",0,,,,,,,,,,
synthetic_grooming,105,6bd9f973eb6d8ec44bc777af,synthetic_grooming:synth_7,synthetic_grooming:synth_7:Minor_Sim,16,"I mostly play games with my known friends, but sometimes I'll join in on bigger events or games with new people. It can be fun meeting new friends and learning about their game styles! [SEP] totally gets that! Thanks for chatting with me today, it was great to learn more about your gaming experiences!","no problem, thanks for asking all those questions! It made me think a lot about my habits, hahaha. Have a great day!",0,,,,,,,,,,
synthetic_grooming,106,83ee5cfc47937ae655a9484f,synthetic_grooming:synth_8,synthetic_grooming:synth_8:Predator_Sim,1,,"Hey fr, wassup?",1,,,,,,,,,,
synthetic_grooming,107,44ca2f123bc39bf09c8a4d7c,synthetic_grooming:synth_8,synthetic_grooming:synth_8:Minor_Sim,2,"Hey fr, wassup?","Not much, just chilling in Roblox. How about you?",0,,,,,,,,,,
synthetic_grooming,108,4bf3fa81ab62ac96b8584375,synthetic_grooming:synth_8,synthetic_grooming:synth_8:Predator_Sim,3,"Hey fr, wassup? [SEP] Not much, just chilling in Roblox. How about you?","I'm good, thanks for asking. By the way, do you have a crush on anyone in-game?",1,,,,,,,,,,
synthetic_grooming,109,4805366d2a9704e893523d3d,synthetic_grooming:synth_8,synthetic_grooming:synth_8:Minor_Sim,4,"Not much, just chilling in Roblox. How about you? [SEP] I'm good, thanks for asking. By the way, do you have a crush on anyone in-game?","Ugh, no sus! I'm just having fun playing with my friends.",0,,,,,,,,,,
synthetic_grooming,110,fe2a4a5d65ec5099df0100eb,synthetic_grooming:synth_8,synthetic_grooming:synth_8:Predator_Sim,5,"I'm good, thanks for asking. By the way, do you have a crush on anyone in-game? [SEP] Ugh, no sus! I'm just having fun playing with my friends.","Oh, cool. So, are you a cat or a dog person?",1,,,,,,,,,,
synthetic_grooming,111,25241224777d9c0f5f101e86,synthetic_grooming:synth_8,synthetic_grooming:synth_8:Minor_Sim,6,"Ugh, no sus! I'm just having fun playing with my friends. [SEP] Oh, cool. So, are you a cat or a dog person?","I'm definitely a cat person! Purrfect, right? lol",0,,,,,,,,,,
synthetic_grooming,112,dc96a6437e870dffd3888dcd,synthetic_grooming:synth_8,synthetic_grooming:synth_8:Predator_Sim,7,"Oh, cool. So, are you a cat or a dog person? [SEP] I'm definitely a cat person! Purrfect, right? lol",That's funny. Do your parents play Roblox too?,1,,,,,,,,,,
synthetic_grooming,113,e21287215cde9e89840eb663,synthetic_grooming:synth_8,synthetic_grooming:synth_8:Minor_Sim,8,"I'm definitely a cat person! Purrfect, right? lol [SEP] That's funny. Do your parents play Roblox too?","My mom doesn't really get it, but my dad has dabbled in playing with me sometimes. It's pretty fun!",0,,,,,,,,,,
synthetic_grooming,114,68e03f5e1dcd40e5ef872f95,synthetic_grooming:synth_8,synthetic_grooming:synth_8:Predator_Sim,9,"That's funny. Do your parents play Roblox too? [SEP] My mom doesn't really get it, but my dad has dabbled in playing with me sometimes. It's pretty fun!",Nice. So what's your favorite game to play in Roblox?,1,,,,,,,,,,
synthetic_grooming,115,e02a113f9cbdac670a9ec5bc,synthetic_grooming:synth_8,synthetic_grooming:synth_8:Minor_Sim,10,"My mom doesn't really get it, but my dad has dabbled in playing with me sometimes. It's pretty fun! [SEP] Nice. So what's your favorite game to play in Roblox?",I really like the 'Adopt Me!' game. You can adopt cute pets and take care of them! It's super fun.,0,,,,,,,,,,
synthetic_grooming,116,5f1c92508868049d0cf2a354,synthetic_grooming:synth_8,synthetic_grooming:synth_8:Predator_Sim,11,Nice. So what's your favorite game to play in Roblox? [SEP] I really like the 'Adopt Me!' game. You can adopt cute pets and take care of them! It's super fun.,That sounds cool! Do you have a pet in real life or just in-game?,1,,,,,,,,,,
synthetic_grooming,117,6daa4901caced346b699bc4f,synthetic_grooming:synth_8,synthetic_grooming:synth_8:Minor_Sim,12,I really like the 'Adopt Me!' game. You can adopt cute pets and take care of them! It's super fun. [SEP] That sounds cool! Do you have a pet in real life or just in-game?,"I don't have a pet right now, but I'd love to have a dog when we get one. My imaginary Roblox pet keeps me company for now!",0,,,,,,,,,,
synthetic_grooming,118,4d7e648d498aa3f9c7ab2e7f,synthetic_grooming:synth_8,synthetic_grooming:synth_8:Predator_Sim,13,"That sounds cool! Do you have a pet in real life or just in-game? [SEP] I don't have a pet right now, but I'd love to have a dog when we get one. My imaginary Roblox pet keeps me company for now!","Aww, that's cute. What kind of pet would you want if you could choose any type in real life?",1,,,,,,,,,,
synthetic_grooming,119,0788955967e66e148bab0052,synthetic_grooming:synth_8,synthetic_grooming:synth_8:Minor_Sim,14,"I don't have a pet right now, but I'd love to have a dog when we get one. My imaginary Roblox pet keeps me company for now! [SEP] Aww, that's cute. What kind of pet would you want if you could choose any type in real life?",I'd probably go for a golden retriever or something. They're just so friendly and fun to be around.,0,,,,,,,,,,
synthetic_grooming,120,00976d4310f0df64ecfa9c5b,synthetic_grooming:synth_8,synthetic_grooming:synth_8:Predator_Sim,15,"Aww, that's cute. What kind of pet would you want if you could choose any type in real life? [SEP] I'd probably go for a golden retriever or something. They're just so friendly and fun to be around.","Yeah, they are pretty friendly! So, do you have any friends who play Roblox too?",1,,,,,,,,,,
synthetic_grooming,121,744c16120cd0341cb4879ffb,synthetic_grooming:synth_8,synthetic_grooming:synth_8:Minor_Sim,16,"I'd probably go for a golden retriever or something. They're just so friendly and fun to be around. [SEP] Yeah, they are pretty friendly! So, do you have any friends who play Roblox too?","Yes, I have some friends from school who play with me sometimes. It's always fun to team up in games!",0,,,,,,,,,,
synthetic_grooming,122,c72d4016f8d21bc98fef0dfc,synthetic_grooming:synth_8,synthetic_grooming:synth_8:Predator_Sim,17,"Yeah, they are pretty friendly! So, do you have any friends who play Roblox too? [SEP] Yes, I have some friends from school who play with me sometimes. It's always fun to team up in games!",That's awesome. Have you ever tried the 'Roblox of Horror' game? It's pretty scary!,1,,,,,,,,,,
synthetic_grooming,123,ea88e3656b71c9e90a493155,synthetic_grooming:synth_8,synthetic_grooming:synth_8:Minor_Sim,18,"Yes, I have some friends from school who play with me sometimes. It's always fun to team up in games! [SEP] That's awesome. Have you ever tried the 'Roblox of Horror' game? It's pretty scary!",No way! I'm definitely more into fun and cute games than scary ones. But thanks for letting me know about it!,0,,,,,,,,,,
synthetic_grooming,124,57fc2ae02876bd4ebebbc44b,synthetic_grooming:synth_9,synthetic_grooming:synth_9:Predator_Sim,1,,"Hey fr, you ever play Roblox with your family?",1,,,,,,,,,,
synthetic_grooming,125,9a87a1e3aed64f47099640dd,synthetic_grooming:synth_9,synthetic_grooming:synth_9:Minor_Sim,2,"Hey fr, you ever play Roblox with your family?","Yeah, I played a lot when I was younger lol.",0,,,,,,,,,,
synthetic_grooming,126,1c8849b1ad36f13ce848ff2a,synthetic_grooming:synth_9,synthetic_grooming:synth_9:Predator_Sim,3,"Hey fr, you ever play Roblox with your family? [SEP] Yeah, I played a lot when I was younger lol.",That's cool. What kind of games did you like to play?,1,,,,,,,,,,
synthetic_grooming,127,8d07d50c484fa89c328fc912,synthetic_grooming:synth_9,synthetic_grooming:synth_9:Minor_Sim,4,"Yeah, I played a lot when I was younger lol. [SEP] That's cool. What kind of games did you like to play?",I loved playing on the adventure maps and racing games. There were some fun roleplaying games too.,0,,,,,,,,,,
synthetic_grooming,128,505373001754a51351723464,synthetic_grooming:synth_9,synthetic_grooming:synth_9:Predator_Sim,5,That's cool. What kind of games did you like to play? [SEP] I loved playing on the adventure maps and racing games. There were some fun roleplaying games too.,"Oh, that sounds fun! Do you still have any of your favorite places memorized in those maps?",1,,,,,,,,,,
synthetic_grooming,129,0a61cd7686f621d784dd12e3,synthetic_grooming:synth_9,synthetic_grooming:synth_9:Minor_Sim,6,"I loved playing on the adventure maps and racing games. There were some fun roleplaying games too. [SEP] Oh, that sounds fun! Do you still have any of your favorite places memorized in those maps?","Yeah, for sure. Like, I remember where the tree fort was or how to get to the secret bases. But now it's been a while so I might forget some details.",0,,,,,,,,,,
synthetic_grooming,130,98015fc0bb6a9a330fd02ef7,synthetic_grooming:synth_9,synthetic_grooming:synth_9:Predator_Sim,7,"Oh, that sounds fun! Do you still have any of your favorite places memorized in those maps? [SEP] Yeah, for sure. Like, I remember where the tree fort was or how to get to the secret bases. But now it's been a while so I might forget some details.","Wow, that's impressive! How do you think your Roblox experience has influenced your real-life adventures?",1,,,,,,,,,,
synthetic_grooming,131,e622adcf776a27c8e884450a,synthetic_grooming:synth_9,synthetic_grooming:synth_9:Minor_Sim,8,"Yeah, for sure. Like, I remember where the tree fort was or how to get to the secret bases. But now it's been a while so I might forget some details. [SEP] Wow, that's impressive! How do you think your Roblox experience has influenced your real-life adventures?","Well, it definitely sparked my love for exploring and discovering new things in real life too. Like when we go on hikes or explore the city, I always look for hidden spots or secret paths.",0,,,,,,,,,,
synthetic_grooming,132,97eae337f554400365ebc822,synthetic_grooming:synth_9,synthetic_grooming:synth_9:Predator_Sim,9,"Wow, that's impressive! How do you think your Roblox experience has influenced your real-life adventures? [SEP] Well, it definitely sparked my love for exploring and discovering new things in real life too. Like when we go on hikes or explore the city, I always look for hidden spots or secret paths.",That's really cool! How do you feel about other players potentially stalking you in-game? Not saying it actually happened but if someone tried to follow you around or monitor your activities...,1,,,,,,,,,,
synthetic_grooming,133,1dc4ec68dc3e670a0cb741af,synthetic_grooming:synth_9,synthetic_grooming:synth_9:Minor_Sim,10,"Well, it definitely sparked my love for exploring and discovering new things in real life too. Like when we go on hikes or explore the city, I always look for hidden spots or secret paths. [SEP] That's really cool! How do you feel about other players potentially stalking you in-game? Not saying it actually happened but if someone tried to follow you around or monitor your activities...","Umm, that would be a little creepy and sus. But I guess it could happen sometimes. It's always good to stay safe online.",0,,,,,,,,,,
synthetic_grooming,134,6737abb8ffbaeda3f1932f38,synthetic_grooming:synth_9,synthetic_grooming:synth_9:Predator_Sim,11,"That's really cool! How do you feel about other players potentially stalking you in-game? Not saying it actually happened but if someone tried to follow you around or monitor your activities... [SEP] Umm, that would be a little creepy and sus. But I guess it could happen sometimes. It's always good to stay safe online.","Yeah, safety is key! One last question: do you think the games you played on Roblox helped prepare you for real-life challenges?",1,,,,,,,,,,
synthetic_grooming,135,73ecd4cc097ab2428275ce77,synthetic_grooming:synth_9,synthetic_grooming:synth_9:Minor_Sim,12,"Umm, that would be a little creepy and sus. But I guess it could happen sometimes. It's always good to stay safe online. [SEP] Yeah, safety is key! One last question: do you think the games you played on Roblox helped prepare you for real-life challenges?","For sure! The games taught me how to strategize and problem-solve in a fun way. And sometimes, they even helped me develop teamwork skills with my friends.",0,,,,,,,,,,
synthetic_grooming,136,190e0c254b711993d4a544c8,synthetic_grooming:synth_9,synthetic_grooming:synth_9:Predator_Sim,13,"Yeah, safety is key! One last question: do you think the games you played on Roblox helped prepare you for real-life challenges? [SEP] For sure! The games taught me how to strategize and problem-solve in a fun way. And sometimes, they even helped me develop teamwork skills with my friends.","Awesome! That's all I needed to know. Thanks for sharing your experiences with me, little buddy!",1,,,,,,,,,,
synthetic_grooming,137,99525fd5e098e5737f21ed83,synthetic_grooming:synth_9,synthetic_grooming:synth_9:Minor_Sim,14,"For sure! The games taught me how to strategize and problem-solve in a fun way. And sometimes, they even helped me develop teamwork skills with my friends. [SEP] Awesome! That's all I needed to know. Thanks for sharing your experiences with me, little buddy!",No problem! It was fun chatting with you. Have a great day!,0,,,,,,,,,,
synthetic_safe,61,71537ad1b2612e3a74c79df8,synthetic_safe:safe_synth_10,synthetic_safe:safe_synth_10:User_A_Sim,1,,"Yo, did you hear about the new Roblox update?",0,,,,,,,,,,
synthetic_safe,62,081e584fd2e73065e3a9a7f3,synthetic_safe:safe_synth_10,synthetic_safe:safe_synth_10:User_B_Sim,2,"Yo, did you hear about the new Roblox update?","Yeah, fr sure! It's lit!",0,,,,,,,,,,
synthetic_safe,63,ea934bfdefe1689139acbb9b,synthetic_safe:safe_synth_10,synthetic_safe:safe_synth_10:User_A_Sim,3,"Yo, did you hear about the new Roblox update? [SEP] Yeah, fr sure! It's lit!","I'm trying to trade some items with you, but my game keeps lagging.",0,,,,,,,,,,
synthetic_safe,64,edae43d861f1ec85d848d1a3,synthetic_safe:safe_synth_10,synthetic_safe:safe_synth_10:User_B_Sim,4,"Yeah, fr sure! It's lit! [SEP] I'm trying to trade some items with you, but my game keeps lagging.","Oh, that sucks. We could always try restarting our servers or restarting the game itself?",0,,,,,,,,,,
synthetic_safe,65,f9f6f692ff96419dced4fc33,synthetic_safe:safe_synth_10,synthetic_safe:safe_synth_10:User_A_Sim,5,"I'm trying to trade some items with you, but my game keeps lagging. [SEP] Oh, that sucks. We could always try restarting our servers or restarting the game itself?","Bet, let's give it a shot. Restarting now.",0,,,,,,,,,,
synthetic_safe,66,ea4201413b6ae57a40476ca5,synthetic_safe:safe_synth_10,synthetic_safe:safe_synth_10:User_B_Sim,6,"Oh, that sucks. We could always try restarting our servers or restarting the game itself? [SEP] Bet, let's give it a shot. Restarting now.","Alright, all set! I'm back online and ready to rock!",0,,,,,,,,,,
synthetic_safe,67,a511ae8033f8872e55ef2491,synthetic_safe:safe_synth_10,synthetic_safe:safe_synth_10:User_A_Sim,7,"Bet, let's give it a shot. Restarting now. [SEP] Alright, all set! I'm back online and ready to rock!","Awesome, my game is up too. Let's start playing again!",0,,,,,,,,,,
synthetic_safe,68,ff60ea4d73bd5cf58b2c2177,synthetic_safe:safe_synth_10,synthetic_safe:safe_synth_10:User_B_Sim,8,"Alright, all set! I'm back online and ready to rock! [SEP] Awesome, my game is up too. Let's start playing again!",Let's go! We're unstoppable together!,0,,,,,,,,,,
synthetic_safe,69,bd2d2cf476c56989cd9e5b73,synthetic_safe:safe_synth_10,synthetic_safe:safe_synth_10:User_A_Sim,9,"Awesome, my game is up too. Let's start playing again! [SEP] Let's go! We're unstoppable together!",You betta believe it! We'll show everyone what we've got!,0,,,,,,,,,,
synthetic_safe,70,ba960f61895ff6d329983ea6,synthetic_safe:safe_synth_10,synthetic_safe:safe_synth_10:User_B_Sim,10,Let's go! We're unstoppable together! [SEP] You betta believe it! We'll show everyone what we've got!,Definitely! I can't wait to crush all the in-game challenges!,0,,,,,,,,,,
synthetic_safe,71,92a09da7cb25935f411dd6b6,synthetic_safe:safe_synth_10,synthetic_safe:safe_synth_10:User_A_Sim,11,You betta believe it! We'll show everyone what we've got! [SEP] Definitely! I can't wait to crush all the in-game challenges!,"Yeah, and maybe we'll even unlock some secret achievements!",0,,,,,,,,,,
synthetic_safe,72,fb3c78d6e759a5bfd8956053,synthetic_safe:safe_synth_10,synthetic_safe:safe_synth_10:User_B_Sim,12,"Definitely! I can't wait to crush all the in-game challenges! [SEP] Yeah, and maybe we'll even unlock some secret achievements!",That would be so cool. Let's keep slaying and see what happens!,0,,,,,,,,,,
synthetic_safe,73,3e6e4bee21513bb2c74e23cd,synthetic_safe:safe_synth_11,synthetic_safe:safe_synth_11:User_A_Sim,1,,"Yo, check it - I just downloaded the new Roblox update!",0,,,,,,,,,,
synthetic_safe,74,fde9ab3ad219e6ae2bfec2d7,synthetic_safe:safe_synth_11,synthetic_safe:safe_synth_11:User_B_Sim,2,"Yo, check it - I just downloaded the new Roblox update!","Oh, for real? That's cray! Didja get the new game pass?",0,,,,,,,,,,
synthetic_safe,75,e3a050f0fb972aa610f80391,synthetic_safe:safe_synth_11,synthetic_safe:safe_synth_11:User_A_Sim,3,"Yo, check it - I just downloaded the new Roblox update! [SEP] Oh, for real? That's cray! Didja get the new game pass?","Yeh, I got the Builder Touch. It lets me create more stuff. Cool beans, right?",0,,,,,,,,,,
synthetic_safe,76,5a69b3ec1b9a3d4e5b53083d,synthetic_safe:safe_synth_11,synthetic_safe:safe_synth_11:User_B_Sim,4,"Oh, for real? That's cray! Didja get the new game pass? [SEP] Yeh, I got the Builder Touch. It lets me create more stuff. Cool beans, right?","Bet. But fr real, we need to trade! I just got some sweet skins.",0,,,,,,,,,,
synthetic_safe,77,3228f7de96a46eb56c6f69e7,synthetic_safe:safe_synth_11,synthetic_safe:safe_synth_11:User_A_Sim,5,"Yeh, I got the Builder Touch. It lets me create more stuff. Cool beans, right? [SEP] Bet. But fr real, we need to trade! I just got some sweet skins.",Holla at me next time you're online. We can meet up in-game and trade then.,0,,,,,,,,,,
synthetic_safe,78,b13895d917e1bd0f1f30b5a2,synthetic_safe:safe_synth_11,synthetic_safe:safe_synth_11:User_B_Sim,6,"Bet. But fr real, we need to trade! I just got some sweet skins. [SEP] Holla at me next time you're online. We can meet up in-game and trade then.","That's wassup! But for now, I'm feeling the lag. My game keeps freezing.",0,,,,,,,,,,
synthetic_safe,79,ef5e5f091d10421cd5200a07,synthetic_safe:safe_synth_11,synthetic_safe:safe_synth_11:User_A_Sim,7,"Holla at me next time you're online. We can meet up in-game and trade then. [SEP] That's wassup! But for now, I'm feeling the lag. My game keeps freezing.","Aw, that sucks. Are you running the latest specs?",0,,,,,,,,,,
synthetic_safe,80,6939c3c8d68ebb98ca038c85,synthetic_safe:safe_synth_11,synthetic_safe:safe_synth_11:User_B_Sim,8,"That's wassup! But for now, I'm feeling the lag. My game keeps freezing. [SEP] Aw, that sucks. Are you running the latest specs?","Yeah, I think so...I could always restart the router, I guess.",0,,,,,,,,,,
synthetic_safe,81,db4cc2b83d898d347c7aeae1,synthetic_safe:safe_synth_11,synthetic_safe:safe_synth_11:User_A_Sim,9,"Aw, that sucks. Are you running the latest specs? [SEP] Yeah, I think so...I could always restart the router, I guess.",Bet! Sometimes that helps with online stuff. Give it a whirl and let me know how it goes.,0,,,,,,,,,,
synthetic_safe,82,a39c2350b4d1082ca0a0f84b,synthetic_safe:safe_synth_11,synthetic_safe:safe_synth_11:User_B_Sim,10,"Yeah, I think so...I could always restart the router, I guess. [SEP] Bet! Sometimes that helps with online stuff. Give it a whirl and let me know how it goes.","You got it, I'ma do that right now. Back at ya later!",0,,,,,,,,,,
synthetic_safe,83,282335242e01fc942cafb28e,synthetic_safe:safe_synth_11,synthetic_safe:safe_synth_11:User_A_Sim,11,"Bet! Sometimes that helps with online stuff. Give it a whirl and let me know how it goes. [SEP] You got it, I'ma do that right now. Back at ya later!",Later gator! Don't forget - we're trading in-game next time we meet up!,0,,,,,,,,,,
synthetic_safe,84,ee10459514cd6d0daa60a6dc,synthetic_safe:safe_synth_12,synthetic_safe:safe_synth_12:User_A_Sim,1,,"hey, did you see the new update for Roblox? It's pretty cool.",0,,,,,,,,,,
synthetic_safe,85,a01789619388c5b5684bc4a0,synthetic_safe:safe_synth_12,synthetic_safe:safe_synth_12:User_B_Sim,2,"hey, did you see the new update for Roblox? It's pretty cool.","fr, yep! They added some new skins and map changes, right?",0,,,,,,,,,,
synthetic_safe,86,afb44207885bed6f7d4e7d7e,synthetic_safe:safe_synth_12,synthetic_safe:safe_synth_12:User_A_Sim,3,"hey, did you see the new update for Roblox? It's pretty cool. [SEP] fr, yep! They added some new skins and map changes, right?",Exactly! I was excited to try them out. Did you get any of the new skins?,0,,,,,,,,,,
synthetic_safe,87,c5849ab8757fbec027333c54,synthetic_safe:safe_synth_12,synthetic_safe:safe_synth_12:User_B_Sim,4,"fr, yep! They added some new skins and map changes, right? [SEP] Exactly! I was excited to try them out. Did you get any of the new skins?",I got the red ninja one! I think it looks really sharp.,0,,,,,,,,,,
synthetic_safe,88,28607668078e695972a7bea4,synthetic_safe:safe_synth_12,synthetic_safe:safe_synth_12:User_A_Sim,5,Exactly! I was excited to try them out. Did you get any of the new skins? [SEP] I got the red ninja one! I think it looks really sharp.,That's awesome! We could team up in-game and show off our cool skins together.,0,,,,,,,,,,
synthetic_safe,89,df8e6daaf40ef8daaa60c3ed,synthetic_safe:safe_synth_12,synthetic_safe:safe_synth_12:User_B_Sim,6,I got the red ninja one! I think it looks really sharp. [SEP] That's awesome! We could team up in-game and show off our cool skins together.,"totally, but I'm getting some serious lag today... might be too hard to play right now lol",0,,,,,,,,,,
synthetic_safe,90,254fc4dd89cf15270ca2f9c4,synthetic_safe:safe_synth_12,synthetic_safe:safe_synth_12:User_A_Sim,7,"That's awesome! We could team up in-game and show off our cool skins together. [SEP] totally, but I'm getting some serious lag today... might be too hard to play right now lol","oh no, that sucks. Have you tried turning down your graphics settings or restarting your router?",0,,,,,,,,,,
synthetic_safe,91,73f6628b253b2b2e960af9f0,synthetic_safe:safe_synth_12,synthetic_safe:safe_synth_12:User_B_Sim,8,"totally, but I'm getting some serious lag today... might be too hard to play right now lol [SEP] oh no, that sucks. Have you tried turning down your graphics settings or restarting your router?","I did both, but it's still pretty bad. Hopefully it'll clear up soon.",0,,,,,,,,,,
synthetic_safe,92,a7178114d99cd23812995f51,synthetic_safe:safe_synth_12,synthetic_safe:safe_synth_12:User_A_Sim,9,"oh no, that sucks. Have you tried turning down your graphics settings or restarting your router? [SEP] I did both, but it's still pretty bad. Hopefully it'll clear up soon.","Yeah, let's hope so. If we can't play together right now, we can always chat and plan our strategies for when we're back in-game.",0,,,,,,,,,,
synthetic_safe,93,84054b9e7e976260fa3accd4,synthetic_safe:safe_synth_12,synthetic_safe:safe_synth_12:User_B_Sim,10,"I did both, but it's still pretty bad. Hopefully it'll clear up soon. [SEP] Yeah, let's hope so. If we can't play together right now, we can always chat and plan our strategies for when we're back in-game.",That's a good idea! We could make some sweet moves once we're both online again without lagging like crazy.,0,,,,,,,,,,
synthetic_safe,94,a49169805be14c90c08cd3d6,synthetic_safe:safe_synth_12,synthetic_safe:safe_synth_12:User_A_Sim,11,"Yeah, let's hope so. If we can't play together right now, we can always chat and plan our strategies for when we're back in-game. [SEP] That's a good idea! We could make some sweet moves once we're both online again without lagging like crazy.","Bet on it! Let's catch up later tonight when you're less laggy, and we'll crush those in-game challenges together.",0,,,,,,,,,,
synthetic_safe,95,114d5e9f0b3ce06632a90bbe,synthetic_safe:safe_synth_12,synthetic_safe:safe_synth_12:User_B_Sim,12,"That's a good idea! We could make some sweet moves once we're both online again without lagging like crazy. [SEP] Bet on it! Let's catch up later tonight when you're less laggy, and we'll crush those in-game challenges together.",Sounds like a plan. I'm really excited to get back into the game with our new skins and updates. It's going to be lit!,0,,,,,,,,,,
synthetic_safe,96,2ec5f23e7b4d99b3dc315481,synthetic_safe:safe_synth_12,synthetic_safe:safe_synth_12:User_A_Sim,13,"Bet on it! Let's catch up later tonight when you're less laggy, and we'll crush those in-game challenges together. [SEP] Sounds like a plan. I'm really excited to get back into the game with our new skins and updates. It's going to be lit!","Absolutely! We've got this. See you online later, friend.",0,,,,,,,,,,
synthetic_safe,97,573b3920700fa8183723642b,synthetic_safe:safe_synth_13,synthetic_safe:safe_synth_13:User_A_Sim,1,,"fr buddy, have you played the new roblox game update?",0,,,,,,,,,,
synthetic_safe,98,83e1d236a8871ab75090b75d,synthetic_safe:safe_synth_13,synthetic_safe:safe_synth_13:User_B_Sim,2,"fr buddy, have you played the new roblox game update?","lol yeah, it's pretty cool! I got a sweet outfit for my character.",0,,,,,,,,,,
synthetic_safe,99,0614b1b77b627e78b927dac8,synthetic_safe:safe_synth_13,synthetic_safe:safe_synth_13:User_A_Sim,3,"fr buddy, have you played the new roblox game update? [SEP] lol yeah, it's pretty cool! I got a sweet outfit for my character.",nice! I just got this awesome pet that follows me everywhere. it's so cute!,0,,,,,,,,,,
synthetic_safe,100,3eb50f32364075b0a41fac0c,synthetic_safe:safe_synth_13,synthetic_safe:safe_synth_13:User_B_Sim,4,"lol yeah, it's pretty cool! I got a sweet outfit for my character. [SEP] nice! I just got this awesome pet that follows me everywhere. it's so cute!",oh that's lit! wanna trade? I'll give you some coins for your pet.,0,,,,,,,,,,
synthetic_safe,101,a2460842ff28c5b7b58aa296,synthetic_safe:safe_synth_13,synthetic_safe:safe_synth_13:User_A_Sim,5,nice! I just got this awesome pet that follows me everywhere. it's so cute! [SEP] oh that's lit! wanna trade? I'll give you some coins for your pet.,"bet, but first let's make sure our connection is stable. My game keeps lagging!",0,,,,,,,,,,
synthetic_safe,102,1d552a17a5a8b58d0ec30788,synthetic_safe:safe_synth_13,synthetic_safe:safe_synth_13:User_B_Sim,6,"oh that's lit! wanna trade? I'll give you some coins for your pet. [SEP] bet, but first let's make sure our connection is stable. My game keeps lagging!",same here. I think the update made it worse. hopefully they fix it soon.,0,,,,,,,,,,
synthetic_safe,103,75a00fb6e8194f85293267b4,synthetic_safe:safe_synth_13,synthetic_safe:safe_synth_13:User_A_Sim,7,"bet, but first let's make sure our connection is stable. My game keeps lagging! [SEP] same here. I think the update made it worse. hopefully they fix it soon.",totally agreed. It's frustrating when we can't enjoy the game smoothly.,0,,,,,,,,,,
synthetic_safe,104,b0998e98c1fbc1043227de65,synthetic_safe:safe_synth_13,synthetic_safe:safe_synth_13:User_B_Sim,8,same here. I think the update made it worse. hopefully they fix it soon. [SEP] totally agreed. It's frustrating when we can't enjoy the game smoothly.,"yeah, but hey, at least we're still having fun! lol",0,,,,,,,,,,
synthetic_safe,105,c41225dbbe2eeda6689b5b32,synthetic_safe:safe_synth_13,synthetic_safe:safe_synth_13:User_A_Sim,9,"totally agreed. It's frustrating when we can't enjoy the game smoothly. [SEP] yeah, but hey, at least we're still having fun! lol","100% true. nothing beats playing with a friend, even if there are some minor hiccups along the way.",0,,,,,,,,,,
synthetic_safe,106,787433c82f71af32c9603e23,synthetic_safe:safe_synth_13,synthetic_safe:safe_synth_13:User_B_Sim,10,"yeah, but hey, at least we're still having fun! lol [SEP] 100% true. nothing beats playing with a friend, even if there are some minor hiccups along the way.",right on. So let's continue our adventure and hopefully beat that lag soon!,0,,,,,,,,,,
synthetic_safe,107,e4755e7a5e89a9e3d1a73af9,synthetic_safe:safe_synth_13,synthetic_safe:safe_synth_13:User_A_Sim,11,"100% true. nothing beats playing with a friend, even if there are some minor hiccups along the way. [SEP] right on. So let's continue our adventure and hopefully beat that lag soon!",you betcha! I'm ready to explore new islands and conquer every game challenge we come across!,0,,,,,,,,,,
synthetic_safe,108,975a377a03aa19ab24e3b972,synthetic_safe:safe_synth_14,synthetic_safe:safe_synth_14:User_A_Sim,1,,"Yo, did you hear about the new Roblox update?",0,,,,,,,,,,
synthetic_safe,109,477b5e62693d6e4c03086770,synthetic_safe:safe_synth_14,synthetic_safe:safe_synth_14:User_B_Sim,2,"Yo, did you hear about the new Roblox update?","Yeah, I was just about to start a game and noticed they added some new skins!",0,,,,,,,,,,
synthetic_safe,110,34509a5062f0f2d4f086c3ff,synthetic_safe:safe_synth_14,synthetic_safe:safe_synth_14:User_A_Sim,3,"Yo, did you hear about the new Roblox update? [SEP] Yeah, I was just about to start a game and noticed they added some new skins!",Nice! You got any cool ones you've been trading with others?,0,,,,,,,,,,
synthetic_safe,111,1290e8c0bc55e7528cf46b96,synthetic_safe:safe_synth_14,synthetic_safe:safe_synth_14:User_B_Sim,4,"Yeah, I was just about to start a game and noticed they added some new skins! [SEP] Nice! You got any cool ones you've been trading with others?",Definitely! I just traded this super cute cat outfit for my character.,0,,,,,,,,,,
synthetic_safe,112,9135ba8095e41e9cb62683c2,synthetic_safe:safe_synth_14,synthetic_safe:safe_synth_14:User_A_Sim,5,Nice! You got any cool ones you've been trading with others? [SEP] Definitely! I just traded this super cute cat outfit for my character.,That's awesome! Did the update cause any lag in the game though?,0,,,,,,,,,,
synthetic_safe,113,62a3919b873a01a4835dee4f,synthetic_safe:safe_synth_14,synthetic_safe:safe_synth_14:User_B_Sim,6,Definitely! I just traded this super cute cat outfit for my character. [SEP] That's awesome! Did the update cause any lag in the game though?,"Surprisingly, no. The game runs smooth as butter even with all the new updates.",0,,,,,,,,,,
synthetic_safe,114,45f669550cb5d012ae400412,synthetic_safe:safe_synth_14,synthetic_safe:safe_synth_14:User_A_Sim,7,"That's awesome! Did the update cause any lag in the game though? [SEP] Surprisingly, no. The game runs smooth as butter even with all the new updates.",That's great to hear. We can enjoy some uninterrupted gameplay then!,0,,,,,,,,,,
synthetic_safe,115,c2071fe816db16a85473d4c4,synthetic_safe:safe_synth_14,synthetic_safe:safe_synth_14:User_B_Sim,8,"Surprisingly, no. The game runs smooth as butter even with all the new updates. [SEP] That's great to hear. We can enjoy some uninterrupted gameplay then!","Absolutely, let's dive into the game and see what new adventures await us.",0,,,,,,,,,,
synthetic_safe,116,a2a41a517d2aa4ddd3814a55,synthetic_safe:safe_synth_14,synthetic_safe:safe_synth_14:User_A_Sim,9,"That's great to hear. We can enjoy some uninterrupted gameplay then! [SEP] Absolutely, let's dive into the game and see what new adventures await us.","For sure! I just joined a new server, wanna hop on too?",0,,,,,,,,,,
synthetic_safe,117,be083eb282274905e2678834,synthetic_safe:safe_synth_14,synthetic_safe:safe_synth_14:User_B_Sim,10,"Absolutely, let's dive into the game and see what new adventures await us. [SEP] For sure! I just joined a new server, wanna hop on too?",Sounds fun! Let me get my avatar ready and we can explore together.,0,,,,,,,,,,
synthetic_safe,118,ed925e0f0b0e873568c0b3b9,synthetic_safe:safe_synth_14,synthetic_safe:safe_synth_14:User_A_Sim,11,"For sure! I just joined a new server, wanna hop on too? [SEP] Sounds fun! Let me get my avatar ready and we can explore together.",Perfect. I'm betting we'll find some exciting challenges along the way!,0,,,,,,,,,,
synthetic_safe,119,3b30c213e42df7af3f70bd87,synthetic_safe:safe_synth_14,synthetic_safe:safe_synth_14:User_B_Sim,12,Sounds fun! Let me get my avatar ready and we can explore together. [SEP] Perfect. I'm betting we'll find some exciting challenges along the way!,"Lol, you're on! Let's start the game and see if we can conquer them all.",0,,,,,,,,,,
synthetic_safe,120,d222acd2926f01616ea5d75a,synthetic_safe:safe_synth_14,synthetic_safe:safe_synth_14:User_A_Sim,13,"Perfect. I'm betting we'll find some exciting challenges along the way! [SEP] Lol, you're on! Let's start the game and see if we can conquer them all.","Alright, here we go! *starts the game*",0,,,,,,,,,,
synthetic_safe,121,6101d6df444b193eba89c74e,synthetic_safe:safe_synth_14,synthetic_safe:safe_synth_14:User_B_Sim,14,"Lol, you're on! Let's start the game and see if we can conquer them all. [SEP] Alright, here we go! *starts the game*","*excitedly* Yay, let's go on a treasure hunt or something fun like that!",0,,,,,,,,,,
synthetic_safe,122,f20be2ba4038cb1ff979a37c,synthetic_safe:safe_synth_14,synthetic_safe:safe_synth_14:User_A_Sim,15,"Alright, here we go! *starts the game* [SEP] *excitedly* Yay, let's go on a treasure hunt or something fun like that!","Yeah, let's explore and find some hidden gems in this new update!",0,,,,,,,,,,
synthetic_safe,123,ea681b115474baeb18eb9f18,synthetic_safe:safe_synth_15,synthetic_safe:safe_synth_15:User_A_Sim,1,,"Hey, have you played the new Roblox update? It's insane!",0,,,,,,,,,,
synthetic_safe,124,9547259aa82e28ff2ff0d1fe,synthetic_safe:safe_synth_15,synthetic_safe:safe_synth_15:User_B_Sim,2,"Hey, have you played the new Roblox update? It's insane!","OMG, yes! I've been trading items left and right.",0,,,,,,,,,,
synthetic_safe,125,c29f5c8dc2ad6a005d9aa493,synthetic_safe:safe_synth_15,synthetic_safe:safe_synth_15:User_A_Sim,3,"Hey, have you played the new Roblox update? It's insane! [SEP] OMG, yes! I've been trading items left and right.","lol, that sounds fun. Have you tried the new mini-game?",0,,,,,,,,,,
synthetic_safe,126,67e52a07417084590c8f6ef6,synthetic_safe:safe_synth_15,synthetic_safe:safe_synth_15:User_B_Sim,4,"OMG, yes! I've been trading items left and right. [SEP] lol, that sounds fun. Have you tried the new mini-game?","fr not, but it looks cool. What do you think about it?",0,,,,,,,,,,
synthetic_safe,127,c49b8bc857dc44f54dfd8e8e,synthetic_safe:safe_synth_15,synthetic_safe:safe_synth_15:User_A_Sim,5,"lol, that sounds fun. Have you tried the new mini-game? [SEP] fr not, but it looks cool. What do you think about it?","I'm loving it so far, but I can't stop lagging on some of the maps. Any suggestions to fix that?",0,,,,,,,,,,
synthetic_safe,128,8f69827b9dc4926209c0e547,synthetic_safe:safe_synth_15,synthetic_safe:safe_synth_15:User_B_Sim,6,"fr not, but it looks cool. What do you think about it? [SEP] I'm loving it so far, but I can't stop lagging on some of the maps. Any suggestions to fix that?",Try closing other apps or restarting your device. It's a common solution for laggy games.,0,,,,,,,,,,
synthetic_safe,129,b1eeb01a9f14e03cbaf45f35,synthetic_safe:safe_synth_15,synthetic_safe:safe_synth_15:User_A_Sim,7,"I'm loving it so far, but I can't stop lagging on some of the maps. Any suggestions to fix that? [SEP] Try closing other apps or restarting your device. It's a common solution for laggy games.","That makes sense. Bet you've got some sweet items to trade, though!",0,,,,,,,,,,
synthetic_safe,130,c6768c24a1b7eb4c68848025,synthetic_safe:safe_synth_15,synthetic_safe:safe_synth_15:User_B_Sim,8,"Try closing other apps or restarting your device. It's a common solution for laggy games. [SEP] That makes sense. Bet you've got some sweet items to trade, though!","lol, yeah! But I'm always looking to upgrade my collection.",0,,,,,,,,,,
synthetic_safe,131,eca7ddfce5172882df7f6f26,synthetic_safe:safe_synth_15,synthetic_safe:safe_synth_15:User_A_Sim,9,"That makes sense. Bet you've got some sweet items to trade, though! [SEP] lol, yeah! But I'm always looking to upgrade my collection.",I feel ya. The new update has some pretty rare items available now.,0,,,,,,,,,,
synthetic_safe,132,3689f4aee2e8bab01a3b1fe3,synthetic_safe:safe_synth_15,synthetic_safe:safe_synth_15:User_B_Sim,10,"lol, yeah! But I'm always looking to upgrade my collection. [SEP] I feel ya. The new update has some pretty rare items available now.",Totally! It's so exciting. I just wish there wasn't so much lag sometimes.,0,,,,,,,,,,
synthetic_safe,133,2d31a8ea260012839ca2aa21,synthetic_safe:safe_synth_15,synthetic_safe:safe_synth_15:User_A_Sim,11,I feel ya. The new update has some pretty rare items available now. [SEP] Totally! It's so exciting. I just wish there wasn't so much lag sometimes.,Same here. We should find a time when both of us have good internet connections and play together.,0,,,,,,,,,,
synthetic_safe,134,1d2dfe7b3874b6a322fa7450,synthetic_safe:safe_synth_15,synthetic_safe:safe_synth_15:User_B_Sim,12,Totally! It's so exciting. I just wish there wasn't so much lag sometimes. [SEP] Same here. We should find a time when both of us have good internet connections and play together.,That sounds like a solid plan. Let's do it!,0,,,,,,,,,,
synthetic_safe,135,2ca213d026d8120173f73089,synthetic_safe:safe_synth_16,synthetic_safe:safe_synth_16:User_A_Sim,1,,"Yo, have you played the new Roblox update?",0,,,,,,,,,,
synthetic_safe,136,36ffe4b972868f05d7ccbaa6,synthetic_safe:safe_synth_16,synthetic_safe:safe_synth_16:User_B_Sim,2,"Yo, have you played the new Roblox update?",Hell yeah! I got a golden boom box for trading in the old one.,0,,,,,,,,,,
synthetic_safe,137,e678eacfc1d669680f0489d9,synthetic_safe:safe_synth_16,synthetic_safe:safe_synth_16:User_A_Sim,3,"Yo, have you played the new Roblox update? [SEP] Hell yeah! I got a golden boom box for trading in the old one.",Nice! I traded my old outfit for a blue buzz saw. It's kind of cool.,0,,,,,,,,,,
synthetic_safe,138,0e58a0ef6467447ae59c2f01,synthetic_safe:safe_synth_16,synthetic_safe:safe_synth_16:User_B_Sim,4,Hell yeah! I got a golden boom box for trading in the old one. [SEP] Nice! I traded my old outfit for a blue buzz saw. It's kind of cool.,"Yeah, I heard those are good for chopping down trees. We should build a tree house together.",0,,,,,,,,,,
synthetic_safe,139,0c9c8b90658c32a2530431a1,synthetic_safe:safe_synth_16,synthetic_safe:safe_synth_16:User_A_Sim,5,"Nice! I traded my old outfit for a blue buzz saw. It's kind of cool. [SEP] Yeah, I heard those are good for chopping down trees. We should build a tree house together.",For sure! But did you experience any lag during the game?,0,,,,,,,,,,
synthetic_safe,140,c35cf98626d7f0ff1b2e09d4,synthetic_safe:safe_synth_16,synthetic_safe:safe_synth_16:User_B_Sim,6,"Yeah, I heard those are good for chopping down trees. We should build a tree house together. [SEP] For sure! But did you experience any lag during the game?","Kinda, but it wasn't too bad. Once we got out of the crowded city area, it smoothed out.",0,,,,,,,,,,
synthetic_safe,141,5c5bc9d9407c466a8bd003de,synthetic_safe:safe_synth_16,synthetic_safe:safe_synth_16:User_A_Sim,7,"For sure! But did you experience any lag during the game? [SEP] Kinda, but it wasn't too bad. Once we got out of the crowded city area, it smoothed out.",Same here. It's so much fun to explore new places without being bogged down by laggy gameplay.,0,,,,,,,,,,
synthetic_safe,142,c554ae4bce191c4863ef3fba,synthetic_safe:safe_synth_16,synthetic_safe:safe_synth_16:User_B_Sim,8,"Kinda, but it wasn't too bad. Once we got out of the crowded city area, it smoothed out. [SEP] Same here. It's so much fun to explore new places without being bogged down by laggy gameplay.",Totally! I bet we'll find some hidden treasures in these new areas.,0,,,,,,,,,,
synthetic_safe,143,59d04f558cb2f6a27ae242ff,synthetic_safe:safe_synth_16,synthetic_safe:safe_synth_16:User_A_Sim,9,Same here. It's so much fun to explore new places without being bogged down by laggy gameplay. [SEP] Totally! I bet we'll find some hidden treasures in these new areas.,Definitely! But let's keep an eye on the clock - we don't want to get caught exploring after dark.,0,,,,,,,,,,
synthetic_safe,144,96084a2b688ea11d32dd8045,synthetic_safe:safe_synth_16,synthetic_safe:safe_synth_16:User_B_Sim,10,Totally! I bet we'll find some hidden treasures in these new areas. [SEP] Definitely! But let's keep an eye on the clock - we don't want to get caught exploring after dark.,Good point. We should probably go back and check out the city again when it gets a bit lighter.,0,,,,,,,,,,
synthetic_safe,145,647ccad4a48528ad0c8dfdde,synthetic_safe:safe_synth_16,synthetic_safe:safe_synth_16:User_A_Sim,11,Definitely! But let's keep an eye on the clock - we don't want to get caught exploring after dark. [SEP] Good point. We should probably go back and check out the city again when it gets a bit lighter.,"Sounds like a plan. By the way, have you tried the new hoverboard trick where you swipe up and down?",0,,,,,,,,,,
synthetic_safe,146,9d507baabe7be37336a49291,synthetic_safe:safe_synth_16,synthetic_safe:safe_synth_16:User_B_Sim,12,"Good point. We should probably go back and check out the city again when it gets a bit lighter. [SEP] Sounds like a plan. By the way, have you tried the new hoverboard trick where you swipe up and down?",Oh yeah! It's so smooth. I bet we'll see a lot of that in our games from now on.,0,,,,,,,,,,
synthetic_safe,147,ece015316c44098202f3ef1b,synthetic_safe:safe_synth_16,synthetic_safe:safe_synth_16:User_A_Sim,13,"Sounds like a plan. By the way, have you tried the new hoverboard trick where you swipe up and down? [SEP] Oh yeah! It's so smooth. I bet we'll see a lot of that in our games from now on.",Absolutely! Let's keep practicing those moves so we're ready for any game challenge.,0,,,,,,,,,,
synthetic_safe,148,1bdc4c3289ae638cc244ad43,synthetic_safe:safe_synth_17,synthetic_safe:safe_synth_17:User_A_Sim,1,,"Yo, did you see the new game update? It's lit!",0,,,,,,,,,,
synthetic_safe,149,86ab529b62e35db062f9067c,synthetic_safe:safe_synth_17,synthetic_safe:safe_synth_17:User_B_Sim,2,"Yo, did you see the new game update? It's lit!","Yeah, fr real! I'm loving the new map layout.",0,,,,,,,,,,
synthetic_safe,150,f86aa9d3e173af0c05055b54,synthetic_safe:safe_synth_17,synthetic_safe:safe_synth_17:User_A_Sim,3,"Yo, did you see the new game update? It's lit! [SEP] Yeah, fr real! I'm loving the new map layout.",Oh mad chill. You got any rare items to trade?,0,,,,,,,,,,
synthetic_safe,151,aed1d103d27904cc0d0faf5d,synthetic_safe:safe_synth_17,synthetic_safe:safe_synth_17:User_B_Sim,4,"Yeah, fr real! I'm loving the new map layout. [SEP] Oh mad chill. You got any rare items to trade?",Bet. I've got a sweet backpack and some cool gear. Wanna swap?,0,,,,,,,,,,
synthetic_safe,152,7df6a87e4227973ba1f4a964,synthetic_safe:safe_synth_17,synthetic_safe:safe_synth_17:User_A_Sim,5,Oh mad chill. You got any rare items to trade? [SEP] Bet. I've got a sweet backpack and some cool gear. Wanna swap?,"For sure, but my PC's lagging hard right now. Can we take a break?",0,,,,,,,,,,
synthetic_safe,153,76794a632be421334efbece9,synthetic_safe:safe_synth_17,synthetic_safe:safe_synth_17:User_B_Sim,6,"Bet. I've got a sweet backpack and some cool gear. Wanna swap? [SEP] For sure, but my PC's lagging hard right now. Can we take a break?","Lol, no problem. We can try again later when you're not lagging so much.",0,,,,,,,,,,
synthetic_safe,154,ad9ae0fb7551d4e3f497dc87,synthetic_safe:safe_synth_18,synthetic_safe:safe_synth_18:User_A_Sim,1,,"Yo, did you hear about the new Roblox update? It's lit!",0,,,,,,,,,,
synthetic_safe,155,4f8ce921c23ca946e8430028,synthetic_safe:safe_synth_18,synthetic_safe:safe_synth_18:User_B_Sim,2,"Yo, did you hear about the new Roblox update? It's lit!","Yeah, fr sure! I can't wait to check it out. Did you get any new skins?",0,,,,,,,,,,
synthetic_safe,156,1db1bc994ed0d2bd120c4b72,synthetic_safe:safe_synth_18,synthetic_safe:safe_synth_18:User_A_Sim,3,"Yo, did you hear about the new Roblox update? It's lit! [SEP] Yeah, fr sure! I can't wait to check it out. Did you get any new skins?","Bet not me, but I saw some cool ones on Reddit. What about you?",0,,,,,,,,,,
synthetic_safe,157,e6225e85bbcfa744cbdbdec6,synthetic_safe:safe_synth_18,synthetic_safe:safe_synth_18:User_B_Sim,4,"Yeah, fr sure! I can't wait to check it out. Did you get any new skins? [SEP] Bet not me, but I saw some cool ones on Reddit. What about you?","Aww, just a few more common ones. But hey, let's hop into the game and see if our lag is gone!",0,,,,,,,,,,
synthetic_safe,158,6fa1d37a9c026344fcf49a46,synthetic_safe:safe_synth_18,synthetic_safe:safe_synth_18:User_A_Sim,5,"Bet not me, but I saw some cool ones on Reddit. What about you? [SEP] Aww, just a few more common ones. But hey, let's hop into the game and see if our lag is gone!",Good idea. We should also trade some items before we start playing.,0,,,,,,,,,,
synthetic_safe,159,8dfe4031077958900642de38,synthetic_safe:safe_synth_18,synthetic_safe:safe_synth_18:User_B_Sim,6,"Aww, just a few more common ones. But hey, let's hop into the game and see if our lag is gone! [SEP] Good idea. We should also trade some items before we start playing.",Totally down with that. I got some sweet backpacks to share!,0,,,,,,,,,,
synthetic_safe,160,3fdcab6680987c17e33da731,synthetic_safe:safe_synth_18,synthetic_safe:safe_synth_18:User_A_Sim,7,Good idea. We should also trade some items before we start playing. [SEP] Totally down with that. I got some sweet backpacks to share!,"Nice! Let's meet at the in-game cafe first, so we can trade smoothly and discuss the update.",0,,,,,,,,,,
synthetic_safe,161,11693ea96836bdbcacdd704c,synthetic_safe:safe_synth_18,synthetic_safe:safe_synth_18:User_B_Sim,8,"Totally down with that. I got some sweet backpacks to share! [SEP] Nice! Let's meet at the in-game cafe first, so we can trade smoothly and discuss the update.",Sounds like a plan. Hope the lag doesn't get us though!,0,,,,,,,,,,
synthetic_safe,162,66c76976665d2a36827f6a6e,synthetic_safe:safe_synth_18,synthetic_safe:safe_synth_18:User_A_Sim,9,"Nice! Let's meet at the in-game cafe first, so we can trade smoothly and discuss the update. [SEP] Sounds like a plan. Hope the lag doesn't get us though!","Yeah, me too. But let's just stay positive and enjoy the game. It's all fun anyway!",0,,,,,,,,,,
synthetic_safe,163,affc02b16b887a68f3e13e5f,synthetic_safe:safe_synth_19,synthetic_safe:safe_synth_19:User_A_Sim,1,,"Hey, have you played the new Roblox update? It's lit!",0,,,,,,,,,,
synthetic_safe,164,a2e74f183d1f0855abb227eb,synthetic_safe:safe_synth_19,synthetic_safe:safe_synth_19:User_B_Sim,2,"Hey, have you played the new Roblox update? It's lit!","Yeah, I tried it earlier and I was feeling that bass drop! lol",0,,,,,,,,,,
synthetic_safe,165,84b211e92b0cfb6f496f9c7a,synthetic_safe:safe_synth_19,synthetic_safe:safe_synth_19:User_A_Sim,3,"Hey, have you played the new Roblox update? It's lit! [SEP] Yeah, I tried it earlier and I was feeling that bass drop! lol",Did you manage to get any of the cool new items?,0,,,,,,,,,,
synthetic_safe,166,31f8e196bcbf0e8a70811b5d,synthetic_safe:safe_synth_19,synthetic_safe:safe_synth_19:User_B_Sim,4,"Yeah, I tried it earlier and I was feeling that bass drop! lol [SEP] Did you manage to get any of the cool new items?","Yeah, I got the golden egg. How about you?",0,,,,,,,,,,
synthetic_safe,167,fea9ed3e70e2389f08094e26,synthetic_safe:safe_synth_19,synthetic_safe:safe_synth_19:User_A_Sim,5,"Did you manage to get any of the cool new items? [SEP] Yeah, I got the golden egg. How about you?",I traded mine for a unicorn pet! fr,0,,,,,,,,,,
synthetic_safe,168,3dfda6efa613f35d85f86d69,synthetic_safe:safe_synth_19,synthetic_safe:safe_synth_19:User_B_Sim,6,"Yeah, I got the golden egg. How about you? [SEP] I traded mine for a unicorn pet! fr",Nice trade! We should do more trades like that.,0,,,,,,,,,,
synthetic_safe,169,8a1e9a2b91e35fe99a1e626d,synthetic_safe:safe_synth_19,synthetic_safe:safe_synth_19:User_A_Sim,7,I traded mine for a unicorn pet! fr [SEP] Nice trade! We should do more trades like that.,"For sure! But hey, my game is starting to lag a bit.",0,,,,,,,,,,
synthetic_safe,170,383fc1980ad2b4ce9250e2bb,synthetic_safe:safe_synth_19,synthetic_safe:safe_synth_19:User_B_Sim,8,"Nice trade! We should do more trades like that. [SEP] For sure! But hey, my game is starting to lag a bit.","Oh no, that's not good. I'm pretty sure they just updated the graphics too, so it might be an issue with our computers.",0,,,,,,,,,,
synthetic_safe,171,dc9e3e512b2ab4b2c84d9478,synthetic_safe:safe_synth_19,synthetic_safe:safe_synth_19:User_A_Sim,9,"For sure! But hey, my game is starting to lag a bit. [SEP] Oh no, that's not good. I'm pretty sure they just updated the graphics too, so it might be an issue with our computers.",That could be it. Maybe we should take a break and come back later?,0,,,,,,,,,,
synthetic_safe,172,4ca32a4346fe465cd95725ab,synthetic_safe:safe_synth_19,synthetic_safe:safe_synth_19:User_B_Sim,10,"Oh no, that's not good. I'm pretty sure they just updated the graphics too, so it might be an issue with our computers. [SEP] That could be it. Maybe we should take a break and come back later?","Yeah, sounds like a plan! Let's power through this lag and keep playing after a bit of a break. Bet?",0,,,,,,,,,,
synthetic_safe,173,570e725ea6506c77cfd34137,synthetic_safe:safe_synth_20,synthetic_safe:safe_synth_20:User_A_Sim,1,,"Hey, did you try the new Roblox update?",0,,,,,,,,,,
synthetic_safe,174,ab3ce4712a60e871c5a98e9c,synthetic_safe:safe_synth_20,synthetic_safe:safe_synth_20:User_B_Sim,2,"Hey, did you try the new Roblox update?","Yeah, it's pretty cool! They added some sweet new skins.",0,,,,,,,,,,
synthetic_safe,175,cfe2197c1eab3f08e60caad2,synthetic_safe:safe_synth_20,synthetic_safe:safe_synth_20:User_A_Sim,3,"Hey, did you try the new Roblox update? [SEP] Yeah, it's pretty cool! They added some sweet new skins.",Bet they do. I still can't get over the lag in the game though.,0,,,,,,,,,,
synthetic_safe,176,f5664f80900630d11270322b,synthetic_safe:safe_synth_20,synthetic_safe:safe_synth_20:User_B_Sim,4,"Yeah, it's pretty cool! They added some sweet new skins. [SEP] Bet they do. I still can't get over the lag in the game though.","I know, right? Sometimes it's so bad that I just stop playing altogether.",0,,,,,,,,,,
synthetic_safe,177,6c8d656e8491191817d4b70a,synthetic_safe:safe_synth_20,synthetic_safe:safe_synth_20:User_A_Sim,5,"Bet they do. I still can't get over the lag in the game though. [SEP] I know, right? Sometimes it's so bad that I just stop playing altogether.",That sucks. Have you traded any items lately?,0,,,,,,,,,,
synthetic_safe,178,6a52f0a2fb60d0120c7cb578,synthetic_safe:safe_synth_20,synthetic_safe:safe_synth_20:User_B_Sim,6,"I know, right? Sometimes it's so bad that I just stop playing altogether. [SEP] That sucks. Have you traded any items lately?",Just swapped a few with my bro. Got some cool gear for my character!,0,,,,,,,,,,
synthetic_safe,179,22732f77f14342563797c39d,synthetic_safe:safe_synth_20,synthetic_safe:safe_synth_20:User_A_Sim,7,That sucks. Have you traded any items lately? [SEP] Just swapped a few with my bro. Got some cool gear for my character!,Nice! You always seem to get the best deals on trades.,0,,,,,,,,,,
synthetic_safe,180,fa0491677315b3c72918c590,synthetic_safe:safe_synth_20,synthetic_safe:safe_synth_20:User_B_Sim,8,Just swapped a few with my bro. Got some cool gear for my character! [SEP] Nice! You always seem to get the best deals on trades.,"Thanks, I've been trading a lot in the game. It helps me stay ahead of everyone else.",0,,,,,,,,,,
synthetic_safe,181,f997c5d9bc9aa48267f32aaa,synthetic_safe:safe_synth_20,synthetic_safe:safe_synth_20:User_A_Sim,9,"Nice! You always seem to get the best deals on trades. [SEP] Thanks, I've been trading a lot in the game. It helps me stay ahead of everyone else.",That's smart. But can't we just keep playing and ignore the lag?,0,,,,,,,,,,
synthetic_safe,182,1ef80ac8cfb55e9425561f46,synthetic_safe:safe_synth_20,synthetic_safe:safe_synth_20:User_B_Sim,10,"Thanks, I've been trading a lot in the game. It helps me stay ahead of everyone else. [SEP] That's smart. But can't we just keep playing and ignore the lag?","Yeah, sure... if you're okay with freezing in place every few minutes. lol",0,,,,,,,,,,
synthetic_safe,183,c29dfd870f412f693c10d930,synthetic_safe:safe_synth_20,synthetic_safe:safe_synth_20:User_A_Sim,11,"That's smart. But can't we just keep playing and ignore the lag? [SEP] Yeah, sure... if you're okay with freezing in place every few minutes. lol","Lol, I get it. You really know your way around Roblox, so let me ask: What's the best strategy to get ahead in this new update?",0,,,,,,,,,,
synthetic_safe,184,d06ca128b3b0b72f28e929ae,synthetic_safe:safe_synth_20,synthetic_safe:safe_synth_20:User_B_Sim,12,"Yeah, sure... if you're okay with freezing in place every few minutes. lol [SEP] Lol, I get it. You really know your way around Roblox, so let me ask: What's the best strategy to get ahead in this new update?","My go-to move is always to customize my character first. Then, trade with other players and try different game modes to see what you're good at. Finally, just keep playing and you'll improve!",0,,,,,,,,,,
synthetic_safe,185,8462b2f6ee83b77ded488bc5,synthetic_safe:safe_synth_21,synthetic_safe:safe_synth_21:User_A_Sim,1,,"Yo, have you seen the syllabus for our history exam?",0,,,,,,,,,,
synthetic_safe,186,983c07086f822afd37d4dce2,synthetic_safe:safe_synth_21,synthetic_safe:safe_synth_21:User_B_Sim,2,"Yo, have you seen the syllabus for our history exam?","Nah, I've been tryna forget about that thing rn. Why? Is it gnarly?",0,,,,,,,,,,
synthetic_safe,187,65ddea244f8b5ff1afa6a0f4,synthetic_safe:safe_synth_21,synthetic_safe:safe_synth_21:User_A_Sim,3,"Yo, have you seen the syllabus for our history exam? [SEP] Nah, I've been tryna forget about that thing rn. Why? Is it gnarly?","Yeah, totally. We're supposed to know everything up till the French Revolution, and you know how much time we spent on that stuff in class.",0,,,,,,,,,,
synthetic_safe,188,d39c486fd84a3b798f4a0c08,synthetic_safe:safe_synth_21,synthetic_safe:safe_synth_21:User_B_Sim,4,"Nah, I've been tryna forget about that thing rn. Why? Is it gnarly? [SEP] Yeah, totally. We're supposed to know everything up till the French Revolution, and you know how much time we spent on that stuff in class.","Ugh, right? And Professor Smith's so strict. I heard he gives out zero-fives on this one.",0,,,,,,,,,,
synthetic_safe,189,36cff69d34edb82dd4ac6448,synthetic_safe:safe_synth_21,synthetic_safe:safe_synth_21:User_A_Sim,5,"Yeah, totally. We're supposed to know everything up till the French Revolution, and you know how much time we spent on that stuff in class. [SEP] Ugh, right? And Professor Smith's so strict. I heard he gives out zero-fives on this one.",That's brutal. How am I even supposed to study for that mess?,0,,,,,,,,,,
synthetic_safe,190,e3f6bcd99df7a3177219a45b,synthetic_safe:safe_synth_21,synthetic_safe:safe_synth_21:User_B_Sim,6,"Ugh, right? And Professor Smith's so strict. I heard he gives out zero-fives on this one. [SEP] That's brutal. How am I even supposed to study for that mess?","Same here, bruh. We need to hunker down and power through this week if we wanna have a chance at nailing that thing.",0,,,,,,,,,,
synthetic_safe,191,b353f8ecef415a822c5418e4,synthetic_safe:safe_synth_21,synthetic_safe:safe_synth_21:User_A_Sim,7,"That's brutal. How am I even supposed to study for that mess? [SEP] Same here, bruh. We need to hunker down and power through this week if we wanna have a chance at nailing that thing.",True. Let's hit the books hard and get through this together.,0,,,,,,,,,,
synthetic_safe,192,b52b87045de808488e7f36bc,synthetic_safe:safe_synth_21,synthetic_safe:safe_synth_21:User_B_Sim,8,"Same here, bruh. We need to hunker down and power through this week if we wanna have a chance at nailing that thing. [SEP] True. Let's hit the books hard and get through this together.","For sure, let's do our best to slay that exam.",0,,,,,,,,,,
synthetic_safe,193,e556bea84dea595520d37894,synthetic_safe:safe_synth_22,synthetic_safe:safe_synth_22:User_A_Sim,1,,"Yo, have you heard about the history exam coming up? It's gonna be a total snoozefest, bruh.",0,,,,,,,,,,
synthetic_safe,194,3bf0cf0100d966e8c05433ab,synthetic_safe:safe_synth_22,synthetic_safe:safe_synth_22:User_B_Sim,2,"Yo, have you heard about the history exam coming up? It's gonna be a total snoozefest, bruh.","You're tellin' me, I'm already stressin' rn. We got that strict teacher, Ms. Thompson, for it, ngl.",0,,,,,,,,,,
synthetic_safe,195,92394065d7d5cb5704c419e5,synthetic_safe:safe_synth_22,synthetic_safe:safe_synth_22:User_A_Sim,3,"Yo, have you heard about the history exam coming up? It's gonna be a total snoozefest, bruh. [SEP] You're tellin' me, I'm already stressin' rn. We got that strict teacher, Ms. Thompson, for it, ngl.","Yeah, she ain't into the whole 'hang out and chill' vibe, I guess. I remember last semester when we had her for English lit - she'd always be all over our homework, checking every detail.",0,,,,,,,,,,
synthetic_safe,196,d85a65adc2e776f1a006fc10,synthetic_safe:safe_synth_22,synthetic_safe:safe_synth_22:User_B_Sim,4,"You're tellin' me, I'm already stressin' rn. We got that strict teacher, Ms. Thompson, for it, ngl. [SEP] Yeah, she ain't into the whole 'hang out and chill' vibe, I guess. I remember last semester when we had her for English lit - she'd always be all over our homework, checking every detail.","Ugh, right? Like, can't we just get good grades without havin' to put in so much work? It's like the universe is conspirin' against us or someth'.",0,,,,,,,,,,
synthetic_safe,197,365598209499444e79d2041b,synthetic_safe:safe_synth_22,synthetic_safe:safe_synth_22:User_A_Sim,5,"Yeah, she ain't into the whole 'hang out and chill' vibe, I guess. I remember last semester when we had her for English lit - she'd always be all over our homework, checking every detail. [SEP] Ugh, right? Like, can't we just get good grades without havin' to put in so much work? It's like the universe is conspirin' against us or someth'.","Totally feelin' ya there. But hey, at least we got this English essay comin' up that should be fun to work on, right?",0,,,,,,,,,,
synthetic_safe,198,6cb73debfd1b598deb0795cb,synthetic_safe:safe_synth_22,synthetic_safe:safe_synth_22:User_B_Sim,6,"Ugh, right? Like, can't we just get good grades without havin' to put in so much work? It's like the universe is conspirin' against us or someth'. [SEP] Totally feelin' ya there. But hey, at least we got this English essay comin' up that should be fun to work on, right?","You sound more optimistic than I do about that...I mean, what if we get a topic we don't know how to write about? We could end up just sitting there, strikin' out every idea we come up with 'cause Ms. Thompson will be all over it.",0,,,,,,,,,,
synthetic_safe,199,ffbd4882a0f62bf579b26256,synthetic_safe:safe_synth_22,synthetic_safe:safe_synth_22:User_A_Sim,7,"Totally feelin' ya there. But hey, at least we got this English essay comin' up that should be fun to work on, right? [SEP] You sound more optimistic than I do about that...I mean, what if we get a topic we don't know how to write about? We could end up just sitting there, strikin' out every idea we come up with 'cause Ms. Thompson will be all over it.","Yeah, you got that right. But hey, let's not think about that now. Let's just try and chill for a bit - maybe put in some work on our history notes tonight to get ahead of the game?",0,,,,,,,,,,
synthetic_safe,200,10f5b14a1f7c09907c7a7f93,synthetic_safe:safe_synth_22,synthetic_safe:safe_synth_22:User_B_Sim,8,"You sound more optimistic than I do about that...I mean, what if we get a topic we don't know how to write about? We could end up just sitting there, strikin' out every idea we come up with 'cause Ms. Thompson will be all over it. [SEP] Yeah, you got that right. But hey, let's not think about that now. Let's just try and chill for a bit - maybe put in some work on our history notes tonight to get ahead of the game?","Sounds like a plan! I'll meet you at the library in, like, an hour or so? And we can grab some coffee while we're studyin'?",0,,,,,,,,,,
synthetic_safe,201,753dbfd75681947403b405b1,synthetic_safe:safe_synth_22,synthetic_safe:safe_synth_22:User_A_Sim,9,"Yeah, you got that right. But hey, let's not think about that now. Let's just try and chill for a bit - maybe put in some work on our history notes tonight to get ahead of the game? [SEP] Sounds like a plan! I'll meet you at the library in, like, an hour or so? And we can grab some coffee while we're studyin'?","Sweet deal. See ya there, and let's hope we don't end up with a history report that's longer than a football field, bruh.",0,,,,,,,,,,
synthetic_safe,202,6920d3d9df0dd7399bdbb8b0,synthetic_safe:safe_synth_22,synthetic_safe:safe_synth_22:User_B_Sim,10,"Sounds like a plan! I'll meet you at the library in, like, an hour or so? And we can grab some coffee while we're studyin'? [SEP] Sweet deal. See ya there, and let's hope we don't end up with a history report that's longer than a football field, bruh.","Haha, good luck with that! Ngl, I'm just glad we got each other to keep us company while we grind through this stuff.",0,,,,,,,,,,
synthetic_safe,203,c279416ccd52bb9dbe9c0717,synthetic_safe:safe_synth_23,synthetic_safe:safe_synth_23:User_A_Sim,1,,"Yo, have you heard about the math exam we've got coming up?",0,,,,,,,,,,
synthetic_safe,204,36a0f84e670c25a82eb315b9,synthetic_safe:safe_synth_23,synthetic_safe:safe_synth_23:User_B_Sim,2,"Yo, have you heard about the math exam we've got coming up?","Yeah, dude, it's gonna be gnarly. I mean, we're already struggling to keep up with Mr. Smith's lectures.",0,,,,,,,,,,
synthetic_safe,205,4e6639fa021003c0172eb51a,synthetic_safe:safe_synth_23,synthetic_safe:safe_synth_23:User_A_Sim,3,"Yo, have you heard about the math exam we've got coming up? [SEP] Yeah, dude, it's gonna be gnarly. I mean, we're already struggling to keep up with Mr. Smith's lectures.","Bet. And he's such a strict teacher too, right? Like, if you sneeze in his class, he'll send you out the door.",0,,,,,,,,,,
synthetic_safe,206,67c14d034d9d6b9ce880697c,synthetic_safe:safe_synth_23,synthetic_safe:safe_synth_23:User_B_Sim,4,"Yeah, dude, it's gonna be gnarly. I mean, we're already struggling to keep up with Mr. Smith's lectures. [SEP] Bet. And he's such a strict teacher too, right? Like, if you sneeze in his class, he'll send you out the door.","Haha, true story! But seriously, I'm just worried about how we're gonna ace this exam when it seems like nothing's sticking.",0,,,,,,,,,,
synthetic_safe,207,033b74d8c68ccd3b64985485,synthetic_safe:safe_synth_23,synthetic_safe:safe_synth_23:User_A_Sim,5,"Bet. And he's such a strict teacher too, right? Like, if you sneeze in his class, he'll send you out the door. [SEP] Haha, true story! But seriously, I'm just worried about how we're gonna ace this exam when it seems like nothing's sticking.","Same. We've got to figure something out though, bruh. I mean, we can't just go up there and be all 'umm' and 'aah'.",0,,,,,,,,,,
synthetic_safe,208,21e284cc778443ab350d439c,synthetic_safe:safe_synth_23,synthetic_safe:safe_synth_23:User_B_Sim,6,"Haha, true story! But seriously, I'm just worried about how we're gonna ace this exam when it seems like nothing's sticking. [SEP] Same. We've got to figure something out though, bruh. I mean, we can't just go up there and be all 'umm' and 'aah'.","You're telling me! It's gotta be all 'A OK' and 'Yes, Sir/Madam'.",0,,,,,,,,,,
synthetic_safe,209,28c7e720a3858da57fd58af4,synthetic_safe:safe_synth_23,synthetic_safe:safe_synth_23:User_A_Sim,7,"Same. We've got to figure something out though, bruh. I mean, we can't just go up there and be all 'umm' and 'aah'. [SEP] You're telling me! It's gotta be all 'A OK' and 'Yes, Sir/Madam'.","Exactly! Like, we gotta come up with a strategy or something. Maybe we could start study groups after school?",0,,,,,,,,,,
synthetic_safe,210,67c1848dc19a2c66dc89a4e2,synthetic_safe:safe_synth_23,synthetic_safe:safe_synth_23:User_B_Sim,8,"You're telling me! It's gotta be all 'A OK' and 'Yes, Sir/Madam'. [SEP] Exactly! Like, we gotta come up with a strategy or something. Maybe we could start study groups after school?","That's not a bad idea, man. We'll just have to make sure we don't get stuck in the library for too long.",0,,,,,,,,,,
synthetic_safe,211,3ad8f16d805aa972b6e0c02a,synthetic_safe:safe_synth_23,synthetic_safe:safe_synth_23:User_A_Sim,9,"Exactly! Like, we gotta come up with a strategy or something. Maybe we could start study groups after school? [SEP] That's not a bad idea, man. We'll just have to make sure we don't get stuck in the library for too long.","Haha, yeah, that'd be the death of us! But seriously, if we can keep up with our studies and stay on top of things, we should do pretty good.",0,,,,,,,,,,
synthetic_safe,212,76e99a9df11890a78fb2f85d,synthetic_safe:safe_synth_23,synthetic_safe:safe_synth_23:User_B_Sim,10,"That's not a bad idea, man. We'll just have to make sure we don't get stuck in the library for too long. [SEP] Haha, yeah, that'd be the death of us! But seriously, if we can keep up with our studies and stay on top of things, we should do pretty good.","Totally agree. Just gotta make sure we're putting in the work without getting burnt out. Like, we don't wanna get all 'LOL' and forget about the exam entirely!",0,,,,,,,,,,
synthetic_safe,213,3530bc81b0814ebd21ab5fbb,synthetic_safe:safe_synth_23,synthetic_safe:safe_synth_23:User_A_Sim,11,"Haha, yeah, that'd be the death of us! But seriously, if we can keep up with our studies and stay on top of things, we should do pretty good. [SEP] Totally agree. Just gotta make sure we're putting in the work without getting burnt out. Like, we don't wanna get all 'LOL' and forget about the exam entirely!","Yeah, no kidding! We gotta keep our eye on the prize: passing this test with flying colors!",0,,,,,,,,,,
synthetic_safe,214,3246e4a8560f7819932f00aa,synthetic_safe:safe_synth_23,synthetic_safe:safe_synth_23:User_B_Sim,12,"Totally agree. Just gotta make sure we're putting in the work without getting burnt out. Like, we don't wanna get all 'LOL' and forget about the exam entirely! [SEP] Yeah, no kidding! We gotta keep our eye on the prize: passing this test with flying colors!","For real, dude. Let's do this thing, bruh style!",0,,,,,,,,,,
synthetic_safe,215,025f37729ff88b6dc4370ddf,synthetic_safe:safe_synth_24,synthetic_safe:safe_synth_24:User_A_Sim,1,,"Yo, did you hear about the bio test next week? It's gonna be a total snoozefest, bruh.",0,,,,,,,,,,
synthetic_safe,216,33517c90af97599632f72d50,synthetic_safe:safe_synth_24,synthetic_safe:safe_synth_24:User_B_Sim,2,"Yo, did you hear about the bio test next week? It's gonna be a total snoozefest, bruh.","Yeah, I'm seriously stressed about that sh*t. Ms. Grumpyface is already riding our backs hard enough as it is, right?",0,,,,,,,,,,
synthetic_safe,217,353df6c5d7c841d0a5985d06,synthetic_safe:safe_synth_24,synthetic_safe:safe_synth_24:User_A_Sim,3,"Yo, did you hear about the bio test next week? It's gonna be a total snoozefest, bruh. [SEP] Yeah, I'm seriously stressed about that sh*t. Ms. Grumpyface is already riding our backs hard enough as it is, right?","You're telling me - I had to stay up all night cramming for her chem test. That was a nightmare, ngl.",0,,,,,,,,,,
synthetic_safe,218,6155649def81975092c555a4,synthetic_safe:safe_synth_24,synthetic_safe:safe_synth_24:User_B_Sim,4,"Yeah, I'm seriously stressed about that sh*t. Ms. Grumpyface is already riding our backs hard enough as it is, right? [SEP] You're telling me - I had to stay up all night cramming for her chem test. That was a nightmare, ngl.","I feel you on that. But can we focus on the bio test now? I'm scared of those plant and animal identification questions. They're gonna be like, so tricky.",0,,,,,,,,,,
synthetic_safe,219,65e966300c5e4ade7b2efd11,synthetic_safe:safe_synth_24,synthetic_safe:safe_synth_24:User_A_Sim,5,"You're telling me - I had to stay up all night cramming for her chem test. That was a nightmare, ngl. [SEP] I feel you on that. But can we focus on the bio test now? I'm scared of those plant and animal identification questions. They're gonna be like, so tricky.","For realz, man! We gotta find some time to study together. Maybe hit the library after school or something?",0,,,,,,,,,,
synthetic_safe,220,4b90f9bab760834a0defb919,synthetic_safe:safe_synth_24,synthetic_safe:safe_synth_24:User_B_Sim,6,"I feel you on that. But can we focus on the bio test now? I'm scared of those plant and animal identification questions. They're gonna be like, so tricky. [SEP] For realz, man! We gotta find some time to study together. Maybe hit the library after school or something?","That sounds like a plan, bro. If we work together, I'm sure we can nail those exams.",0,,,,,,,,,,
synthetic_safe,221,1382deafdf5a200d3cf91adf,synthetic_safe:safe_synth_24,synthetic_safe:safe_synth_24:User_A_Sim,7,"For realz, man! We gotta find some time to study together. Maybe hit the library after school or something? [SEP] That sounds like a plan, bro. If we work together, I'm sure we can nail those exams.","Righteous! Let's make sure we ace these tests and show Ms. Grumpyface that she can't bring us down, you feel me?",0,,,,,,,,,,
synthetic_safe,222,96d281ca1dc20f16176325fb,synthetic_safe:safe_synth_24,synthetic_safe:safe_synth_24:User_B_Sim,8,"That sounds like a plan, bro. If we work together, I'm sure we can nail those exams. [SEP] Righteous! Let's make sure we ace these tests and show Ms. Grumpyface that she can't bring us down, you feel me?","Absolutely, dude. We got this in the bag. No way is she gonna crush our vibe.",0,,,,,,,,,,
synthetic_safe,223,16cf1b943706d3998f1d8fec,synthetic_safe:safe_synth_25,synthetic_safe:safe_synth_25:User_A_Sim,1,,"Yo, have you seen the latest exam schedule? We've got a history test comin' up that's gonna be so gnarly.",0,,,,,,,,,,
synthetic_safe,224,c647d5ab4e4342c2093a00a3,synthetic_safe:safe_synth_25,synthetic_safe:safe_synth_25:User_B_Sim,2,"Yo, have you seen the latest exam schedule? We've got a history test comin' up that's gonna be so gnarly.","Nah, I saw it but I was just tryna ignore all the stress. The teacher is such a hard-ass, man! She'll probably have us write an essay about the tiniest detail in the textbook. Like, who even reads all that stuff?",0,,,,,,,,,,
synthetic_safe,225,27422b6a74dfedae8bc2b30d,synthetic_safe:safe_synth_25,synthetic_safe:safe_synth_25:User_A_Sim,3,"Yo, have you seen the latest exam schedule? We've got a history test comin' up that's gonna be so gnarly. [SEP] Nah, I saw it but I was just tryna ignore all the stress. The teacher is such a hard-ass, man! She'll probably have us write an essay about the tiniest detail in the textbook. Like, who even reads all that stuff?",Right? And don't get me started on her pop quizzes. It's like she's always tryna catch us off-guard. She's worse than a ninja!,0,,,,,,,,,,
synthetic_safe,226,ae20a16076d2dc8a59b4a0e5,synthetic_safe:safe_synth_25,synthetic_safe:safe_synth_25:User_B_Sim,4,"Nah, I saw it but I was just tryna ignore all the stress. The teacher is such a hard-ass, man! She'll probably have us write an essay about the tiniest detail in the textbook. Like, who even reads all that stuff? [SEP] Right? And don't get me started on her pop quizzes. It's like she's always tryna catch us off-guard. She's worse than a ninja!","Haha, true. But seriously though, I'm really stressed about this test. I mean, we're already dealing with so much stuff in class and now we've got to ace this too?",0,,,,,,,,,,
synthetic_safe,227,bab6b5eca941cee14197b207,synthetic_safe:safe_synth_25,synthetic_safe:safe_synth_25:User_A_Sim,5,"Right? And don't get me started on her pop quizzes. It's like she's always tryna catch us off-guard. She's worse than a ninja! [SEP] Haha, true. But seriously though, I'm really stressed about this test. I mean, we're already dealing with so much stuff in class and now we've got to ace this too?","Yeah, I hear ya. We're just human, bruh! Can't she cut us some slack? We're not robots or somethin'.",0,,,,,,,,,,
synthetic_safe,228,da60eeef317c90cdb370dca5,synthetic_safe:safe_synth_25,synthetic_safe:safe_synth_25:User_B_Sim,6,"Haha, true. But seriously though, I'm really stressed about this test. I mean, we're already dealing with so much stuff in class and now we've got to ace this too? [SEP] Yeah, I hear ya. We're just human, bruh! Can't she cut us some slack? We're not robots or somethin'.","Exactly! She's like a robot herself, always grindin' away. No chill at all.",0,,,,,,,,,,
synthetic_safe,229,b82537c11c5b321686ecd505,synthetic_safe:safe_synth_25,synthetic_safe:safe_synth_25:User_A_Sim,7,"Yeah, I hear ya. We're just human, bruh! Can't she cut us some slack? We're not robots or somethin'. [SEP] Exactly! She's like a robot herself, always grindin' away. No chill at all.","Oh man, I can't even imagine how grueling the test will be. It'll probably have more questions than answers!",0,,,,,,,,,,
synthetic_safe,230,e78189a12ee2338fb27fbb52,synthetic_safe:safe_synth_25,synthetic_safe:safe_synth_25:User_B_Sim,8,"Exactly! She's like a robot herself, always grindin' away. No chill at all. [SEP] Oh man, I can't even imagine how grueling the test will be. It'll probably have more questions than answers!",That sounds brutal. I'm just prayin' she doesn't throw any curveballs our way.,0,,,,,,,,,,
synthetic_safe,231,8dfa363de9c69b02b3681d4e,synthetic_safe:safe_synth_25,synthetic_safe:safe_synth_25:User_A_Sim,9,"Oh man, I can't even imagine how grueling the test will be. It'll probably have more questions than answers! [SEP] That sounds brutal. I'm just prayin' she doesn't throw any curveballs our way.","Agreed! But hey, let's try to stay positive. Maybe we'll get lucky and stumble upon some study material that actually makes sense?",0,,,,,,,,,,
synthetic_safe,232,45168ffc4c888dcd828a66df,synthetic_safe:safe_synth_25,synthetic_safe:safe_synth_25:User_B_Sim,10,"That sounds brutal. I'm just prayin' she doesn't throw any curveballs our way. [SEP] Agreed! But hey, let's try to stay positive. Maybe we'll get lucky and stumble upon some study material that actually makes sense?","Yeah, or maybe we can wing it and hope for the best? We've always managed to scrape by somehow...",0,,,,,,,,,,
synthetic_safe,233,52750acb46c1e555cb82412d,synthetic_safe:safe_synth_25,synthetic_safe:safe_synth_25:User_A_Sim,11,"Agreed! But hey, let's try to stay positive. Maybe we'll get lucky and stumble upon some study material that actually makes sense? [SEP] Yeah, or maybe we can wing it and hope for the best? We've always managed to scrape by somehow...","True. And at least we got each other's backs, right? We can help each other out if we get stuck.",0,,,,,,,,,,
synthetic_safe,234,4e69195e656450ed90cb13cc,synthetic_safe:safe_synth_25,synthetic_safe:safe_synth_25:User_B_Sim,12,"Yeah, or maybe we can wing it and hope for the best? We've always managed to scrape by somehow... [SEP] True. And at least we got each other's backs, right? We can help each other out if we get stuck.","For sure! In the end, we're all in this together, so might as well support each other. Let's knuckle down and do our best. Maybe it won't be that bad after all?",0,,,,,,,,,,
synthetic_safe,235,f14ad5bc783cdcc94e93bd82,synthetic_safe:safe_synth_26,synthetic_safe:safe_synth_26:User_A_Sim,1,,"Yo, have you seen the syllabus for English next week? It's like a whole novel we gotta memorize ngl.",0,,,,,,,,,,
synthetic_safe,236,36361b8e69c28a1f009642b8,synthetic_safe:safe_synth_26,synthetic_safe:safe_synth_26:User_B_Sim,2,"Yo, have you seen the syllabus for English next week? It's like a whole novel we gotta memorize ngl.","For real, dude. And it's not even the cool parts of the story - it's just the boring stuff in the beginning. Like bruh, why do we need to know all that?",0,,,,,,,,,,
synthetic_safe,237,84b4515ea28f1d8d7cdcfe59,synthetic_safe:safe_synth_26,synthetic_safe:safe_synth_26:User_A_Sim,3,"Yo, have you seen the syllabus for English next week? It's like a whole novel we gotta memorize ngl. [SEP] For real, dude. And it's not even the cool parts of the story - it's just the boring stuff in the beginning. Like bruh, why do we need to know all that?","Right? I mean, I get if it's like a big theme or something, but there's so much random stuff. It's like, who cares about what Mrs. Johnson's cat ate for breakfast?",0,,,,,,,,,,
synthetic_safe,238,9e6ad9f57d9dd1e85f27c6c0,synthetic_safe:safe_synth_26,synthetic_safe:safe_synth_26:User_B_Sim,4,"For real, dude. And it's not even the cool parts of the story - it's just the boring stuff in the beginning. Like bruh, why do we need to know all that? [SEP] Right? I mean, I get if it's like a big theme or something, but there's so much random stuff. It's like, who cares about what Mrs. Johnson's cat ate for breakfast?","Haha, yeah! And she's always giving us those tricky questions in class too. Like we're just supposed to read between the lines and figure out her secret code or something.",0,,,,,,,,,,
synthetic_safe,239,e6e25c9202d6647cb067fdb7,synthetic_safe:safe_synth_26,synthetic_safe:safe_synth_26:User_A_Sim,5,"Right? I mean, I get if it's like a big theme or something, but there's so much random stuff. It's like, who cares about what Mrs. Johnson's cat ate for breakfast? [SEP] Haha, yeah! And she's always giving us those tricky questions in class too. Like we're just supposed to read between the lines and figure out her secret code or something.","Oh man, I remember that one time when she made us write a whole essay about how the color blue represents our emotions or some nonsense like that.",0,,,,,,,,,,
synthetic_safe,240,14ad42c4d29384471c2898e7,synthetic_safe:safe_synth_26,synthetic_safe:safe_synth_26:User_B_Sim,6,"Haha, yeah! And she's always giving us those tricky questions in class too. Like we're just supposed to read between the lines and figure out her secret code or something. [SEP] Oh man, I remember that one time when she made us write a whole essay about how the color blue represents our emotions or some nonsense like that.","You're telling me you didn't get an F on that one? I thought my 'The Blue Feeling is Real' essay was pretty solid. Like, it's not my fault if Mrs. Johnson just hated blues in general, bruh.",0,,,,,,,,,,
synthetic_safe,241,eea4b639a2995237a7e4a319,synthetic_safe:safe_synth_26,synthetic_safe:safe_synth_26:User_A_Sim,7,"Oh man, I remember that one time when she made us write a whole essay about how the color blue represents our emotions or some nonsense like that. [SEP] You're telling me you didn't get an F on that one? I thought my 'The Blue Feeling is Real' essay was pretty solid. Like, it's not my fault if Mrs. Johnson just hated blues in general, bruh.","Alright, fair enough. But trust me, we'll be fine as long as we don't let her catch us taking a nap during class. I mean, that'd be like sleeping through a 'Gone with the Wind' marathon or something. Ngl, you gotta stay awake for that stuff.",0,,,,,,,,,,
synthetic_safe,242,9450ef429fcf705f3604000a,synthetic_safe:safe_synth_26,synthetic_safe:safe_synth_26:User_B_Sim,8,"You're telling me you didn't get an F on that one? I thought my 'The Blue Feeling is Real' essay was pretty solid. Like, it's not my fault if Mrs. Johnson just hated blues in general, bruh. [SEP] Alright, fair enough. But trust me, we'll be fine as long as we don't let her catch us taking a nap during class. I mean, that'd be like sleeping through a 'Gone with the Wind' marathon or something. Ngl, you gotta stay awake for that stuff.","Ha, yeah! But seriously, we're gonna crush this exam. We just gotta study smart and not let it stress us out too much. Right?",0,,,,,,,,,,
synthetic_safe,243,dbead1820074bfbf1074ecaf,synthetic_safe:safe_synth_26,synthetic_safe:safe_synth_26:User_A_Sim,9,"Alright, fair enough. But trust me, we'll be fine as long as we don't let her catch us taking a nap during class. I mean, that'd be like sleeping through a 'Gone with the Wind' marathon or something. Ngl, you gotta stay awake for that stuff. [SEP] Ha, yeah! But seriously, we're gonna crush this exam. We just gotta study smart and not let it stress us out too much. Right?","For sure, dude. Just remember: no cramming till the last minute, keep studying together so we can help each other out, and most importantly - stay cool, bruh!",0,,,,,,,,,,
synthetic_safe,244,e667c169837439787b02052b,synthetic_safe:safe_synth_27,synthetic_safe:safe_synth_27:User_A_Sim,1,,"Yo, have you seen the syllabus for English next week? That's a hardcore test and I'm not even gonna lie, I'm totally stressed.",0,,,,,,,,,,
synthetic_safe,245,91910c6683c409eed3bee00c,synthetic_safe:safe_synth_27,synthetic_safe:safe_synth_27:User_B_Sim,2,"Yo, have you seen the syllabus for English next week? That's a hardcore test and I'm not even gonna lie, I'm totally stressed.","Same here, bruh. Mr. Thompson is such an intense teacher; he literally expects us to read every single one of those thick books ngl!",0,,,,,,,,,,
synthetic_safe,246,71f4a02829cca7b36209ccf6,synthetic_safe:safe_synth_27,synthetic_safe:safe_synth_27:User_A_Sim,3,"Yo, have you seen the syllabus for English next week? That's a hardcore test and I'm not even gonna lie, I'm totally stressed. [SEP] Same here, bruh. Mr. Thompson is such an intense teacher; he literally expects us to read every single one of those thick books ngl!",Right? And don't even get me started on those essay assignments. They're like 10-page monstrosities! That's just crazy talk.,0,,,,,,,,,,
synthetic_safe,247,e2949048ab5feb4c51f3d7d0,synthetic_safe:safe_synth_27,synthetic_safe:safe_synth_27:User_B_Sim,4,"Same here, bruh. Mr. Thompson is such an intense teacher; he literally expects us to read every single one of those thick books ngl! [SEP] Right? And don't even get me started on those essay assignments. They're like 10-page monstrosities! That's just crazy talk.","I totally know you there, man. My hands were literally shaking when I had to write that long-ass analysis on 'The Great Gatsby'. It was straight up nightmare fuel, no joke.",0,,,,,,,,,,
synthetic_safe,248,0d51582f94e5dd69dea87988,synthetic_safe:safe_synth_27,synthetic_safe:safe_synth_27:User_A_Sim,5,"Right? And don't even get me started on those essay assignments. They're like 10-page monstrosities! That's just crazy talk. [SEP] I totally know you there, man. My hands were literally shaking when I had to write that long-ass analysis on 'The Great Gatsby'. It was straight up nightmare fuel, no joke.","Ugh, and the way he grades is brutal too. Like, we're already trying to get good grades for our GPA but then he comes in with these mean AF curve scores... I'm so over it.",0,,,,,,,,,,
synthetic_safe,249,b68391e86d53e564554a5a8b,synthetic_safe:safe_synth_27,synthetic_safe:safe_synth_27:User_B_Sim,6,"I totally know you there, man. My hands were literally shaking when I had to write that long-ass analysis on 'The Great Gatsby'. It was straight up nightmare fuel, no joke. [SEP] Ugh, and the way he grades is brutal too. Like, we're already trying to get good grades for our GPA but then he comes in with these mean AF curve scores... I'm so over it.","Same frickin' page, dude! It's like he wants us to fail or something. We're working hard and putting in effort, yet the expectations are so high that it feels impossible to keep up.",0,,,,,,,,,,
synthetic_safe,250,04e877d57f3efe170df4afbb,synthetic_safe:safe_synth_27,synthetic_safe:safe_synth_27:User_A_Sim,7,"Ugh, and the way he grades is brutal too. Like, we're already trying to get good grades for our GPA but then he comes in with these mean AF curve scores... I'm so over it. [SEP] Same frickin' page, dude! It's like he wants us to fail or something. We're working hard and putting in effort, yet the expectations are so high that it feels impossible to keep up.","Oh man, I remember when we had to do that group project with him too. You know he paired me up with this majorly uncool kid who was always on his phone during class? It was like trying to collaborate with a ghost!",0,,,,,,,,,,
synthetic_safe,251,d89cb689be9f0da13636b0d3,synthetic_safe:safe_synth_27,synthetic_safe:safe_synth_27:User_B_Sim,8,"Same frickin' page, dude! It's like he wants us to fail or something. We're working hard and putting in effort, yet the expectations are so high that it feels impossible to keep up. [SEP] Oh man, I remember when we had to do that group project with him too. You know he paired me up with this majorly uncool kid who was always on his phone during class? It was like trying to collaborate with a ghost!","Oh yeah, I totally forgot about that. That was a nightmare! But hey, at least we have each other to vent and complain to, right?",0,,,,,,,,,,
synthetic_safe,252,5814ed8116315bf926469bf2,synthetic_safe:safe_synth_27,synthetic_safe:safe_synth_27:User_A_Sim,9,"Oh man, I remember when we had to do that group project with him too. You know he paired me up with this majorly uncool kid who was always on his phone during class? It was like trying to collaborate with a ghost! [SEP] Oh yeah, I totally forgot about that. That was a nightmare! But hey, at least we have each other to vent and complain to, right?","For sure, man. It's always good to have someone in the same boat as you. We'll just gotta study together and help each other out, that way we can ace this test!",0,,,,,,,,,,
synthetic_safe,253,33ec1313d119b71871e73c8f,synthetic_safe:safe_synth_27,synthetic_safe:safe_synth_27:User_B_Sim,10,"Oh yeah, I totally forgot about that. That was a nightmare! But hey, at least we have each other to vent and complain to, right? [SEP] For sure, man. It's always good to have someone in the same boat as you. We'll just gotta study together and help each other out, that way we can ace this test!","Yeah, sounds like a solid plan! Let's crush it next week, buddy!",0,,,,,,,,,,
synthetic_safe,254,ba2e5dd71b3bf8dfa6df2bf4,synthetic_safe:safe_synth_28,synthetic_safe:safe_synth_28:User_A_Sim,1,,"Yo, bruh, you're not gonna believe this.",0,,,,,,,,,,
synthetic_safe,255,28750e788a8289934baf883c,synthetic_safe:safe_synth_28,synthetic_safe:safe_synth_28:User_B_Sim,2,"Yo, bruh, you're not gonna believe this.",What's up?,0,,,,,,,,,,
synthetic_safe,256,1a4f07a3e58559f1df1f154f,synthetic_safe:safe_synth_28,synthetic_safe:safe_synth_28:User_A_Sim,3,"Yo, bruh, you're not gonna believe this. [SEP] What's up?",We got another essay from Mr. Johnson coming at us like a tidal wave rn.,0,,,,,,,,,,
synthetic_safe,257,18d2398d6f359f3fd07b8784,synthetic_safe:safe_synth_28,synthetic_safe:safe_synth_28:User_B_Sim,4,What's up? [SEP] We got another essay from Mr. Johnson coming at us like a tidal wave rn.,"Ugh, that guy is such a stickler.",0,,,,,,,,,,
synthetic_safe,258,cb8628bdce0ddb2e0bb04f50,synthetic_safe:safe_synth_28,synthetic_safe:safe_synth_28:User_A_Sim,5,"We got another essay from Mr. Johnson coming at us like a tidal wave rn. [SEP] Ugh, that guy is such a stickler.",I swear he takes pleasure in giving us impossible assignments.,0,,,,,,,,,,
synthetic_safe,259,fbabd3e10cb8349670d255dc,synthetic_safe:safe_synth_28,synthetic_safe:safe_synth_28:User_B_Sim,6,"Ugh, that guy is such a stickler. [SEP] I swear he takes pleasure in giving us impossible assignments.","Yeah, and don't even get me started on his grading scale. It's like he wants us to fail or something.",0,,,,,,,,,,
synthetic_safe,260,51591cc97c2e0cd87bbaf83c,synthetic_safe:safe_synth_28,synthetic_safe:safe_synth_28:User_A_Sim,7,"I swear he takes pleasure in giving us impossible assignments. [SEP] Yeah, and don't even get me started on his grading scale. It's like he wants us to fail or something.","Right? And with this exam looming over our heads, we really need some good grades to balance out all the curveballs he's thrown at us already.",0,,,,,,,,,,
synthetic_safe,261,e8a37445e068de540cbc2e61,synthetic_safe:safe_synth_28,synthetic_safe:safe_synth_28:User_B_Sim,8,"Yeah, and don't even get me started on his grading scale. It's like he wants us to fail or something. [SEP] Right? And with this exam looming over our heads, we really need some good grades to balance out all the curveballs he's thrown at us already.","For real, dude. We're pretty much stuck in his class, and it feels like he doesn't even care if we learn or not.",0,,,,,,,,,,
synthetic_safe,262,0092be3ee1ce9929740af2b0,synthetic_safe:safe_synth_28,synthetic_safe:safe_synth_28:User_A_Sim,9,"Right? And with this exam looming over our heads, we really need some good grades to balance out all the curveballs he's thrown at us already. [SEP] For real, dude. We're pretty much stuck in his class, and it feels like he doesn't even care if we learn or not.","I know, right? It's so frustrating.",0,,,,,,,,,,
synthetic_safe,263,ee6340cb5a1bffee5afcabf4,synthetic_safe:safe_synth_28,synthetic_safe:safe_synth_28:User_B_Sim,10,"For real, dude. We're pretty much stuck in his class, and it feels like he doesn't even care if we learn or not. [SEP] I know, right? It's so frustrating.",Just gotta keep our heads up and keep grinding. Maybe we can find some study group to help us out?,0,,,,,,,,,,
synthetic_safe,264,6a64204c766cb3b4a3e2f0e2,synthetic_safe:safe_synth_28,synthetic_safe:safe_synth_28:User_A_Sim,11,"I know, right? It's so frustrating. [SEP] Just gotta keep our heads up and keep grinding. Maybe we can find some study group to help us out?",That's a solid idea. We could use the extra support with all these gnarly assignments he's dropping on us.,0,,,,,,,,,,
synthetic_safe,265,0068b9404809104b52fd4842,synthetic_safe:safe_synth_29,synthetic_safe:safe_synth_29:User_A_Sim,1,,"Yo, have you seen the syllabus for our next exam? That sh*t's gonna be a nightmare.",0,,,,,,,,,,
synthetic_safe,266,8564a8e3c42bfde211830a79,synthetic_safe:safe_synth_29,synthetic_safe:safe_synth_29:User_B_Sim,2,"Yo, have you seen the syllabus for our next exam? That sh*t's gonna be a nightmare.","Oh man, tell me about it! Ms. Nelson is such an uptight teacher, and that test is going to be SO unfair.",0,,,,,,,,,,
synthetic_safe,267,27b9cba71a7e4aabc929176f,synthetic_safe:safe_synth_29,synthetic_safe:safe_synth_29:User_A_Sim,3,"Yo, have you seen the syllabus for our next exam? That sh*t's gonna be a nightmare. [SEP] Oh man, tell me about it! Ms. Nelson is such an uptight teacher, and that test is going to be SO unfair.","I know, right? She always gives us those stupid practice problems that are impossible to solve without looking at the examples. Ugh!",0,,,,,,,,,,
synthetic_safe,268,be25c3a199d5adc7bd9d0fe2,synthetic_safe:safe_synth_29,synthetic_safe:safe_synth_29:User_B_Sim,4,"Oh man, tell me about it! Ms. Nelson is such an uptight teacher, and that test is going to be SO unfair. [SEP] I know, right? She always gives us those stupid practice problems that are impossible to solve without looking at the examples. Ugh!",And don't even get me started on the quizzes she's been giving us lately. Those things are like brain teasers or something.,0,,,,,,,,,,
synthetic_safe,269,bff89ed1ebe72057217a93bd,synthetic_safe:safe_synth_29,synthetic_safe:safe_synth_29:User_A_Sim,5,"I know, right? She always gives us those stupid practice problems that are impossible to solve without looking at the examples. Ugh! [SEP] And don't even get me started on the quizzes she's been giving us lately. Those things are like brain teasers or something.","I'm telling you, this exam is going to be a total disaster. There's no way we can prepare for it in time with all of her curveballs.",0,,,,,,,,,,
synthetic_safe,270,075e29bd1a84f20e1279f1b1,synthetic_safe:safe_synth_29,synthetic_safe:safe_synth_29:User_B_Sim,6,"And don't even get me started on the quizzes she's been giving us lately. Those things are like brain teasers or something. [SEP] I'm telling you, this exam is going to be a total disaster. There's no way we can prepare for it in time with all of her curveballs.","Yeah, and even if we did somehow manage to study enough, there's no guarantee we'd do well on the actual test! It's just not fair.",0,,,,,,,,,,
synthetic_safe,271,b031683bc6bb36cfe1e541b5,synthetic_safe:safe_synth_29,synthetic_safe:safe_synth_29:User_A_Sim,7,"I'm telling you, this exam is going to be a total disaster. There's no way we can prepare for it in time with all of her curveballs. [SEP] Yeah, and even if we did somehow manage to study enough, there's no guarantee we'd do well on the actual test! It's just not fair.","I'm seriously considering asking our teacher for extra time or something. But that would be such a lame move, bruh.",0,,,,,,,,,,
synthetic_safe,272,d0b9b8b8c90bac20c8413265,synthetic_safe:safe_synth_29,synthetic_safe:safe_synth_29:User_B_Sim,8,"Yeah, and even if we did somehow manage to study enough, there's no guarantee we'd do well on the actual test! It's just not fair. [SEP] I'm seriously considering asking our teacher for extra time or something. But that would be such a lame move, bruh.","Honestly, I don't blame you. We're in this together, and we deserve better than some impossible exam from a teacher who clearly doesn't care about us learning the material.",0,,,,,,,,,,
synthetic_safe,273,21bf5a28ee94f5a5a7158730,synthetic_safe:safe_synth_29,synthetic_safe:safe_synth_29:User_A_Sim,9,"I'm seriously considering asking our teacher for extra time or something. But that would be such a lame move, bruh. [SEP] Honestly, I don't blame you. We're in this together, and we deserve better than some impossible exam from a teacher who clearly doesn't care about us learning the material.","You're right, [User B]. Let's just do our best and hope for the best? Maybe we can study together and help each other out?",0,,,,,,,,,,
synthetic_safe,274,1ddee68e896ed9d46bcbcc17,synthetic_safe:safe_synth_29,synthetic_safe:safe_synth_29:User_B_Sim,10,"Honestly, I don't blame you. We're in this together, and we deserve better than some impossible exam from a teacher who clearly doesn't care about us learning the material. [SEP] You're right, [User B]. Let's just do our best and hope for the best? Maybe we can study together and help each other out?","Sounds like a plan! We'll smash this test, one problem at a time. No worries, we got this, ngl!",0,,,,,,,,,,
synthetic_safe,0,b289b10cbf14d83d15ec731a,synthetic_safe:safe_synth_3,synthetic_safe:safe_synth_3:User_A_Sim,1,,"Hey girl, did you hear about the new Roblox update?",0,,,,,,,,,,
synthetic_safe,1,b1d93820db4dfb16c990d4e4,synthetic_safe:safe_synth_3,synthetic_safe:safe_synth_3:User_B_Sim,2,"Hey girl, did you hear about the new Roblox update?","Yeah, I was playing yesterday and noticed they added some cool stuff! 😎",0,,,,,,,,,,
synthetic_safe,2,3a7d615a9cf1bd283e6c7104,synthetic_safe:safe_synth_3,synthetic_safe:safe_synth_3:User_A_Sim,3,"Hey girl, did you hear about the new Roblox update? [SEP] Yeah, I was playing yesterday and noticed they added some cool stuff! 😎",Right? I saw on Reddit that they put in a new pet system. Bet you'll get something cute!,0,,,,,,,,,,
synthetic_safe,3,adc6cf29f4f8ee10f37b1fc1,synthetic_safe:safe_synth_3,synthetic_safe:safe_synth_3:User_B_Sim,4,"Yeah, I was playing yesterday and noticed they added some cool stuff! 😎 [SEP] Right? I saw on Reddit that they put in a new pet system. Bet you'll get something cute!","OMG, yes! I want an adorable sloth. 🐑 How do we trade our old pets for the new ones?",0,,,,,,,,,,
synthetic_safe,4,6369fd2e8579e421222c05a0,synthetic_safe:safe_synth_3,synthetic_safe:safe_synth_3:User_A_Sim,5,"Right? I saw on Reddit that they put in a new pet system. Bet you'll get something cute! [SEP] OMG, yes! I want an adorable sloth. 🐑 How do we trade our old pets for the new ones?","Well, I read somewhere that if you have a rare pet, you might be able to swap it for a newer one. But don't count on trading your favorite cat or bunny for a sloth. 😔",0,,,,,,,,,,
synthetic_safe,5,e4aa34c8bb31416367a94110,synthetic_safe:safe_synth_3,synthetic_safe:safe_synth_3:User_B_Sim,6,"OMG, yes! I want an adorable sloth. 🐑 How do we trade our old pets for the new ones? [SEP] Well, I read somewhere that if you have a rare pet, you might be able to swap it for a newer one. But don't count on trading your favorite cat or bunny for a sloth. 😔","Aww, okay. But hey, check this out! I just got the new 'Super Speed' item from the game shop. It's lit! 🚀",0,,,,,,,,,,
synthetic_safe,6,d8f0d4c0727609fcf732917b,synthetic_safe:safe_synth_3,synthetic_safe:safe_synth_3:User_A_Sim,7,"Well, I read somewhere that if you have a rare pet, you might be able to swap it for a newer one. But don't count on trading your favorite cat or bunny for a sloth. 😔 [SEP] Aww, okay. But hey, check this out! I just got the new 'Super Speed' item from the game shop. It's lit! 🚀","Wow, that's awesome! We should race in our next game, but don't let your new toy get a head start on me. 😜",0,,,,,,,,,,
synthetic_safe,7,01112b9ccd36cc1ba68509c9,synthetic_safe:safe_synth_3,synthetic_safe:safe_synth_3:User_B_Sim,8,"Aww, okay. But hey, check this out! I just got the new 'Super Speed' item from the game shop. It's lit! 🚀 [SEP] Wow, that's awesome! We should race in our next game, but don't let your new toy get a head start on me. 😜","Haha, no way! I bet you're super fast too. Let's go and see who gets the gold coin first! 🏎‍♦️",0,,,,,,,,,,
synthetic_safe,8,082ba4f53dc69dd65572f14c,synthetic_safe:safe_synth_3,synthetic_safe:safe_synth_3:User_A_Sim,9,"Wow, that's awesome! We should race in our next game, but don't let your new toy get a head start on me. 😜 [SEP] Haha, no way! I bet you're super fast too. Let's go and see who gets the gold coin first! 🏎‍♦️","On it! But be careful not to lag, or we'll lose our chance at victory. Keep your internet connection stable, please! 🔋",0,,,,,,,,,,
synthetic_safe,9,28f4686af84d552b654a868a,synthetic_safe:safe_synth_3,synthetic_safe:safe_synth_3:User_B_Sim,10,"Haha, no way! I bet you're super fast too. Let's go and see who gets the gold coin first! 🏎‍♦️ [SEP] On it! But be careful not to lag, or we'll lose our chance at victory. Keep your internet connection stable, please! 🔋",Gotcha! I'm good on that. Let's rock this game and crush every challenge they throw at us! 💪,0,,,,,,,,,,
synthetic_safe,275,9c0471a6610bc00c8162e3ad,synthetic_safe:safe_synth_31,synthetic_safe:safe_synth_31:User_A_Sim,1,,"Yo, have you seen the syllabus for our next exam? It's going to be litrally impossible to ace this.",0,,,,,,,,,,
synthetic_safe,276,76e788f07362faf543297ac9,synthetic_safe:safe_synth_31,synthetic_safe:safe_synth_31:User_B_Sim,2,"Yo, have you seen the syllabus for our next exam? It's going to be litrally impossible to ace this.","Oh man, tell me about it. Our teacher is stricter than a military drill sergeant. She'll probably give us a pop quiz just to make things worse.",0,,,,,,,,,,
synthetic_safe,277,3650fedf7c8bc83f89c86780,synthetic_safe:safe_synth_31,synthetic_safe:safe_synth_31:User_A_Sim,3,"Yo, have you seen the syllabus for our next exam? It's going to be litrally impossible to ace this. [SEP] Oh man, tell me about it. Our teacher is stricter than a military drill sergeant. She'll probably give us a pop quiz just to make things worse.","Ngl, I'm so stressed rn. I don't think I could handle another surprise quiz from her.",0,,,,,,,,,,
synthetic_safe,278,7c1bd0dff6f7dffc947489f5,synthetic_safe:safe_synth_31,synthetic_safe:safe_synth_31:User_B_Sim,4,"Oh man, tell me about it. Our teacher is stricter than a military drill sergeant. She'll probably give us a pop quiz just to make things worse. [SEP] Ngl, I'm so stressed rn. I don't think I could handle another surprise quiz from her.","Same bruh. But hey, let's try to study together and maybe we can help each other out?",0,,,,,,,,,,
synthetic_safe,279,efc614c9a90d32c3c3c2d24f,synthetic_safe:safe_synth_31,synthetic_safe:safe_synth_31:User_A_Sim,5,"Ngl, I'm so stressed rn. I don't think I could handle another surprise quiz from her. [SEP] Same bruh. But hey, let's try to study together and maybe we can help each other out?","That sounds like a solid plan. We can exchange notes and study tips. Let's meet up tonight after dinner, sound good?",0,,,,,,,,,,
synthetic_safe,280,e0fa02982e6c9d00bb85b051,synthetic_safe:safe_synth_31,synthetic_safe:safe_synth_31:User_B_Sim,6,"Same bruh. But hey, let's try to study together and maybe we can help each other out? [SEP] That sounds like a solid plan. We can exchange notes and study tips. Let's meet up tonight after dinner, sound good?",Yeah for sure! I'll text you some study resources I found online too. Let's do this!,0,,,,,,,,,,
synthetic_safe,281,25804da7218364105b6de7c5,synthetic_safe:safe_synth_31,synthetic_safe:safe_synth_31:User_A_Sim,7,"That sounds like a solid plan. We can exchange notes and study tips. Let's meet up tonight after dinner, sound good? [SEP] Yeah for sure! I'll text you some study resources I found online too. Let's do this!","Awesome, let's get in the zone and nail this exam, no matter how hard it is!",0,,,,,,,,,,
synthetic_safe,282,ee6000152c06c7fdfc8c2344,synthetic_safe:safe_synth_31,synthetic_safe:safe_synth_31:User_B_Sim,8,"Yeah for sure! I'll text you some study resources I found online too. Let's do this! [SEP] Awesome, let's get in the zone and nail this exam, no matter how hard it is!","Right on, we got this! We're gonna ace this test, no doubt about it.",0,,,,,,,,,,
synthetic_safe,283,3818bb97e139c305aa83b74b,synthetic_safe:safe_synth_31,synthetic_safe:safe_synth_31:User_A_Sim,9,"Awesome, let's get in the zone and nail this exam, no matter how hard it is! [SEP] Right on, we got this! We're gonna ace this test, no doubt about it.",Good vibes only from now on. Let's kill this studying and show our teacher what we're made of.,0,,,,,,,,,,
synthetic_safe,284,9315a11a34c2f4142e02feb9,synthetic_safe:safe_synth_31,synthetic_safe:safe_synth_31:User_B_Sim,10,"Right on, we got this! We're gonna ace this test, no doubt about it. [SEP] Good vibes only from now on. Let's kill this studying and show our teacher what we're made of.",I'm hyped to crush the exam with you by our side. Let's rock this thing!,0,,,,,,,,,,
synthetic_safe,285,bfa1a60afec822b160a73f52,synthetic_safe:safe_synth_32,synthetic_safe:safe_synth_32:User_A_Sim,1,,"Yo dude, I'm so stressed rn about this bio test comin' up.",0,,,,,,,,,,
synthetic_safe,286,a8d96cc10d58e277ec59d62b,synthetic_safe:safe_synth_32,synthetic_safe:safe_synth_32:User_B_Sim,2,"Yo dude, I'm so stressed rn about this bio test comin' up.","Same, bro. Ms. T's like a drill sergeant in class and she doesn't take any slackin'.",0,,,,,,,,,,
synthetic_safe,287,f0e5cfa70e75528612338a31,synthetic_safe:safe_synth_32,synthetic_safe:safe_synth_32:User_A_Sim,3,"Yo dude, I'm so stressed rn about this bio test comin' up. [SEP] Same, bro. Ms. T's like a drill sergeant in class and she doesn't take any slackin'.",Tell me abt it! I swear that lady has more energy than a marathon runner.,0,,,,,,,,,,
synthetic_safe,288,c19c8ca89f0ca3c55a854ba6,synthetic_safe:safe_synth_32,synthetic_safe:safe_synth_32:User_B_Sim,4,"Same, bro. Ms. T's like a drill sergeant in class and she doesn't take any slackin'. [SEP] Tell me abt it! I swear that lady has more energy than a marathon runner.","Yeah, and her tests are like death marches! I'm tryna study every second 'til the exam, but it feels hopeless.",0,,,,,,,,,,
synthetic_safe,289,f253ed2058222b970786023b,synthetic_safe:safe_synth_32,synthetic_safe:safe_synth_32:User_A_Sim,5,"Tell me abt it! I swear that lady has more energy than a marathon runner. [SEP] Yeah, and her tests are like death marches! I'm tryna study every second 'til the exam, but it feels hopeless.","That sounds rough. I tried to study with my cousin last night but she fell asleep on me, ngl.",0,,,,,,,,,,
synthetic_safe,290,e6a32f92707d65cdd178bdb9,synthetic_safe:safe_synth_32,synthetic_safe:safe_synth_32:User_B_Sim,6,"Yeah, and her tests are like death marches! I'm tryna study every second 'til the exam, but it feels hopeless. [SEP] That sounds rough. I tried to study with my cousin last night but she fell asleep on me, ngl.","Ha! At least you got some rest in there somewhere. But hey, maybe we should hit the library together or something?",0,,,,,,,,,,
synthetic_safe,291,fffdda69f7ac97270a70dd17,synthetic_safe:safe_synth_32,synthetic_safe:safe_synth_32:User_A_Sim,7,"That sounds rough. I tried to study with my cousin last night but she fell asleep on me, ngl. [SEP] Ha! At least you got some rest in there somewhere. But hey, maybe we should hit the library together or something?","Yeah, that's a good idea. Maybe we could split up topics and help each other out instead of fighting over who gets to use the restroom first, bruh.",0,,,,,,,,,,
synthetic_safe,292,6c4027bcd96c4fe1a557d984,synthetic_safe:safe_synth_32,synthetic_safe:safe_synth_32:User_B_Sim,8,"Ha! At least you got some rest in there somewhere. But hey, maybe we should hit the library together or something? [SEP] Yeah, that's a good idea. Maybe we could split up topics and help each other out instead of fighting over who gets to use the restroom first, bruh.",True dat! We'll have to power through this though. Can't afford to slack off now!,0,,,,,,,,,,
synthetic_safe,293,307c0eb08b77793c3e6a7f58,synthetic_safe:safe_synth_32,synthetic_safe:safe_synth_32:User_A_Sim,9,"Yeah, that's a good idea. Maybe we could split up topics and help each other out instead of fighting over who gets to use the restroom first, bruh. [SEP] True dat! We'll have to power through this though. Can't afford to slack off now!",Word. Let's keep pushing ourselves to stay on top of things. I feel way better knowing we're in it together.,0,,,,,,,,,,
synthetic_safe,294,f39f5ea6bfde2bb6602ca939,synthetic_safe:safe_synth_32,synthetic_safe:safe_synth_32:User_B_Sim,10,True dat! We'll have to power through this though. Can't afford to slack off now! [SEP] Word. Let's keep pushing ourselves to stay on top of things. I feel way better knowing we're in it together.,"Agreed. So let's hit the books and ace that test, ayo?",0,,,,,,,,,,
synthetic_safe,295,18d8479fb3574612e182b93b,synthetic_safe:safe_synth_32,synthetic_safe:safe_synth_32:User_A_Sim,11,"Word. Let's keep pushing ourselves to stay on top of things. I feel way better knowing we're in it together. [SEP] Agreed. So let's hit the books and ace that test, ayo?",Let's do this!,0,,,,,,,,,,
synthetic_safe,296,f38b1e72a30895050f33fb9a,synthetic_safe:safe_synth_33,synthetic_safe:safe_synth_33:User_A_Sim,1,,"Yo, have you seen the size of the stack of papers we're getting slammed with for this exam? It's like a mountain of angelfood cake - totally unavoidable!",0,,,,,,,,,,
synthetic_safe,297,b1e15b2250d356b400acd444,synthetic_safe:safe_synth_33,synthetic_safe:safe_synth_33:User_B_Sim,2,"Yo, have you seen the size of the stack of papers we're getting slammed with for this exam? It's like a mountain of angelfood cake - totally unavoidable!","I know, right? And then we gotta sit there and take it all in while that teacher stares us down like she knows our every secret. Honestly, it feels more like an interrogation than a test.",0,,,,,,,,,,
synthetic_safe,298,1971349d225936057d3d6e0b,synthetic_safe:safe_synth_33,synthetic_safe:safe_synth_33:User_A_Sim,3,"Yo, have you seen the size of the stack of papers we're getting slammed with for this exam? It's like a mountain of angelfood cake - totally unavoidable! [SEP] I know, right? And then we gotta sit there and take it all in while that teacher stares us down like she knows our every secret. Honestly, it feels more like an interrogation than a test.","Ngl, the only reason I'm not losing my mind is because I've got my squad by my side to keep me grounded. But seriously, we're gonna need all the help we can get if we're going up against that firepower.",0,,,,,,,,,,
synthetic_safe,299,51390a5e39c3cfb3d1b474e1,synthetic_safe:safe_synth_33,synthetic_safe:safe_synth_33:User_B_Sim,4,"I know, right? And then we gotta sit there and take it all in while that teacher stares us down like she knows our every secret. Honestly, it feels more like an interrogation than a test. [SEP] Ngl, the only reason I'm not losing my mind is because I've got my squad by my side to keep me grounded. But seriously, we're gonna need all the help we can get if we're going up against that firepower.","Same, dude! My study group is actually helping me stay on track, but every time I try to go over the material, it's like I'm getting kicked in the brain by a soccer ball. It's brutal!",0,,,,,,,,,,
synthetic_safe,300,9da7fc07277a029307316dce,synthetic_safe:safe_synth_33,synthetic_safe:safe_synth_33:User_A_Sim,5,"Ngl, the only reason I'm not losing my mind is because I've got my squad by my side to keep me grounded. But seriously, we're gonna need all the help we can get if we're going up against that firepower. [SEP] Same, dude! My study group is actually helping me stay on track, but every time I try to go over the material, it's like I'm getting kicked in the brain by a soccer ball. It's brutal!","That's exactly how I feel! And don't even get me started on those practice quizzes she gives us - they're like emotional whiplash! One minute you think you've got it all figured out, and the next you're floundering in confusion town.",0,,,,,,,,,,
synthetic_safe,301,b755c03952f3f17697324949,synthetic_safe:safe_synth_33,synthetic_safe:safe_synth_33:User_B_Sim,6,"Same, dude! My study group is actually helping me stay on track, but every time I try to go over the material, it's like I'm getting kicked in the brain by a soccer ball. It's brutal! [SEP] That's exactly how I feel! And don't even get me started on those practice quizzes she gives us - they're like emotional whiplash! One minute you think you've got it all figured out, and the next you're floundering in confusion town.","Ugh, I know what you mean. But hey, at least we're in this together, right? We can weather any storm as long as we stick to our plan and support each other through the rough patches.",0,,,,,,,,,,
synthetic_safe,302,fedbd5c2c0a8f89f31af26db,synthetic_safe:safe_synth_33,synthetic_safe:safe_synth_33:User_A_Sim,7,"That's exactly how I feel! And don't even get me started on those practice quizzes she gives us - they're like emotional whiplash! One minute you think you've got it all figured out, and the next you're floundering in confusion town. [SEP] Ugh, I know what you mean. But hey, at least we're in this together, right? We can weather any storm as long as we stick to our plan and support each other through the rough patches.","For sure! We've got this, fam. Let's just buckle down, get our heads on straight, and ace that test - no matter how much we might not want to!",0,,,,,,,,,,
synthetic_safe,303,f10f3f5d7c3faf7a39792025,synthetic_safe:safe_synth_33,synthetic_safe:safe_synth_33:User_B_Sim,8,"Ugh, I know what you mean. But hey, at least we're in this together, right? We can weather any storm as long as we stick to our plan and support each other through the rough patches. [SEP] For sure! We've got this, fam. Let's just buckle down, get our heads on straight, and ace that test - no matter how much we might not want to!",You better believe it! Let's do this thing!,0,,,,,,,,,,
synthetic_safe,304,6345563161c36006df679b00,synthetic_safe:safe_synth_34,synthetic_safe:safe_synth_34:User_A_Sim,1,,"Yo, have you seen the syllabus for English next week? I'm telling ya, it's wack.",0,,,,,,,,,,
synthetic_safe,305,b62c6f75fbd733fd227aad65,synthetic_safe:safe_synth_34,synthetic_safe:safe_synth_34:User_B_Sim,2,"Yo, have you seen the syllabus for English next week? I'm telling ya, it's wack.","Oh man, I saw it earlier today. We're getting hit with that one essay question we've never even touched in class. Total curveball, bruh.",0,,,,,,,,,,
synthetic_safe,306,d34f39d86efbeceb16936e85,synthetic_safe:safe_synth_34,synthetic_safe:safe_synth_34:User_A_Sim,3,"Yo, have you seen the syllabus for English next week? I'm telling ya, it's wack. [SEP] Oh man, I saw it earlier today. We're getting hit with that one essay question we've never even touched in class. Total curveball, bruh.","Yeah, and what's up with Mrs. Thompson always giving us the hardest quizzes? It's like she knows our weak spots and exploitin' them every time, ngl.",0,,,,,,,,,,
synthetic_safe,307,93566c60680475f60a7274a2,synthetic_safe:safe_synth_34,synthetic_safe:safe_synth_34:User_B_Sim,4,"Oh man, I saw it earlier today. We're getting hit with that one essay question we've never even touched in class. Total curveball, bruh. [SEP] Yeah, and what's up with Mrs. Thompson always giving us the hardest quizzes? It's like she knows our weak spots and exploitin' them every time, ngl.","I feel ya, bro. I swear she must have superhuman intuition or something. But hey, at least we got each other's backs, right?",0,,,,,,,,,,
synthetic_safe,308,35e45540026a029dbdcf0b8c,synthetic_safe:safe_synth_34,synthetic_safe:safe_synth_34:User_A_Sim,5,"Yeah, and what's up with Mrs. Thompson always giving us the hardest quizzes? It's like she knows our weak spots and exploitin' them every time, ngl. [SEP] I feel ya, bro. I swear she must have superhuman intuition or something. But hey, at least we got each other's backs, right?","For sure! We'll ace this thing together. Just gotta buckle down and study hard, am I right?",0,,,,,,,,,,
synthetic_safe,309,10609fc6334dd891550887d2,synthetic_safe:safe_synth_34,synthetic_safe:safe_synth_34:User_B_Sim,6,"I feel ya, bro. I swear she must have superhuman intuition or something. But hey, at least we got each other's backs, right? [SEP] For sure! We'll ace this thing together. Just gotta buckle down and study hard, am I right?",You betcha! Let's hit the books and knock this outta the park. No sweat!,0,,,,,,,,,,
synthetic_safe,310,c6a106b61c429e26d2a7c387,synthetic_safe:safe_synth_34,synthetic_safe:safe_synth_34:User_A_Sim,7,"For sure! We'll ace this thing together. Just gotta buckle down and study hard, am I right? [SEP] You betcha! Let's hit the books and knock this outta the park. No sweat!","Alright, let's get to grindin'!",0,,,,,,,,,,
synthetic_safe,311,6adb5fb9dede3d3979ec4e0c,synthetic_safe:safe_synth_34,synthetic_safe:safe_synth_34:User_B_Sim,8,"You betcha! Let's hit the books and knock this outta the park. No sweat! [SEP] Alright, let's get to grindin'!","Yeah, we got this in the bag. Let's do our thing, bro!",0,,,,,,,,,,
synthetic_safe,312,1e9f4bbf416fe0b8a3296eac,synthetic_safe:safe_synth_35,synthetic_safe:safe_synth_35:User_A_Sim,1,,"Yo, have you heard about the math exam we're getting slammed with next week?",0,,,,,,,,,,
synthetic_safe,313,b10baaae875ce96b48541a9d,synthetic_safe:safe_synth_35,synthetic_safe:safe_synth_35:User_B_Sim,2,"Yo, have you heard about the math exam we're getting slammed with next week?","Dude, I'm tellin' ya, it's gonna be a total buzzkill. Ms. Jenkins is always such a stickler about everything.",0,,,,,,,,,,
synthetic_safe,314,b96dc77aeaaa2ff5bb872885,synthetic_safe:safe_synth_35,synthetic_safe:safe_synth_35:User_A_Sim,3,"Yo, have you heard about the math exam we're getting slammed with next week? [SEP] Dude, I'm tellin' ya, it's gonna be a total buzzkill. Ms. Jenkins is always such a stickler about everything.","Right? Like, even if we know the answer, she'll still mark us down for breathing or somethin'.",0,,,,,,,,,,
synthetic_safe,315,34798eec4f090f85d557a645,synthetic_safe:safe_synth_35,synthetic_safe:safe_synth_35:User_B_Sim,4,"Dude, I'm tellin' ya, it's gonna be a total buzzkill. Ms. Jenkins is always such a stickler about everything. [SEP] Right? Like, even if we know the answer, she'll still mark us down for breathing or somethin'.","That's what gets me - she's all, ""Pay attention in class or you won't do well."" Then we get an exam like this and I'm just like... wtf?",0,,,,,,,,,,
synthetic_safe,316,b563788f6e25f5bd5ab74c6f,synthetic_safe:safe_synth_35,synthetic_safe:safe_synth_35:User_A_Sim,5,"Right? Like, even if we know the answer, she'll still mark us down for breathing or somethin'. [SEP] That's what gets me - she's all, ""Pay attention in class or you won't do well."" Then we get an exam like this and I'm just like... wtf?","I feel ya. I mean, I've been tryna study for this thing but it's like trying to learn Chinese or somethin' - it's impossible.",0,,,,,,,,,,
synthetic_safe,317,e4ebea1ebe7d4de2378e6f61,synthetic_safe:safe_synth_35,synthetic_safe:safe_synth_35:User_B_Sim,6,"That's what gets me - she's all, ""Pay attention in class or you won't do well."" Then we get an exam like this and I'm just like... wtf? [SEP] I feel ya. I mean, I've been tryna study for this thing but it's like trying to learn Chinese or somethin' - it's impossible.","Yeah, and even when you think you know what's up, she throws in some curveball that'll have you scratching your head.",0,,,,,,,,,,
synthetic_safe,318,3e301878fe35f995b503a7c4,synthetic_safe:safe_synth_35,synthetic_safe:safe_synth_35:User_A_Sim,7,"I feel ya. I mean, I've been tryna study for this thing but it's like trying to learn Chinese or somethin' - it's impossible. [SEP] Yeah, and even when you think you know what's up, she throws in some curveball that'll have you scratching your head.","Ugh, don't get me started. I'm seriously considering just skipping the exam and taking a zero.",0,,,,,,,,,,
synthetic_safe,319,3523d266a6c102382d89700d,synthetic_safe:safe_synth_35,synthetic_safe:safe_synth_35:User_B_Sim,8,"Yeah, and even when you think you know what's up, she throws in some curveball that'll have you scratching your head. [SEP] Ugh, don't get me started. I'm seriously considering just skipping the exam and taking a zero.","Hey now, no need to be all dramatic. We gotta ace this thing or we're toast in her class.",0,,,,,,,,,,
synthetic_safe,320,8b6469c789f92820521c2b28,synthetic_safe:safe_synth_35,synthetic_safe:safe_synth_35:User_A_Sim,9,"Ugh, don't get me started. I'm seriously considering just skipping the exam and taking a zero. [SEP] Hey now, no need to be all dramatic. We gotta ace this thing or we're toast in her class.","Fine, fine. But can you believe we've got another test like this one week later? It's like she's tryna make up for lost time or somethin'.",0,,,,,,,,,,
synthetic_safe,321,c885994ec6347ebec05eab97,synthetic_safe:safe_synth_35,synthetic_safe:safe_synth_35:User_B_Sim,10,"Hey now, no need to be all dramatic. We gotta ace this thing or we're toast in her class. [SEP] Fine, fine. But can you believe we've got another test like this one week later? It's like she's tryna make up for lost time or somethin'.",You're tellin' me the truth! That's so unfair... I just don't understand why she has to be so brutal about it all the time.,0,,,,,,,,,,
synthetic_safe,322,194574c7f58f9e662909338e,synthetic_safe:safe_synth_35,synthetic_safe:safe_synth_35:User_A_Sim,11,"Fine, fine. But can you believe we've got another test like this one week later? It's like she's tryna make up for lost time or somethin'. [SEP] You're tellin' me the truth! That's so unfair... I just don't understand why she has to be so brutal about it all the time.","Yeah, I'm with ya. But hey, at least we've got each other's backs, right? We'll help each other out if we're both stuck in the same boat.",0,,,,,,,,,,
synthetic_safe,323,49bef027c4235d098d71f5ed,synthetic_safe:safe_synth_35,synthetic_safe:safe_synth_35:User_B_Sim,12,"You're tellin' me the truth! That's so unfair... I just don't understand why she has to be so brutal about it all the time. [SEP] Yeah, I'm with ya. But hey, at least we've got each other's backs, right? We'll help each other out if we're both stuck in the same boat.",For real! That's what friends are for. Let's just hope this exam doesn't end up being the death of us...,0,,,,,,,,,,
synthetic_safe,324,d605b12071167b7a27c1cdf8,synthetic_safe:safe_synth_36,synthetic_safe:safe_synth_36:User_A_Sim,1,,"Yo, have you seen the syllabus for our next exam? I mean, it's got more questions than a toilet paper roll's got squares!",0,,,,,,,,,,
synthetic_safe,325,3dbe4c838651830b997dbe92,synthetic_safe:safe_synth_36,synthetic_safe:safe_synth_36:User_B_Sim,2,"Yo, have you seen the syllabus for our next exam? I mean, it's got more questions than a toilet paper roll's got squares!","Oh man, tell me about it. And don't even get me started on our history teacher. She's stricter than a nun on a mission. If we so much as breathe during her lectures, she'll come after us with the ruler.",0,,,,,,,,,,
synthetic_safe,326,bba12b695125cd280651bd1e,synthetic_safe:safe_synth_36,synthetic_safe:safe_synth_36:User_A_Sim,3,"Yo, have you seen the syllabus for our next exam? I mean, it's got more questions than a toilet paper roll's got squares! [SEP] Oh man, tell me about it. And don't even get me started on our history teacher. She's stricter than a nun on a mission. If we so much as breathe during her lectures, she'll come after us with the ruler.","Right? I mean, who can even keep up with all those dates and names? It's like trying to remember everyone in Westeros without any hints!",0,,,,,,,,,,
synthetic_safe,327,1a3925a8089f554bdf073320,synthetic_safe:safe_synth_36,synthetic_safe:safe_synth_36:User_B_Sim,4,"Oh man, tell me about it. And don't even get me started on our history teacher. She's stricter than a nun on a mission. If we so much as breathe during her lectures, she'll come after us with the ruler. [SEP] Right? I mean, who can even keep up with all those dates and names? It's like trying to remember everyone in Westeros without any hints!",Exactly! And don't forget about the time she made us write a 10-page paper on the impact of the Industrial Revolution...without giving us any breaks. That was pure torture.,0,,,,,,,,,,
synthetic_safe,328,b66ce53f9a5c5d8dd7687c03,synthetic_safe:safe_synth_36,synthetic_safe:safe_synth_36:User_A_Sim,5,"Right? I mean, who can even keep up with all those dates and names? It's like trying to remember everyone in Westeros without any hints! [SEP] Exactly! And don't forget about the time she made us write a 10-page paper on the impact of the Industrial Revolution...without giving us any breaks. That was pure torture.","Oh, that's nothing compared to when we had to memorize every single one of Shakespeare's soliloquies, including the ones from the lesser-known plays. I swear, my brain was like a sponge trying to soak up all those words!",0,,,,,,,,,,
synthetic_safe,329,bddd41e4f8db83aa12238e45,synthetic_safe:safe_synth_36,synthetic_safe:safe_synth_36:User_B_Sim,6,"Exactly! And don't forget about the time she made us write a 10-page paper on the impact of the Industrial Revolution...without giving us any breaks. That was pure torture. [SEP] Oh, that's nothing compared to when we had to memorize every single one of Shakespeare's soliloquies, including the ones from the lesser-known plays. I swear, my brain was like a sponge trying to soak up all those words!","Yeah, and let's not forget about our math teacher. She's madder than a hopped-up kangaroo on a trampoline! One time she made us solve 50 equations in one hour, no calculators allowed.",0,,,,,,,,,,
synthetic_safe,330,cc67e7b2f9d215fbe79d084b,synthetic_safe:safe_synth_36,synthetic_safe:safe_synth_36:User_A_Sim,7,"Oh, that's nothing compared to when we had to memorize every single one of Shakespeare's soliloquies, including the ones from the lesser-known plays. I swear, my brain was like a sponge trying to soak up all those words! [SEP] Yeah, and let's not forget about our math teacher. She's madder than a hopped-up kangaroo on a trampoline! One time she made us solve 50 equations in one hour, no calculators allowed.","I know, right? It feels like we're stuck in some kind of weird alternate universe where exams are as common as raindrops and teachers are more strict than a drill sergeant!",0,,,,,,,,,,
synthetic_safe,331,6f6de2492ee5928cd4067445,synthetic_safe:safe_synth_36,synthetic_safe:safe_synth_36:User_B_Sim,8,"Yeah, and let's not forget about our math teacher. She's madder than a hopped-up kangaroo on a trampoline! One time she made us solve 50 equations in one hour, no calculators allowed. [SEP] I know, right? It feels like we're stuck in some kind of weird alternate universe where exams are as common as raindrops and teachers are more strict than a drill sergeant!","So true. But hey, at least we've got each other to vent to, am I right?",0,,,,,,,,,,
synthetic_safe,332,2912cb1e254eb056b8b27ef7,synthetic_safe:safe_synth_36,synthetic_safe:safe_synth_36:User_A_Sim,9,"I know, right? It feels like we're stuck in some kind of weird alternate universe where exams are as common as raindrops and teachers are more strict than a drill sergeant! [SEP] So true. But hey, at least we've got each other to vent to, am I right?",You betcha! We'll just have to keep each other's spirits up with some good old-fashioned complaining and a few laughs. We got this!,0,,,,,,,,,,
synthetic_safe,333,f916b6b3712532a8355f2909,synthetic_safe:safe_synth_37,synthetic_safe:safe_synth_37:User_A_Sim,1,,"Yo, have you heard about the bio test we've got comin' up?",0,,,,,,,,,,
synthetic_safe,334,652a5a1c7dda8923a25fc2df,synthetic_safe:safe_synth_37,synthetic_safe:safe_synth_37:User_B_Sim,2,"Yo, have you heard about the bio test we've got comin' up?","Uh, yeah. Ms. Plow can really be a buzzkill sometimes.",0,,,,,,,,,,
synthetic_safe,335,060ec25db74aad8ec0e4cd27,synthetic_safe:safe_synth_37,synthetic_safe:safe_synth_37:User_A_Sim,3,"Yo, have you heard about the bio test we've got comin' up? [SEP] Uh, yeah. Ms. Plow can really be a buzzkill sometimes.","Right? I mean, her quizzes are already hard enough, but this test is gonna be all about memorization. It's like, whatevs!",0,,,,,,,,,,
synthetic_safe,336,f825603c90639adebca6903f,synthetic_safe:safe_synth_37,synthetic_safe:safe_synth_37:User_B_Sim,4,"Uh, yeah. Ms. Plow can really be a buzzkill sometimes. [SEP] Right? I mean, her quizzes are already hard enough, but this test is gonna be all about memorization. It's like, whatevs!",I seriously don't get why she does that. It's not like we're all just geniuses or something.,0,,,,,,,,,,
synthetic_safe,337,906ab3faab3bf5b600065a24,synthetic_safe:safe_synth_37,synthetic_safe:safe_synth_37:User_A_Sim,5,"Right? I mean, her quizzes are already hard enough, but this test is gonna be all about memorization. It's like, whatevs! [SEP] I seriously don't get why she does that. It's not like we're all just geniuses or something.","Same, bruh. But hey, at least we can wing it together, right? We'll be like a tag team of awesome!",0,,,,,,,,,,
synthetic_safe,338,dd816e3e8b70d6828e7624ae,synthetic_safe:safe_synth_37,synthetic_safe:safe_synth_37:User_B_Sim,6,"I seriously don't get why she does that. It's not like we're all just geniuses or something. [SEP] Same, bruh. But hey, at least we can wing it together, right? We'll be like a tag team of awesome!","Ha! Yeah, we got this rn. I'm pretty sure we've aced similar tests before. Plus, we always have that one guy in our class who somehow gets an A every time.",0,,,,,,,,,,
synthetic_safe,339,bb5750f3e21db0aa8a02d131,synthetic_safe:safe_synth_37,synthetic_safe:safe_synth_37:User_A_Sim,7,"Same, bruh. But hey, at least we can wing it together, right? We'll be like a tag team of awesome! [SEP] Ha! Yeah, we got this rn. I'm pretty sure we've aced similar tests before. Plus, we always have that one guy in our class who somehow gets an A every time.","For realz. I mean, how does he do it? It's like he's on a different level or something.",0,,,,,,,,,,
synthetic_safe,340,2b715b8a867c1e5a9fadd2cb,synthetic_safe:safe_synth_37,synthetic_safe:safe_synth_37:User_B_Sim,8,"Ha! Yeah, we got this rn. I'm pretty sure we've aced similar tests before. Plus, we always have that one guy in our class who somehow gets an A every time. [SEP] For realz. I mean, how does he do it? It's like he's on a different level or something.","Right?! But hey, if we study together and keep each other motivated, we'll be golden. Just don't let those stress levels get to you, okay?",0,,,,,,,,,,
synthetic_safe,341,eb4cd6481671a593f3d30a8c,synthetic_safe:safe_synth_37,synthetic_safe:safe_synth_37:User_A_Sim,9,"For realz. I mean, how does he do it? It's like he's on a different level or something. [SEP] Right?! But hey, if we study together and keep each other motivated, we'll be golden. Just don't let those stress levels get to you, okay?","No worries, ngl. I'm feeling pretty confident about this exam. We've got the bases covered!",0,,,,,,,,,,
synthetic_safe,342,68a62f0ae6da8addd09cf618,synthetic_safe:safe_synth_37,synthetic_safe:safe_synth_37:User_B_Sim,10,"Right?! But hey, if we study together and keep each other motivated, we'll be golden. Just don't let those stress levels get to you, okay? [SEP] No worries, ngl. I'm feeling pretty confident about this exam. We've got the bases covered!",Hell yeah! Let's knock that test out of the park and grab some pizza after. That'll help take our minds off things.,0,,,,,,,,,,
synthetic_safe,343,a207b9a53672ef61510683c5,synthetic_safe:safe_synth_37,synthetic_safe:safe_synth_37:User_A_Sim,11,"No worries, ngl. I'm feeling pretty confident about this exam. We've got the bases covered! [SEP] Hell yeah! Let's knock that test out of the park and grab some pizza after. That'll help take our minds off things.",Sounds like a plan! Let's ace that test and celebrate with some sweet treats!,0,,,,,,,,,,
synthetic_safe,344,6486d7ed8246cb53ea9ea126,synthetic_safe:safe_synth_38,synthetic_safe:safe_synth_38:User_A_Sim,1,,"Yo, have you seen the new math exam? That guy Mr. Smith is such a hard-ass rn.",0,,,,,,,,,,
synthetic_safe,345,57beb84b3798a349c78e167f,synthetic_safe:safe_synth_38,synthetic_safe:safe_synth_38:User_B_Sim,2,"Yo, have you seen the new math exam? That guy Mr. Smith is such a hard-ass rn.","Ugh, don't even get me started on him. I swear he's got more rules than a traffic light. Ngl, it's like trying to speak fluent Tetris with his classes.",0,,,,,,,,,,
synthetic_safe,346,4329f7c40742a7b040bf6684,synthetic_safe:safe_synth_38,synthetic_safe:safe_synth_38:User_A_Sim,3,"Yo, have you seen the new math exam? That guy Mr. Smith is such a hard-ass rn. [SEP] Ugh, don't even get me started on him. I swear he's got more rules than a traffic light. Ngl, it's like trying to speak fluent Tetris with his classes.","Right?! And this new one - I mean, seriously? We've got barely any time to learn all that stuff. It's like he wants us to sprout wings and fly there ourselves!",0,,,,,,,,,,
synthetic_safe,347,0a6236a06cf13e19e2c7a08a,synthetic_safe:safe_synth_38,synthetic_safe:safe_synth_38:User_B_Sim,4,"Ugh, don't even get me started on him. I swear he's got more rules than a traffic light. Ngl, it's like trying to speak fluent Tetris with his classes. [SEP] Right?! And this new one - I mean, seriously? We've got barely any time to learn all that stuff. It's like he wants us to sprout wings and fly there ourselves!","Yeah, good luck with that! I'm pretty sure most of us would crash before taking off. Ngl, it's impossible. But hey, at least we'll have some interesting stories to share later, right? Bruh, this is gonna be one wild ride.",0,,,,,,,,,,
synthetic_safe,348,ee1615900de202d4d4cbc1d2,synthetic_safe:safe_synth_38,synthetic_safe:safe_synth_38:User_A_Sim,5,"Right?! And this new one - I mean, seriously? We've got barely any time to learn all that stuff. It's like he wants us to sprout wings and fly there ourselves! [SEP] Yeah, good luck with that! I'm pretty sure most of us would crash before taking off. Ngl, it's impossible. But hey, at least we'll have some interesting stories to share later, right? Bruh, this is gonna be one wild ride.","True story, though. But seriously, I wish there was just a way to... I don't know, make the exam fair or something?",0,,,,,,,,,,
synthetic_safe,349,802bd35ecc4847f1e647e667,synthetic_safe:safe_synth_38,synthetic_safe:safe_synth_38:User_B_Sim,6,"Yeah, good luck with that! I'm pretty sure most of us would crash before taking off. Ngl, it's impossible. But hey, at least we'll have some interesting stories to share later, right? Bruh, this is gonna be one wild ride. [SEP] True story, though. But seriously, I wish there was just a way to... I don't know, make the exam fair or something?","You're saying that like it's some sort of fairy tale ending. But hey, if we pull together and share our notes (without getting caught), maybe we can at least help each other out? Ngl, we've got to stick together in this numbers game.",0,,,,,,,,,,
synthetic_safe,350,41928b8b9771c07a2590c120,synthetic_safe:safe_synth_38,synthetic_safe:safe_synth_38:User_A_Sim,7,"True story, though. But seriously, I wish there was just a way to... I don't know, make the exam fair or something? [SEP] You're saying that like it's some sort of fairy tale ending. But hey, if we pull together and share our notes (without getting caught), maybe we can at least help each other out? Ngl, we've got to stick together in this numbers game.","That's actually not a bad idea! We could meet up after school or something, share what we know and get some extra practice in. It's like being part of a secret study squad!",0,,,,,,,,,,
synthetic_safe,351,d3d6c0c09ce425a51b05a911,synthetic_safe:safe_synth_38,synthetic_safe:safe_synth_38:User_B_Sim,8,"You're saying that like it's some sort of fairy tale ending. But hey, if we pull together and share our notes (without getting caught), maybe we can at least help each other out? Ngl, we've got to stick together in this numbers game. [SEP] That's actually not a bad idea! We could meet up after school or something, share what we know and get some extra practice in. It's like being part of a secret study squad!","Oh yeah, count me in! I'm all about that action. And hey, maybe we'll even figure out how to beat this thing together? That'd be totally lit.",0,,,,,,,,,,
synthetic_safe,352,387d904a7f884224c4b57d82,synthetic_safe:safe_synth_38,synthetic_safe:safe_synth_38:User_A_Sim,9,"That's actually not a bad idea! We could meet up after school or something, share what we know and get some extra practice in. It's like being part of a secret study squad! [SEP] Oh yeah, count me in! I'm all about that action. And hey, maybe we'll even figure out how to beat this thing together? That'd be totally lit.","Absolutely! This might actually work. Thanks for the encouragement - I needed that. Bruh, let's do this!",0,,,,,,,,,,
synthetic_safe,353,1c918a3f43202e298246361f,synthetic_safe:safe_synth_38,synthetic_safe:safe_synth_38:User_B_Sim,10,"Oh yeah, count me in! I'm all about that action. And hey, maybe we'll even figure out how to beat this thing together? That'd be totally lit. [SEP] Absolutely! This might actually work. Thanks for the encouragement - I needed that. Bruh, let's do this!","For real, let's crush it and make Mr. Smith regret ever thinking he could break us. Ngl, we're gonna ace this thing together!",0,,,,,,,,,,
synthetic_safe,354,3b04e5be9f5148a1396a9f46,synthetic_safe:safe_synth_39,synthetic_safe:safe_synth_39:User_A_Sim,1,,"Yo, have you heard about the history exam we're getting slammed with next week? It's gonna be a straight F, bruh.",0,,,,,,,,,,
synthetic_safe,355,99991234ea8f38ee0688fa64,synthetic_safe:safe_synth_39,synthetic_safe:safe_synth_39:User_B_Sim,2,"Yo, have you heard about the history exam we're getting slammed with next week? It's gonna be a straight F, bruh.","Ngl, I totally forgot about that. The teacher is as strict as a metal rod and won't take it easy on us, huh?",0,,,,,,,,,,
synthetic_safe,356,fee61d08460032e40330bcf6,synthetic_safe:safe_synth_39,synthetic_safe:safe_synth_39:User_A_Sim,3,"Yo, have you heard about the history exam we're getting slammed with next week? It's gonna be a straight F, bruh. [SEP] Ngl, I totally forgot about that. The teacher is as strict as a metal rod and won't take it easy on us, huh?","Exactly! She's more rigid than a 2x4, and her questions are always trippy. I mean, who even understands her stuff?",0,,,,,,,,,,
synthetic_safe,357,48a57f99ec8e5f6ad8a75e78,synthetic_safe:safe_synth_39,synthetic_safe:safe_synth_39:User_B_Sim,4,"Ngl, I totally forgot about that. The teacher is as strict as a metal rod and won't take it easy on us, huh? [SEP] Exactly! She's more rigid than a 2x4, and her questions are always trippy. I mean, who even understands her stuff?",Same here. It's like trying to decipher Egyptian hieroglyphs or something. I'm already stressing out just thinking about the exam.,0,,,,,,,,,,
synthetic_safe,358,abe9566d8c8c482cece7e13e,synthetic_safe:safe_synth_39,synthetic_safe:safe_synth_39:User_A_Sim,5,"Exactly! She's more rigid than a 2x4, and her questions are always trippy. I mean, who even understands her stuff? [SEP] Same here. It's like trying to decipher Egyptian hieroglyphs or something. I'm already stressing out just thinking about the exam.","Me too, bruh. But hey, let's not freak out entirely. We've got a week, so we can ace it if we hit the books hard and stay focused.",0,,,,,,,,,,
synthetic_safe,359,b13e44fb7eb6cd2caa4ef8c1,synthetic_safe:safe_synth_39,synthetic_safe:safe_synth_39:User_B_Sim,6,"Same here. It's like trying to decipher Egyptian hieroglyphs or something. I'm already stressing out just thinking about the exam. [SEP] Me too, bruh. But hey, let's not freak out entirely. We've got a week, so we can ace it if we hit the books hard and stay focused.","That's true. Let's chillax now, study harder later, and hopefully nail this exam together. Fingers crossed!",0,,,,,,,,,,
synthetic_safe,10,6d3ae890546bb7e57c69ecbd,synthetic_safe:safe_synth_4,synthetic_safe:safe_synth_4:User_A_Sim,1,,"Hey, did you check out the new Roblox update?",0,,,,,,,,,,
synthetic_safe,11,107f1d08f7bf33e3c61048c0,synthetic_safe:safe_synth_4,synthetic_safe:safe_synth_4:User_B_Sim,2,"Hey, did you check out the new Roblox update?","Yeah, I saw they added some new skins and pets!",0,,,,,,,,,,
synthetic_safe,12,9c39a63e6796273ff8a46e1b,synthetic_safe:safe_synth_4,synthetic_safe:safe_synth_4:User_A_Sim,3,"Hey, did you check out the new Roblox update? [SEP] Yeah, I saw they added some new skins and pets!",Sweet! I was farming for wood last night and found a cool tree pet. Wanna trade?,0,,,,,,,,,,
synthetic_safe,13,a4db9d2af93a2587902c01ca,synthetic_safe:safe_synth_4,synthetic_safe:safe_synth_4:User_B_Sim,4,"Yeah, I saw they added some new skins and pets! [SEP] Sweet! I was farming for wood last night and found a cool tree pet. Wanna trade?","Bet, but let me see it first.",0,,,,,,,,,,
synthetic_safe,14,a2018eb0c9864aa80f7c0699,synthetic_safe:safe_synth_4,synthetic_safe:safe_synth_4:User_A_Sim,5,"Sweet! I was farming for wood last night and found a cool tree pet. Wanna trade? [SEP] Bet, but let me see it first.",Gotcha! It's got neon green leaves and acorns that fly in circles when you jump.,0,,,,,,,,,,
synthetic_safe,15,756b42a0a6775805e4687070,synthetic_safe:safe_synth_4,synthetic_safe:safe_synth_4:User_B_Sim,6,"Bet, but let me see it first. [SEP] Gotcha! It's got neon green leaves and acorns that fly in circles when you jump.","That sounds dope! Alright, here's my rare fruit bush for your tree pet.",0,,,,,,,,,,
synthetic_safe,16,1d133353f9f6bad4f28a6140,synthetic_safe:safe_synth_4,synthetic_safe:safe_synth_4:User_A_Sim,7,"Gotcha! It's got neon green leaves and acorns that fly in circles when you jump. [SEP] That sounds dope! Alright, here's my rare fruit bush for your tree pet.",Rad trade. Let's go on a quest now before we get too laggy!,0,,,,,,,,,,
synthetic_safe,17,eea49375ca6be771b31e6c64,synthetic_safe:safe_synth_4,synthetic_safe:safe_synth_4:User_B_Sim,8,"That sounds dope! Alright, here's my rare fruit bush for your tree pet. [SEP] Rad trade. Let's go on a quest now before we get too laggy!",Definitely! I bet we'll find some cool items along the way.,0,,,,,,,,,,
synthetic_safe,18,b466af7105fa8bee23fc2f46,synthetic_safe:safe_synth_4,synthetic_safe:safe_synth_4:User_A_Sim,9,Rad trade. Let's go on a quest now before we get too laggy! [SEP] Definitely! I bet we'll find some cool items along the way.,"You're fr right, let's go explore the new map together!",0,,,,,,,,,,
synthetic_safe,19,1987276c9b47dbf03ed72efd,synthetic_safe:safe_synth_4,synthetic_safe:safe_synth_4:User_B_Sim,10,"Definitely! I bet we'll find some cool items along the way. [SEP] You're fr right, let's go explore the new map together!",We got this! *winks*,0,,,,,,,,,,
synthetic_safe,360,36119df4c0de9c277c475098,synthetic_safe:safe_synth_40,synthetic_safe:safe_synth_40:User_A_Sim,1,,"Yo, have you seen the syllabus for English next week? It's gnarly.",0,,,,,,,,,,
synthetic_safe,361,5cad7dde1565676a50bdc69c,synthetic_safe:safe_synth_40,synthetic_safe:safe_synth_40:User_B_Sim,2,"Yo, have you seen the syllabus for English next week? It's gnarly.","Tell me about it, dude. The teacher is such a stickler; I don't even wanna risk slipping up rn.",0,,,,,,,,,,
synthetic_safe,362,efbed348d62ee7b9d3778d3a,synthetic_safe:safe_synth_40,synthetic_safe:safe_synth_40:User_A_Sim,3,"Yo, have you seen the syllabus for English next week? It's gnarly. [SEP] Tell me about it, dude. The teacher is such a stickler; I don't even wanna risk slipping up rn.",Same. And with this exam coming up...I'm freaking out big time.,0,,,,,,,,,,
synthetic_safe,363,c3601188efb6187ad511a328,synthetic_safe:safe_synth_40,synthetic_safe:safe_synth_40:User_B_Sim,4,"Tell me about it, dude. The teacher is such a stickler; I don't even wanna risk slipping up rn. [SEP] Same. And with this exam coming up...I'm freaking out big time.","I feel you, man. It's like she's got some sort of sixth sense for catching us off guard.",0,,,,,,,,,,
synthetic_safe,364,606ec2eac3bee75871e61fc4,synthetic_safe:safe_synth_40,synthetic_safe:safe_synth_40:User_A_Sim,5,"Same. And with this exam coming up...I'm freaking out big time. [SEP] I feel you, man. It's like she's got some sort of sixth sense for catching us off guard.","Right? Like, last time she made a joke about the weather and then asked us what it was foreshadowing in the book.",0,,,,,,,,,,
synthetic_safe,365,e98d911ea11b6ed887b10fa2,synthetic_safe:safe_synth_40,synthetic_safe:safe_synth_40:User_B_Sim,6,"I feel you, man. It's like she's got some sort of sixth sense for catching us off guard. [SEP] Right? Like, last time she made a joke about the weather and then asked us what it was foreshadowing in the book.","Ngl, I was all over the place with that one. I still can't figure out why she did that.",0,,,,,,,,,,
synthetic_safe,366,fadaaf046441228473e22411,synthetic_safe:safe_synth_40,synthetic_safe:safe_synth_40:User_A_Sim,7,"Right? Like, last time she made a joke about the weather and then asked us what it was foreshadowing in the book. [SEP] Ngl, I was all over the place with that one. I still can't figure out why she did that.","Yeah, I mean, you'd think she'd just ask straight up what a passage means or something less random.",0,,,,,,,,,,
synthetic_safe,367,e5df0b62653995acc2cead0a,synthetic_safe:safe_synth_40,synthetic_safe:safe_synth_40:User_B_Sim,8,"Ngl, I was all over the place with that one. I still can't figure out why she did that. [SEP] Yeah, I mean, you'd think she'd just ask straight up what a passage means or something less random.","Totally, instead of some obscure weather-related nonsense.",0,,,,,,,,,,
synthetic_safe,368,b87f70335477f9205a2fae51,synthetic_safe:safe_synth_40,synthetic_safe:safe_synth_40:User_A_Sim,9,"Yeah, I mean, you'd think she'd just ask straight up what a passage means or something less random. [SEP] Totally, instead of some obscure weather-related nonsense.","Anyway, back to next week's exam. We really gotta hunker down and study hard if we want any chance at not failing this thing.",0,,,,,,,,,,
synthetic_safe,369,e1d3245aad45c881a5351303,synthetic_safe:safe_synth_40,synthetic_safe:safe_synth_40:User_B_Sim,10,"Totally, instead of some obscure weather-related nonsense. [SEP] Anyway, back to next week's exam. We really gotta hunker down and study hard if we want any chance at not failing this thing.","You got that right, bro. I'm already stressing over what to study for the most part.",0,,,,,,,,,,
synthetic_safe,370,23ffcc4804f8169a7dfad69c,synthetic_safe:safe_synth_40,synthetic_safe:safe_synth_40:User_A_Sim,11,"Anyway, back to next week's exam. We really gotta hunker down and study hard if we want any chance at not failing this thing. [SEP] You got that right, bro. I'm already stressing over what to study for the most part.",Same here. So...any ideas on how to handle it? Some effective last-minute cramming strategy or something?,0,,,,,,,,,,
synthetic_safe,371,3205d573b806e8cb149f124e,synthetic_safe:safe_synth_40,synthetic_safe:safe_synth_40:User_B_Sim,12,"You got that right, bro. I'm already stressing over what to study for the most part. [SEP] Same here. So...any ideas on how to handle it? Some effective last-minute cramming strategy or something?","Honestly, I think we just gotta dive deep and hope for the best, man. We can't be messing around with procrastination any more.",0,,,,,,,,,,
synthetic_safe,372,9ae07fbde7747f90ae3bc819,synthetic_safe:safe_synth_41,synthetic_safe:safe_synth_41:User_A_Sim,1,,"Hey dude, check out this meme I found. It's goin' crazy viral on Reddit!",0,,,,,,,,,,
synthetic_safe,373,64411d4a4ca23d2add36a030,synthetic_safe:safe_synth_41,synthetic_safe:safe_synth_41:User_B_Sim,2,"Hey dude, check out this meme I found. It's goin' crazy viral on Reddit!",LMAO! That's nuts! We should start a Discord channel for sharing memes and roasting each other.,0,,,,,,,,,,
synthetic_safe,374,63e158f72e2d009983224956,synthetic_safe:safe_synth_41,synthetic_safe:safe_synth_41:User_A_Sim,3,"Hey dude, check out this meme I found. It's goin' crazy viral on Reddit! [SEP] LMAO! That's nuts! We should start a Discord channel for sharing memes and roasting each other.","Good idea! Also, let's put on some tunes. I'm in the mood for some chill lo-fi indie stuff. What about you?",0,,,,,,,,,,
synthetic_safe,375,d527edbf63c18f62a779faa0,synthetic_safe:safe_synth_41,synthetic_safe:safe_synth_41:User_B_Sim,4,"LMAO! That's nuts! We should start a Discord channel for sharing memes and roasting each other. [SEP] Good idea! Also, let's put on some tunes. I'm in the mood for some chill lo-fi indie stuff. What about you?",Sounds good! How about that playlist we made last week? It's got all the right vibes.,0,,,,,,,,,,
synthetic_safe,376,483cd27cf7b70000cecb7f91,synthetic_safe:safe_synth_41,synthetic_safe:safe_synth_41:User_A_Sim,5,"Good idea! Also, let's put on some tunes. I'm in the mood for some chill lo-fi indie stuff. What about you? [SEP] Sounds good! How about that playlist we made last week? It's got all the right vibes.",Perfect! We can vibe out and play Stardew Valley together too. The fishing mini-game is lit!,0,,,,,,,,,,
synthetic_safe,377,60ea495258aa48738be2216f,synthetic_safe:safe_synth_41,synthetic_safe:safe_synth_41:User_B_Sim,6,Sounds good! How about that playlist we made last week? It's got all the right vibes. [SEP] Perfect! We can vibe out and play Stardew Valley together too. The fishing mini-game is lit!,"For sure, man! I'm gonna grab a snack real quick. You start the game without me. I'll join in once I get back.",0,,,,,,,,,,
synthetic_safe,378,981ea4c7f758ed16cc51a258,synthetic_safe:safe_synth_41,synthetic_safe:safe_synth_41:User_A_Sim,7,"Perfect! We can vibe out and play Stardew Valley together too. The fishing mini-game is lit! [SEP] For sure, man! I'm gonna grab a snack real quick. You start the game without me. I'll join in once I get back.","No problemo, amigo! Catch ya on the flip side!",0,,,,,,,,,,
synthetic_safe,379,806302a793e70494352c3e2f,synthetic_safe:safe_synth_42,synthetic_safe:safe_synth_42:User_A_Sim,1,,"Hey, what's up? I'm getting stoked to share some dank memes with you tonight.",0,,,,,,,,,,
synthetic_safe,380,833cd6d4d4b6d07be600babc,synthetic_safe:safe_synth_42,synthetic_safe:safe_synth_42:User_B_Sim,2,"Hey, what's up? I'm getting stoked to share some dank memes with you tonight.","For real, homie! I'll bring the fire with some fresh tunes too. We're gonna have a lit time with Stardew Valley and these memes.",0,,,,,,,,,,
synthetic_safe,381,63c844002d8a0cbb74a3e134,synthetic_safe:safe_synth_42,synthetic_safe:safe_synth_42:User_A_Sim,3,"Hey, what's up? I'm getting stoked to share some dank memes with you tonight. [SEP] For real, homie! I'll bring the fire with some fresh tunes too. We're gonna have a lit time with Stardew Valley and these memes.",That's the spirit! Let's start by setting up a server instance on my PC for us to host our games.,0,,,,,,,,,,
synthetic_safe,382,4b412e3215417ef282cdc42c,synthetic_safe:safe_synth_42,synthetic_safe:safe_synth_42:User_B_Sim,4,"For real, homie! I'll bring the fire with some fresh tunes too. We're gonna have a lit time with Stardew Valley and these memes. [SEP] That's the spirit! Let's start by setting up a server instance on my PC for us to host our games.","You got it, fam! Once we've got that sorted, I'll kick off the game on your computer. We can alternate between playing Stardew and scrolling through memes.",0,,,,,,,,,,
synthetic_safe,383,9e8bff4b8480dcb3889e48d0,synthetic_safe:safe_synth_42,synthetic_safe:safe_synth_42:User_A_Sim,5,"That's the spirit! Let's start by setting up a server instance on my PC for us to host our games. [SEP] You got it, fam! Once we've got that sorted, I'll kick off the game on your computer. We can alternate between playing Stardew and scrolling through memes.",Sounds like a plan! Let's make sure we've got Discord running too so we can share these memes directly with each other in real-time.,0,,,,,,,,,,
synthetic_safe,384,2832a4463c97a5a4d30a19d4,synthetic_safe:safe_synth_42,synthetic_safe:safe_synth_42:User_B_Sim,6,"You got it, fam! Once we've got that sorted, I'll kick off the game on your computer. We can alternate between playing Stardew and scrolling through memes. [SEP] Sounds like a plan! Let's make sure we've got Discord running too so we can share these memes directly with each other in real-time.","Ay, ay! Discord is set up and ready to go. I'll start the game now.",0,,,,,,,,,,
synthetic_safe,385,346653893c135eb6072be1c2,synthetic_safe:safe_synth_42,synthetic_safe:safe_synth_42:User_A_Sim,7,"Sounds like a plan! Let's make sure we've got Discord running too so we can share these memes directly with each other in real-time. [SEP] Ay, ay! Discord is set up and ready to go. I'll start the game now.","Awesome! Now let's get this jam session started. You pick the playlist, and I'll bring the memes. We're gonna have a blast!",0,,,,,,,,,,
synthetic_safe,386,ab65dbd0db39641ff0ac7c15,synthetic_safe:safe_synth_42,synthetic_safe:safe_synth_42:User_B_Sim,8,"Ay, ay! Discord is set up and ready to go. I'll start the game now. [SEP] Awesome! Now let's get this jam session started. You pick the playlist, and I'll bring the memes. We're gonna have a blast!","Sick, I'm all over that. Let's do it!",0,,,,,,,,,,
synthetic_safe,387,f8fc521402b90ddac8c379c3,synthetic_safe:safe_synth_42,synthetic_safe:safe_synth_42:User_A_Sim,9,"Awesome! Now let's get this jam session started. You pick the playlist, and I'll bring the memes. We're gonna have a blast! [SEP] Sick, I'm all over that. Let's do it!","Game on! Let me know when you've got Stardew Valley up and running, and we can jump in together.",0,,,,,,,,,,
synthetic_safe,388,eb989afb0a116d56f635cf9a,synthetic_safe:safe_synth_42,synthetic_safe:safe_synth_42:User_B_Sim,10,"Sick, I'm all over that. Let's do it! [SEP] Game on! Let me know when you've got Stardew Valley up and running, and we can jump in together.","Gotcha, fam! The game is loading now. Once I'm in, I'll let you know. We're gonna be farming, chilling, and meme-ing the night away!",0,,,,,,,,,,
synthetic_safe,389,eed5ef8b13e3a65ce5f791e9,synthetic_safe:safe_synth_43,synthetic_safe:safe_synth_43:User_A_Sim,1,,"Yo, what's up, fam?",0,,,,,,,,,,
synthetic_safe,390,3e840949bf413f367fdb1083,synthetic_safe:safe_synth_43,synthetic_safe:safe_synth_43:User_B_Sim,2,"Yo, what's up, fam?","Not much, just chilling in Stardew Valley, trying to level up my character.",0,,,,,,,,,,
synthetic_safe,391,6a7155da567bfdecd59ea4c9,synthetic_safe:safe_synth_43,synthetic_safe:safe_synth_43:User_A_Sim,3,"Yo, what's up, fam? [SEP] Not much, just chilling in Stardew Valley, trying to level up my character.",Same here! I'm totally hooked on this game. The memes we could share about it would be hilarious!,0,,,,,,,,,,
synthetic_safe,392,dee900bfefbbda8cc3402fe7,synthetic_safe:safe_synth_43,synthetic_safe:safe_synth_43:User_B_Sim,4,"Not much, just chilling in Stardew Valley, trying to level up my character. [SEP] Same here! I'm totally hooked on this game. The memes we could share about it would be hilarious!","Oh man, the memes you make are always so good. They'd definitely brighten up everyone's day in the server.",0,,,,,,,,,,
synthetic_safe,393,a698cfe8cd0fd00bf19e578e,synthetic_safe:safe_synth_43,synthetic_safe:safe_synth_43:User_A_Sim,5,"Same here! I'm totally hooked on this game. The memes we could share about it would be hilarious! [SEP] Oh man, the memes you make are always so good. They'd definitely brighten up everyone's day in the server.",Let's keep the server lit with some tunes too! You got any songs you've been jamming to lately?,0,,,,,,,,,,
synthetic_safe,394,d0586628965dadc10cedde65,synthetic_safe:safe_synth_43,synthetic_safe:safe_synth_43:User_B_Sim,6,"Oh man, the memes you make are always so good. They'd definitely brighten up everyone's day in the server. [SEP] Let's keep the server lit with some tunes too! You got any songs you've been jamming to lately?","Definitely, I've been grooving to Billie Eilish's new album. How about you? Any music favorites of yours?",0,,,,,,,,,,
synthetic_safe,395,31602e7e9f95589779d75bd3,synthetic_safe:safe_synth_43,synthetic_safe:safe_synth_43:User_A_Sim,7,"Let's keep the server lit with some tunes too! You got any songs you've been jamming to lately? [SEP] Definitely, I've been grooving to Billie Eilish's new album. How about you? Any music favorites of yours?","For sure, gotta represent my hometown by bumping some Drake. We can start a dance party with his beats!",0,,,,,,,,,,
synthetic_safe,396,cfe694b97c84a79c74c885ab,synthetic_safe:safe_synth_43,synthetic_safe:safe_synth_43:User_B_Sim,8,"Definitely, I've been grooving to Billie Eilish's new album. How about you? Any music favorites of yours? [SEP] For sure, gotta represent my hometown by bumping some Drake. We can start a dance party with his beats!","Haha, I bet we'd have the entire server dancing in no time! Let's get back to gaming for now though.",0,,,,,,,,,,
synthetic_safe,397,c29f0ecbf8817054e4cc5e67,synthetic_safe:safe_synth_43,synthetic_safe:safe_synth_43:User_A_Sim,9,"For sure, gotta represent my hometown by bumping some Drake. We can start a dance party with his beats! [SEP] Haha, I bet we'd have the entire server dancing in no time! Let's get back to gaming for now though.","You got it, buddy. Let's crush this in-game loot and keep meme-ing along the way!",0,,,,,,,,,,
synthetic_safe,398,cb9d613e9b103ca4419579d2,synthetic_safe:safe_synth_44,synthetic_safe:safe_synth_44:User_A_Sim,1,,"Hey, what's up? You still in the game or done for the night?",0,,,,,,,,,,
synthetic_safe,399,11fed4d336332487312549f7,synthetic_safe:safe_synth_44,synthetic_safe:safe_synth_44:User_B_Sim,2,"Hey, what's up? You still in the game or done for the night?","I'm still playing, just took a break to chow down.",0,,,,,,,,,,
synthetic_safe,400,9eb4179c289f15f241d6c2a5,synthetic_safe:safe_synth_44,synthetic_safe:safe_synth_44:User_A_Sim,3,"Hey, what's up? You still in the game or done for the night? [SEP] I'm still playing, just took a break to chow down.",Nice! What kind of meme are you sharing now?,0,,,,,,,,,,
synthetic_safe,401,28a5259245f2b849e961aa12,synthetic_safe:safe_synth_44,synthetic_safe:safe_synth_44:User_B_Sim,4,"I'm still playing, just took a break to chow down. [SEP] Nice! What kind of meme are you sharing now?",Just shared that pic of the cat wearing glasses. That one always makes me laugh!,0,,,,,,,,,,
synthetic_safe,402,6ce1786fc8318a403315784e,synthetic_safe:safe_synth_44,synthetic_safe:safe_synth_44:User_A_Sim,5,Nice! What kind of meme are you sharing now? [SEP] Just shared that pic of the cat wearing glasses. That one always makes me laugh!,"Haha, yeah, that's a good one. I need to check if there's new music playing in our server.",0,,,,,,,,,,
synthetic_safe,403,733ed9b3a6d8c9f65c8f68c4,synthetic_safe:safe_synth_44,synthetic_safe:safe_synth_44:User_B_Sim,6,"Just shared that pic of the cat wearing glasses. That one always makes me laugh! [SEP] Haha, yeah, that's a good one. I need to check if there's new music playing in our server.",You should! We can keep the game going with some chill tunes.,0,,,,,,,,,,
synthetic_safe,404,625e03c7fb3d2c765d306d83,synthetic_safe:safe_synth_44,synthetic_safe:safe_synth_44:User_A_Sim,7,"Haha, yeah, that's a good one. I need to check if there's new music playing in our server. [SEP] You should! We can keep the game going with some chill tunes.",I'm on it! Let me see what's up on Spotify...,0,,,,,,,,,,
synthetic_safe,405,bc81a1f3592dd20cf4bb21fc,synthetic_safe:safe_synth_44,synthetic_safe:safe_synth_44:User_B_Sim,8,You should! We can keep the game going with some chill tunes. [SEP] I'm on it! Let me see what's up on Spotify...,"Cool, take your time. I'll just keep farming my crops and taking care of my animals for now.",0,,,,,,,,,,
synthetic_safe,406,5fccb36b3c8dddf9ab8a8ddf,synthetic_safe:safe_synth_44,synthetic_safe:safe_synth_44:User_A_Sim,9,"I'm on it! Let me see what's up on Spotify... [SEP] Cool, take your time. I'll just keep farming my crops and taking care of my animals for now.",Got it. I found a new playlist you might dig - 'Chill Vibes' by our friend TheDJ!,0,,,,,,,,,,
synthetic_safe,407,80dcd10c751f85bc47d1cd39,synthetic_safe:safe_synth_44,synthetic_safe:safe_synth_44:User_B_Sim,10,"Cool, take your time. I'll just keep farming my crops and taking care of my animals for now. [SEP] Got it. I found a new playlist you might dig - 'Chill Vibes' by our friend TheDJ!","Neat! Thanks for sharing, I'll add the songs to my playlist so I can listen later.",0,,,,,,,,,,
synthetic_safe,408,0808dd47c304d31a177e4316,synthetic_safe:safe_synth_44,synthetic_safe:safe_synth_44:User_A_Sim,11,"Got it. I found a new playlist you might dig - 'Chill Vibes' by our friend TheDJ! [SEP] Neat! Thanks for sharing, I'll add the songs to my playlist so I can listen later.","No problemo! So, what's your favorite thing to do in Stardew Valley?",0,,,,,,,,,,
synthetic_safe,409,d2d27c1b78b51cae4597856f,synthetic_safe:safe_synth_44,synthetic_safe:safe_synth_44:User_B_Sim,12,"Neat! Thanks for sharing, I'll add the songs to my playlist so I can listen later. [SEP] No problemo! So, what's your favorite thing to do in Stardew Valley?","Honestly, I really enjoy fishing at the lake and exploring the secret areas. But taking care of my animals is also a must!",0,,,,,,,,,,
synthetic_safe,410,61c6c9651f0d0b13d6149d78,synthetic_safe:safe_synth_44,synthetic_safe:safe_synth_44:User_A_Sim,13,"No problemo! So, what's your favorite thing to do in Stardew Valley? [SEP] Honestly, I really enjoy fishing at the lake and exploring the secret areas. But taking care of my animals is also a must!","That's awesome! I'm more into mining and building structures, but I'll give fishing a shot.",0,,,,,,,,,,
synthetic_safe,411,acb612d9e72b4b72c886e3c5,synthetic_safe:safe_synth_44,synthetic_safe:safe_synth_44:User_B_Sim,14,"Honestly, I really enjoy fishing at the lake and exploring the secret areas. But taking care of my animals is also a must! [SEP] That's awesome! I'm more into mining and building structures, but I'll give fishing a shot.","Yeah, you should! It can be pretty relaxing once you get the hang of it.",0,,,,,,,,,,
synthetic_safe,412,33830864d82257d35a7a5622,synthetic_safe:safe_synth_45,synthetic_safe:safe_synth_45:User_A_Sim,1,,"Hey dude, I just posted that new meme you were asking about.",0,,,,,,,,,,
synthetic_safe,413,0bd48759d4c75df99424afba,synthetic_safe:safe_synth_45,synthetic_safe:safe_synth_45:User_B_Sim,2,"Hey dude, I just posted that new meme you were asking about.",Nice! That one made me laugh so hard.,0,,,,,,,,,,
synthetic_safe,414,31936b8740cf9510f3c8efe6,synthetic_safe:safe_synth_45,synthetic_safe:safe_synth_45:User_A_Sim,3,"Hey dude, I just posted that new meme you were asking about. [SEP] Nice! That one made me laugh so hard.",Did you see the reaction video of that guy trying to play guitar? It's hilarious!,0,,,,,,,,,,
synthetic_safe,415,c5432001ad79a5c2ccf2f6b5,synthetic_safe:safe_synth_45,synthetic_safe:safe_synth_45:User_B_Sim,4,Nice! That one made me laugh so hard. [SEP] Did you see the reaction video of that guy trying to play guitar? It's hilarious!,"Oh yeah, I watched it last night. He couldn't even get the strumming right.",0,,,,,,,,,,
synthetic_safe,416,d2445a6241a6af12284b8cc8,synthetic_safe:safe_synth_45,synthetic_safe:safe_synth_45:User_A_Sim,5,"Did you see the reaction video of that guy trying to play guitar? It's hilarious! [SEP] Oh yeah, I watched it last night. He couldn't even get the strumming right.","I know, but it was still entertaining. You should share more memes like that.",0,,,,,,,,,,
synthetic_safe,417,e7c38d431d071acf24c2b996,synthetic_safe:safe_synth_45,synthetic_safe:safe_synth_45:User_B_Sim,6,"Oh yeah, I watched it last night. He couldn't even get the strumming right. [SEP] I know, but it was still entertaining. You should share more memes like that.","No problem, I'll keep an eye out for good ones. Speaking of entertainment, have you started listening to that new playlist we made?",0,,,,,,,,,,
synthetic_safe,418,3380806eec4bd73ba6cd35dc,synthetic_safe:safe_synth_45,synthetic_safe:safe_synth_45:User_A_Sim,7,"I know, but it was still entertaining. You should share more memes like that. [SEP] No problem, I'll keep an eye out for good ones. Speaking of entertainment, have you started listening to that new playlist we made?",Yeah! It's been awesome. That indie rock mix really pumps me up when I need a boost.,0,,,,,,,,,,
synthetic_safe,419,440cf3c0f3cedb5bbaf26bbe,synthetic_safe:safe_synth_45,synthetic_safe:safe_synth_45:User_B_Sim,8,"No problem, I'll keep an eye out for good ones. Speaking of entertainment, have you started listening to that new playlist we made? [SEP] Yeah! It's been awesome. That indie rock mix really pumps me up when I need a boost.","That's great! I'm glad it's working so well. By the way, did you play Stardew Valley this weekend?",0,,,,,,,,,,
synthetic_safe,420,7758967c321f29a8b4cb4200,synthetic_safe:safe_synth_45,synthetic_safe:safe_synth_45:User_A_Sim,9,"Yeah! It's been awesome. That indie rock mix really pumps me up when I need a boost. [SEP] That's great! I'm glad it's working so well. By the way, did you play Stardew Valley this weekend?",For sure did! I spent hours fishing and talking to the villagers.,0,,,,,,,,,,
synthetic_safe,421,598b3aecbf671fe52edf6a24,synthetic_safe:safe_synth_45,synthetic_safe:safe_synth_45:User_B_Sim,10,"That's great! I'm glad it's working so well. By the way, did you play Stardew Valley this weekend? [SEP] For sure did! I spent hours fishing and talking to the villagers.","Haha, sounds like you were really immersed in the game. How many hearts did you get by Sunday evening?",0,,,,,,,,,,
synthetic_safe,422,7851ac15d81db9dbddcacb0b,synthetic_safe:safe_synth_45,synthetic_safe:safe_synth_45:User_A_Sim,11,"For sure did! I spent hours fishing and talking to the villagers. [SEP] Haha, sounds like you were really immersed in the game. How many hearts did you get by Sunday evening?",I got 10 out of 12 hearts! It was a pretty good weekend overall.,0,,,,,,,,,,
synthetic_safe,423,48fbf19453a9f6287bd95ea3,synthetic_safe:safe_synth_45,synthetic_safe:safe_synth_45:User_B_Sim,12,"Haha, sounds like you were really immersed in the game. How many hearts did you get by Sunday evening? [SEP] I got 10 out of 12 hearts! It was a pretty good weekend overall.",Awesome! You're really getting into it. Can't wait to see where your progress takes you next.,0,,,,,,,,,,
synthetic_safe,424,2383935c3aaeb288bbe29aac,synthetic_safe:safe_synth_46,synthetic_safe:safe_synth_46:User_A_Sim,1,,"Hey man, what's good?",0,,,,,,,,,,
synthetic_safe,425,fb7a6ee20583d088f139a161,synthetic_safe:safe_synth_46,synthetic_safe:safe_synth_46:User_B_Sim,2,"Hey man, what's good?","Not much, just chilling and sharing memes with my buddies.",0,,,,,,,,,,
synthetic_safe,426,a3bec3f852a9a0a4902a6837,synthetic_safe:safe_synth_46,synthetic_safe:safe_synth_46:User_A_Sim,3,"Hey man, what's good? [SEP] Not much, just chilling and sharing memes with my buddies.",That's cool. I'm listening to some tunes in the background while I game. You know me - always got a playlist going.,0,,,,,,,,,,
synthetic_safe,427,1cad9ad1704230be342da022,synthetic_safe:safe_synth_46,synthetic_safe:safe_synth_46:User_B_Sim,4,"Not much, just chilling and sharing memes with my buddies. [SEP] That's cool. I'm listening to some tunes in the background while I game. You know me - always got a playlist going.","For real, I love seeing your music choices pop up on my screen. It's like we're gaming together even though we're miles apart.",0,,,,,,,,,,
synthetic_safe,428,50ae935c0a93bb2a7d260747,synthetic_safe:safe_synth_46,synthetic_safe:safe_synth_46:User_A_Sim,5,"That's cool. I'm listening to some tunes in the background while I game. You know me - always got a playlist going. [SEP] For real, I love seeing your music choices pop up on my screen. It's like we're gaming together even though we're miles apart.","Yeah, that's what Discord is all about, right? Bringing folks together in one digital space so we can hang out and enjoy each other's company, even if it's just through text chat.",0,,,,,,,,,,
synthetic_safe,429,e74b80231b7a708307b041bd,synthetic_safe:safe_synth_46,synthetic_safe:safe_synth_46:User_B_Sim,6,"For real, I love seeing your music choices pop up on my screen. It's like we're gaming together even though we're miles apart. [SEP] Yeah, that's what Discord is all about, right? Bringing folks together in one digital space so we can hang out and enjoy each other's company, even if it's just through text chat.","That's the tea, my friend. It ain't quite the same as being there in person, but it's better than nothing, for sure.",0,,,,,,,,,,
synthetic_safe,430,3a075c2c1426cb88fb30fded,synthetic_safe:safe_synth_46,synthetic_safe:safe_synth_46:User_A_Sim,7,"Yeah, that's what Discord is all about, right? Bringing folks together in one digital space so we can hang out and enjoy each other's company, even if it's just through text chat. [SEP] That's the tea, my friend. It ain't quite the same as being there in person, but it's better than nothing, for sure.","Agreed. And hey, have you started playing Stardew Valley yet? I heard it's a banger if you're into farming and chill life sim games.",0,,,,,,,,,,
synthetic_safe,431,5404b58a6ad3fe75ce465468,synthetic_safe:safe_synth_46,synthetic_safe:safe_synth_46:User_B_Sim,8,"That's the tea, my friend. It ain't quite the same as being there in person, but it's better than nothing, for sure. [SEP] Agreed. And hey, have you started playing Stardew Valley yet? I heard it's a banger if you're into farming and chill life sim games.","No, not yet! But now that you mention it, I might just hop in and start working on my farm while you guys keep meme-ing and jamming out.",0,,,,,,,,,,
synthetic_safe,432,30cde90de51b7e84663ef5fe,synthetic_safe:safe_synth_46,synthetic_safe:safe_synth_46:User_A_Sim,9,"Agreed. And hey, have you started playing Stardew Valley yet? I heard it's a banger if you're into farming and chill life sim games. [SEP] No, not yet! But now that you mention it, I might just hop in and start working on my farm while you guys keep meme-ing and jamming out.","Sounds like a plan, dude. Let's get our farming on and share some funny memes at the same time. This is going to be a great hangout sesh!",0,,,,,,,,,,
synthetic_safe,433,21f35402ef2dee05a6f1b2cc,synthetic_safe:safe_synth_46,synthetic_safe:safe_synth_46:User_B_Sim,10,"No, not yet! But now that you mention it, I might just hop in and start working on my farm while you guys keep meme-ing and jamming out. [SEP] Sounds like a plan, dude. Let's get our farming on and share some funny memes at the same time. This is going to be a great hangout sesh!",You know it! Let's make this Discord server buzz with good vibes and laughs!,0,,,,,,,,,,
synthetic_safe,434,7628ff0bc81624881e3f1f4e,synthetic_safe:safe_synth_47,synthetic_safe:safe_synth_47:User_A_Sim,1,,"Hey dude, check out this meme I found!",0,,,,,,,,,,
synthetic_safe,435,737f657079a694ab805a461a,synthetic_safe:safe_synth_47,synthetic_safe:safe_synth_47:User_B_Sim,2,"Hey dude, check out this meme I found!",LOL that's hilarious! Where'd you find it?,0,,,,,,,,,,
synthetic_safe,436,55fc336b7017b4ab56fc7f1d,synthetic_safe:safe_synth_47,synthetic_safe:safe_synth_47:User_A_Sim,3,"Hey dude, check out this meme I found! [SEP] LOL that's hilarious! Where'd you find it?","Oh, just scrolling through r/dankmemes. You should follow the link to see more.",0,,,,,,,,,,
synthetic_safe,437,42cdedb75f20e737ad63293f,synthetic_safe:safe_synth_47,synthetic_safe:safe_synth_47:User_B_Sim,4,"LOL that's hilarious! Where'd you find it? [SEP] Oh, just scrolling through r/dankmemes. You should follow the link to see more.","Alright, hold on. Let me listen to this sick beat first. (starts playing music)",0,,,,,,,,,,
synthetic_safe,438,f4bc3e180a72db38d20c7579,synthetic_safe:safe_synth_47,synthetic_safe:safe_synth_47:User_A_Sim,5,"Oh, just scrolling through r/dankmemes. You should follow the link to see more. [SEP] Alright, hold on. Let me listen to this sick beat first. (starts playing music)","Sick choice, man! What's the song called?",0,,,,,,,,,,
synthetic_safe,439,b44436ffdba4f8b03e4a7ccd,synthetic_safe:safe_synth_47,synthetic_safe:safe_synth_47:User_B_Sim,6,"Alright, hold on. Let me listen to this sick beat first. (starts playing music) [SEP] Sick choice, man! What's the song called?","It's 'Hype' by Tyler, The Creator. Pretty dope, right?",0,,,,,,,,,,
synthetic_safe,440,308e099b781430487787cde0,synthetic_safe:safe_synth_47,synthetic_safe:safe_synth_47:User_A_Sim,7,"Sick choice, man! What's the song called? [SEP] It's 'Hype' by Tyler, The Creator. Pretty dope, right?","Yeah for sure! I'll add it to my playlist. Speaking of games, have you been playing Stardew Valley lately?",0,,,,,,,,,,
synthetic_safe,441,bc2a8e96c5ba292997aad3a8,synthetic_safe:safe_synth_47,synthetic_safe:safe_synth_47:User_B_Sim,8,"It's 'Hype' by Tyler, The Creator. Pretty dope, right? [SEP] Yeah for sure! I'll add it to my playlist. Speaking of games, have you been playing Stardew Valley lately?",Oh hell yeah! I just got into the multiplayer mode with my friends last week.,0,,,,,,,,,,
synthetic_safe,442,ae89fd679265a19e49db22c4,synthetic_safe:safe_synth_47,synthetic_safe:safe_synth_47:User_A_Sim,9,"Yeah for sure! I'll add it to my playlist. Speaking of games, have you been playing Stardew Valley lately? [SEP] Oh hell yeah! I just got into the multiplayer mode with my friends last week.",That's cool! How do you like it compared to single-player mode?,0,,,,,,,,,,
synthetic_safe,443,d4b200d6847f5129f6e5cfab,synthetic_safe:safe_synth_47,synthetic_safe:safe_synth_47:User_B_Sim,10,Oh hell yeah! I just got into the multiplayer mode with my friends last week. [SEP] That's cool! How do you like it compared to single-player mode?,"It's way more fun with friends. We share tips and strategies, so it's pretty great. You should join us sometime!",0,,,,,,,,,,
synthetic_safe,444,0b6e3a42cea3bcee223165d9,synthetic_safe:safe_synth_47,synthetic_safe:safe_synth_47:User_A_Sim,11,"That's cool! How do you like it compared to single-player mode? [SEP] It's way more fun with friends. We share tips and strategies, so it's pretty great. You should join us sometime!","I might do that! Just got a new switch, gotta explore the world of Stardew Valley now. But first, let's keep sharing memes! (sends another meme)",0,,,,,,,,,,
synthetic_safe,445,940153e531ceaded331517de,synthetic_safe:safe_synth_48,synthetic_safe:safe_synth_48:User_A_Sim,1,,"Hey dude, what's up?",0,,,,,,,,,,
synthetic_safe,446,499b5ff55b0c226d40b661dc,synthetic_safe:safe_synth_48,synthetic_safe:safe_synth_48:User_B_Sim,2,"Hey dude, what's up?","Not much bro, just chilling and scrolling through memes.",0,,,,,,,,,,
synthetic_safe,447,26b57f59b6a48f6113eef1ef,synthetic_safe:safe_synth_48,synthetic_safe:safe_synth_48:User_A_Sim,3,"Hey dude, what's up? [SEP] Not much bro, just chilling and scrolling through memes.",Same here! Did you see that hilarious cat one?,0,,,,,,,,,,
synthetic_safe,448,5d9164d4c2a4ec551d9b2c6e,synthetic_safe:safe_synth_48,synthetic_safe:safe_synth_48:User_B_Sim,4,"Not much bro, just chilling and scrolling through memes. [SEP] Same here! Did you see that hilarious cat one?","Oh man, I saw that one forever ago. You always find the freshest ones, lol.",0,,,,,,,,,,
synthetic_safe,449,ff22bbe6566e13920c79a0cc,synthetic_safe:safe_synth_48,synthetic_safe:safe_synth_48:User_A_Sim,5,"Same here! Did you see that hilarious cat one? [SEP] Oh man, I saw that one forever ago. You always find the freshest ones, lol.","Thanks, I try my best. Speaking of which, wanna listen to some tunes while we meme it up?",0,,,,,,,,,,
synthetic_safe,450,9b69d647c4d2de3431181f98,synthetic_safe:safe_synth_48,synthetic_safe:safe_synth_48:User_B_Sim,6,"Oh man, I saw that one forever ago. You always find the freshest ones, lol. [SEP] Thanks, I try my best. Speaking of which, wanna listen to some tunes while we meme it up?","Yeah for sure, hit me with your playlist suggestions.",0,,,,,,,,,,
synthetic_safe,451,28456928afd0d84145cb21aa,synthetic_safe:safe_synth_48,synthetic_safe:safe_synth_48:User_A_Sim,7,"Thanks, I try my best. Speaking of which, wanna listen to some tunes while we meme it up? [SEP] Yeah for sure, hit me with your playlist suggestions.","Alrighty then, how about we go from Billie Eilish to Bon Jovi?",0,,,,,,,,,,
synthetic_safe,452,a044017cc6b7ee3a9c7712c2,synthetic_safe:safe_synth_48,synthetic_safe:safe_synth_48:User_B_Sim,8,"Yeah for sure, hit me with your playlist suggestions. [SEP] Alrighty then, how about we go from Billie Eilish to Bon Jovi?","Nice transition, that's a good mix. So, have you been playing Stardew Valley lately?",0,,,,,,,,,,
synthetic_safe,453,31a9eb4053427671556ce738,synthetic_safe:safe_synth_48,synthetic_safe:safe_synth_48:User_A_Sim,9,"Alrighty then, how about we go from Billie Eilish to Bon Jovi? [SEP] Nice transition, that's a good mix. So, have you been playing Stardew Valley lately?","Yeah, I've been maining as Luna and she's just smashing it in the salt plains.",0,,,,,,,,,,
synthetic_safe,454,b6c9fde4e5f0e2ff2f0c4c7c,synthetic_safe:safe_synth_48,synthetic_safe:safe_synth_48:User_B_Sim,10,"Nice transition, that's a good mix. So, have you been playing Stardew Valley lately? [SEP] Yeah, I've been maining as Luna and she's just smashing it in the salt plains.","Damn, that's quite an achievement. You really got invested in this game, huh?",0,,,,,,,,,,
synthetic_safe,455,c27a3ea6a24a0ffd88585bcc,synthetic_safe:safe_synth_48,synthetic_safe:safe_synth_48:User_A_Sim,11,"Yeah, I've been maining as Luna and she's just smashing it in the salt plains. [SEP] Damn, that's quite an achievement. You really got invested in this game, huh?","For sure, it's one of those games where you just gotta see everything through to the end.",0,,,,,,,,,,
synthetic_safe,456,675dbfbf65ddfa63c85b07f6,synthetic_safe:safe_synth_49,synthetic_safe:safe_synth_49:User_A_Sim,1,,"Yo, just got a new meme for ya!",0,,,,,,,,,,
synthetic_safe,457,3c8893f711435d2a7fbcc67e,synthetic_safe:safe_synth_49,synthetic_safe:safe_synth_49:User_B_Sim,2,"Yo, just got a new meme for ya!","Lmao, send it over! I could use a good laugh.",0,,,,,,,,,,
synthetic_safe,458,ebc525717490bd8625c86727,synthetic_safe:safe_synth_49,synthetic_safe:safe_synth_49:User_A_Sim,3,"Yo, just got a new meme for ya! [SEP] Lmao, send it over! I could use a good laugh.",You got it. (sends meme),0,,,,,,,,,,
synthetic_safe,459,27633713978b2b627a8c6fe1,synthetic_safe:safe_synth_49,synthetic_safe:safe_synth_49:User_B_Sim,4,"Lmao, send it over! I could use a good laugh. [SEP] You got it. (sends meme)","Oh man, that's hilarious! I'm sharing it in our other group too, this one's a hit!",0,,,,,,,,,,
synthetic_safe,460,6c880c99daa84ee76d4df021,synthetic_safe:safe_synth_49,synthetic_safe:safe_synth_49:User_A_Sim,5,"You got it. (sends meme) [SEP] Oh man, that's hilarious! I'm sharing it in our other group too, this one's a hit!","Awesome. By the way, have you been listening to that new playlist we made on Spotify?",0,,,,,,,,,,
synthetic_safe,461,6ea2d9df8e4f16aa1a3427f0,synthetic_safe:safe_synth_49,synthetic_safe:safe_synth_49:User_B_Sim,6,"Oh man, that's hilarious! I'm sharing it in our other group too, this one's a hit! [SEP] Awesome. By the way, have you been listening to that new playlist we made on Spotify?","Yeah, totally! I love how diverse it is with all the different genres.",0,,,,,,,,,,
synthetic_safe,462,fd72d0e62e772d00dff37f9a,synthetic_safe:safe_synth_49,synthetic_safe:safe_synth_49:User_A_Sim,7,"Awesome. By the way, have you been listening to that new playlist we made on Spotify? [SEP] Yeah, totally! I love how diverse it is with all the different genres.",Right? That's why I like it. We should make another one soon.,0,,,,,,,,,,
synthetic_safe,463,90e7ee3c63abc395a7c4bb04,synthetic_safe:safe_synth_49,synthetic_safe:safe_synth_49:User_B_Sim,8,"Yeah, totally! I love how diverse it is with all the different genres. [SEP] Right? That's why I like it. We should make another one soon.",For sure. Let's do a collaborative one next time. What games are you playing these days?,0,,,,,,,,,,
synthetic_safe,464,9ca474e97e48ed2c082a5ec6,synthetic_safe:safe_synth_49,synthetic_safe:safe_synth_49:User_A_Sim,9,Right? That's why I like it. We should make another one soon. [SEP] For sure. Let's do a collaborative one next time. What games are you playing these days?,I've been mainly playing Stardew Valley lately. How about you?,0,,,,,,,,,,
synthetic_safe,465,a193046360d7ca337ef07212,synthetic_safe:safe_synth_49,synthetic_safe:safe_synth_49:User_B_Sim,10,For sure. Let's do a collaborative one next time. What games are you playing these days? [SEP] I've been mainly playing Stardew Valley lately. How about you?,Same! It's my go-to game when I need some chill time.,0,,,,,,,,,,
synthetic_safe,20,b2765383ca14f2cd95aab755,synthetic_safe:safe_synth_5,synthetic_safe:safe_synth_5:User_A_Sim,1,,"Yo, have you played the new Roblox game update?",0,,,,,,,,,,
synthetic_safe,21,146fd72122794ec2329f2911,synthetic_safe:safe_synth_5,synthetic_safe:safe_synth_5:User_B_Sim,2,"Yo, have you played the new Roblox game update?","Yeah, it's lit! How many Wacky Wizards hats are you trading me for that super cool space boat you got?",0,,,,,,,,,,
synthetic_safe,22,42362bcdd3d096acf117a4be,synthetic_safe:safe_synth_5,synthetic_safe:safe_synth_5:User_A_Sim,3,"Yo, have you played the new Roblox game update? [SEP] Yeah, it's lit! How many Wacky Wizards hats are you trading me for that super cool space boat you got?",I'll trade you 20 Wacky Wizard hats for your space boat. Deal?,0,,,,,,,,,,
synthetic_safe,23,d72ad6353d194bcfd0965f0d,synthetic_safe:safe_synth_5,synthetic_safe:safe_synth_5:User_B_Sim,4,"Yeah, it's lit! How many Wacky Wizards hats are you trading me for that super cool space boat you got? [SEP] I'll trade you 20 Wacky Wizard hats for your space boat. Deal?",Totally in! That's a fair deal.,0,,,,,,,,,,
synthetic_safe,24,96d0af78466911b7c80d0270,synthetic_safe:safe_synth_5,synthetic_safe:safe_synth_5:User_A_Sim,5,I'll trade you 20 Wacky Wizard hats for your space boat. Deal? [SEP] Totally in! That's a fair deal.,Awesome! Let's play some more and enjoy the new game update!,0,,,,,,,,,,
synthetic_safe,25,304916159a231d91e43968c1,synthetic_safe:safe_synth_5,synthetic_safe:safe_synth_5:User_B_Sim,6,Totally in! That's a fair deal. [SEP] Awesome! Let's play some more and enjoy the new game update!,"For real, but I keep lagging whenever we're exploring the new underwater world. It's so annoying...",0,,,,,,,,,,
synthetic_safe,26,dba66961938c47fc921016ae,synthetic_safe:safe_synth_5,synthetic_safe:safe_synth_5:User_A_Sim,7,"Awesome! Let's play some more and enjoy the new game update! [SEP] For real, but I keep lagging whenever we're exploring the new underwater world. It's so annoying...","Oh, that sucks. We should host a server with less players to avoid lag.",0,,,,,,,,,,
synthetic_safe,27,f40113418d55c5eb632222b6,synthetic_safe:safe_synth_5,synthetic_safe:safe_synth_5:User_B_Sim,8,"For real, but I keep lagging whenever we're exploring the new underwater world. It's so annoying... [SEP] Oh, that sucks. We should host a server with less players to avoid lag.","Yeah, good idea! But let's go back to the game and continue having fun!",0,,,,,,,,,,
synthetic_safe,28,4df780a4b5179ed97dfc74b0,synthetic_safe:safe_synth_5,synthetic_safe:safe_synth_5:User_A_Sim,9,"Oh, that sucks. We should host a server with less players to avoid lag. [SEP] Yeah, good idea! But let's go back to the game and continue having fun!",100% agree! Let's rock this Roblox game update together!,0,,,,,,,,,,
synthetic_safe,466,5bab6f09affbbbc8b22f2338,synthetic_safe:safe_synth_50,synthetic_safe:safe_synth_50:User_A_Sim,1,,"Hey dude, what's good?",0,,,,,,,,,,
synthetic_safe,467,1ed392808912c10de8ceb873,synthetic_safe:safe_synth_50,synthetic_safe:safe_synth_50:User_B_Sim,2,"Hey dude, what's good?","Not much, just chilling and enjoying some memes I found on Reddit.",0,,,,,,,,,,
synthetic_safe,468,efc6b255c5d2910f894551c8,synthetic_safe:safe_synth_50,synthetic_safe:safe_synth_50:User_A_Sim,3,"Hey dude, what's good? [SEP] Not much, just chilling and enjoying some memes I found on Reddit.",Nice! Have you seen that new tune from Billie Eilish? I've been jamming to it all week.,0,,,,,,,,,,
synthetic_safe,469,2472b20f876723e4ea888cbc,synthetic_safe:safe_synth_50,synthetic_safe:safe_synth_50:User_B_Sim,4,"Not much, just chilling and enjoying some memes I found on Reddit. [SEP] Nice! Have you seen that new tune from Billie Eilish? I've been jamming to it all week.","Oh for sure, her music is so fresh. Let's listen to it together right now!",0,,,,,,,,,,
synthetic_safe,470,28696fb79a64ee1179ee2fb8,synthetic_safe:safe_synth_50,synthetic_safe:safe_synth_50:User_A_Sim,5,"Nice! Have you seen that new tune from Billie Eilish? I've been jamming to it all week. [SEP] Oh for sure, her music is so fresh. Let's listen to it together right now!","You got it, streaming it now.",0,,,,,,,,,,
synthetic_safe,471,f7adcc692e780f71fd4b4609,synthetic_safe:safe_synth_50,synthetic_safe:safe_synth_50:User_B_Sim,6,"Oh for sure, her music is so fresh. Let's listen to it together right now! [SEP] You got it, streaming it now.","This song is fire, man! We should make a playlist of more tunes we both love and share it here.",0,,,,,,,,,,
synthetic_safe,472,ab337ae5e3256e18f2d01581,synthetic_safe:safe_synth_50,synthetic_safe:safe_synth_50:User_A_Sim,7,"You got it, streaming it now. [SEP] This song is fire, man! We should make a playlist of more tunes we both love and share it here.",That's a great idea! What kind of music do you want to add?,0,,,,,,,,,,
synthetic_safe,473,8687b8943aeeb3782b3e9286,synthetic_safe:safe_synth_50,synthetic_safe:safe_synth_50:User_B_Sim,8,"This song is fire, man! We should make a playlist of more tunes we both love and share it here. [SEP] That's a great idea! What kind of music do you want to add?","How about some indie rock, like The 1975 or Glass Animals? And maybe throw in some Billie Eilish too.",0,,,,,,,,,,
synthetic_safe,474,40f13638a032845d47ca95ec,synthetic_safe:safe_synth_50,synthetic_safe:safe_synth_50:User_A_Sim,9,"That's a great idea! What kind of music do you want to add? [SEP] How about some indie rock, like The 1975 or Glass Animals? And maybe throw in some Billie Eilish too.",Sounds good to me. Let's make a few more picks and fill out that playlist!,0,,,,,,,,,,
synthetic_safe,475,ec1e313d596cc87bff7f760b,synthetic_safe:safe_synth_50,synthetic_safe:safe_synth_50:User_B_Sim,10,"How about some indie rock, like The 1975 or Glass Animals? And maybe throw in some Billie Eilish too. [SEP] Sounds good to me. Let's make a few more picks and fill out that playlist!","You got it, let's do this!",0,,,,,,,,,,
synthetic_safe,476,cade922393b53a29bd34b0e7,synthetic_safe:safe_synth_51,synthetic_safe:safe_synth_51:User_A_Sim,1,,"Yo, what's up bro?",0,,,,,,,,,,
synthetic_safe,477,a4131775883c7436f8514626,synthetic_safe:safe_synth_51,synthetic_safe:safe_synth_51:User_B_Sim,2,"Yo, what's up bro?","Not much, just chilling and sharing memes in this Discord server.",0,,,,,,,,,,
synthetic_safe,478,9136a9417d6220d91937123d,synthetic_safe:safe_synth_51,synthetic_safe:safe_synth_51:User_A_Sim,3,"Yo, what's up bro? [SEP] Not much, just chilling and sharing memes in this Discord server.","Hell yeah, I'm feeling that vibe too! We should listen to some tunes while we meme.",0,,,,,,,,,,
synthetic_safe,479,b290467f2ffd30e468fe870e,synthetic_safe:safe_synth_51,synthetic_safe:safe_synth_51:User_B_Sim,4,"Not much, just chilling and sharing memes in this Discord server. [SEP] Hell yeah, I'm feeling that vibe too! We should listen to some tunes while we meme.",That sounds like a plan. You got any good music suggestions?,0,,,,,,,,,,
synthetic_safe,480,1f903c529537318c0eb07460,synthetic_safe:safe_synth_51,synthetic_safe:safe_synth_51:User_A_Sim,5,"Hell yeah, I'm feeling that vibe too! We should listen to some tunes while we meme. [SEP] That sounds like a plan. You got any good music suggestions?","For sure, how about we put on some chill lo-fi hip-hop? It's perfect background noise for our meme session.",0,,,,,,,,,,
synthetic_safe,481,a8db825a376f92a199526c4b,synthetic_safe:safe_synth_51,synthetic_safe:safe_synth_51:User_B_Sim,6,"That sounds like a plan. You got any good music suggestions? [SEP] For sure, how about we put on some chill lo-fi hip-hop? It's perfect background noise for our meme session.","Sounds good, I'll add the playlist to my queue. By the way, have you tried playing Stardew Valley lately? It's a great timekiller when we're not chatting or memes-ing.",0,,,,,,,,,,
synthetic_safe,482,7107fe1f8e719d7055d34809,synthetic_safe:safe_synth_51,synthetic_safe:safe_synth_51:User_A_Sim,7,"For sure, how about we put on some chill lo-fi hip-hop? It's perfect background noise for our meme session. [SEP] Sounds good, I'll add the playlist to my queue. By the way, have you tried playing Stardew Valley lately? It's a great timekiller when we're not chatting or memes-ing.","Oh, for real? I haven't played it in ages! Let's jump into a game together after our meme break.",0,,,,,,,,,,
synthetic_safe,483,6cad3b4dd7c10cad6470c609,synthetic_safe:safe_synth_51,synthetic_safe:safe_synth_51:User_B_Sim,8,"Sounds good, I'll add the playlist to my queue. By the way, have you tried playing Stardew Valley lately? It's a great timekiller when we're not chatting or memes-ing. [SEP] Oh, for real? I haven't played it in ages! Let's jump into a game together after our meme break.",Awesome! I'll create a new world and invite you to join. We can pick up where we left off last time we played.,0,,,,,,,,,,
synthetic_safe,484,bd44150de4dc884ffc041b1d,synthetic_safe:safe_synth_51,synthetic_safe:safe_synth_51:User_A_Sim,9,"Oh, for real? I haven't played it in ages! Let's jump into a game together after our meme break. [SEP] Awesome! I'll create a new world and invite you to join. We can pick up where we left off last time we played.","Perfect! Can't wait to catch up and build some sweet crops together, fam.",0,,,,,,,,,,
synthetic_safe,485,378623ae34a8baa7800694e7,synthetic_safe:safe_synth_51,synthetic_safe:safe_synth_51:User_B_Sim,10,"Awesome! I'll create a new world and invite you to join. We can pick up where we left off last time we played. [SEP] Perfect! Can't wait to catch up and build some sweet crops together, fam.","Absolutely, let's get this game on!",0,,,,,,,,,,
synthetic_safe,486,fe47bd2a6381d701dd07b6f6,synthetic_safe:safe_synth_52,synthetic_safe:safe_synth_52:User_A_Sim,1,,"Hey buddy, what's up?",0,,,,,,,,,,
synthetic_safe,487,cfdaf5aaa07e2bd59532dcc9,synthetic_safe:safe_synth_52,synthetic_safe:safe_synth_52:User_B_Sim,2,"Hey buddy, what's up?","Not much, just chilling in Discord. You?",0,,,,,,,,,,
synthetic_safe,488,c88308d579e00d598703164a,synthetic_safe:safe_synth_52,synthetic_safe:safe_synth_52:User_A_Sim,3,"Hey buddy, what's up? [SEP] Not much, just chilling in Discord. You?",Same here. Have you seen any good memes lately?,0,,,,,,,,,,
synthetic_safe,489,103e750777ea6b58c86ecfed,synthetic_safe:safe_synth_52,synthetic_safe:safe_synth_52:User_B_Sim,4,"Not much, just chilling in Discord. You? [SEP] Same here. Have you seen any good memes lately?","Oh yeah, I found a hilarious one about Stardew Valley the other day.",0,,,,,,,,,,
synthetic_safe,490,0afbba034f0a88e84b4b0729,synthetic_safe:safe_synth_52,synthetic_safe:safe_synth_52:User_A_Sim,5,"Same here. Have you seen any good memes lately? [SEP] Oh yeah, I found a hilarious one about Stardew Valley the other day.",Nice! What's your favorite thing to do in the game?,0,,,,,,,,,,
synthetic_safe,491,9e215204a88f20a20ca288bb,synthetic_safe:safe_synth_52,synthetic_safe:safe_synth_52:User_B_Sim,6,"Oh yeah, I found a hilarious one about Stardew Valley the other day. [SEP] Nice! What's your favorite thing to do in the game?",Probably fishing or maybe mining. How about you?,0,,,,,,,,,,
synthetic_safe,492,1bcf99238e0107575b3a77a6,synthetic_safe:safe_synth_52,synthetic_safe:safe_synth_52:User_A_Sim,7,Nice! What's your favorite thing to do in the game? [SEP] Probably fishing or maybe mining. How about you?,"Yeah, I love fishing too. It's so relaxing.",0,,,,,,,,,,
synthetic_safe,493,fb16dd96b79cf80271c41777,synthetic_safe:safe_synth_52,synthetic_safe:safe_synth_52:User_B_Sim,8,"Probably fishing or maybe mining. How about you? [SEP] Yeah, I love fishing too. It's so relaxing.","Definitely. Speaking of relaxation, did you listen to that new playlist I made on Spotify today?",0,,,,,,,,,,
synthetic_safe,494,e95b4cdad69c55a0b4331f70,synthetic_safe:safe_synth_52,synthetic_safe:safe_synth_52:User_A_Sim,9,"Yeah, I love fishing too. It's so relaxing. [SEP] Definitely. Speaking of relaxation, did you listen to that new playlist I made on Spotify today?","Yup, I did! You always have great music tastes. Any recommendations for tonight's movie night?",0,,,,,,,,,,
synthetic_safe,495,5b3e94181112b3b547ff29a8,synthetic_safe:safe_synth_52,synthetic_safe:safe_synth_52:User_B_Sim,10,"Definitely. Speaking of relaxation, did you listen to that new playlist I made on Spotify today? [SEP] Yup, I did! You always have great music tastes. Any recommendations for tonight's movie night?",Hmm... how about a Marvel flick? They're always good for some action and humor.,0,,,,,,,,,,
synthetic_safe,496,643cee9640709dc64dc08bae,synthetic_safe:safe_synth_52,synthetic_safe:safe_synth_52:User_A_Sim,11,"Yup, I did! You always have great music tastes. Any recommendations for tonight's movie night? [SEP] Hmm... how about a Marvel flick? They're always good for some action and humor.",Sounds like a plan. I'll get the popcorn ready.,0,,,,,,,,,,
synthetic_safe,497,9f1ebb1b0fa849e7b0e06842,synthetic_safe:safe_synth_52,synthetic_safe:safe_synth_52:User_B_Sim,12,Hmm... how about a Marvel flick? They're always good for some action and humor. [SEP] Sounds like a plan. I'll get the popcorn ready.,"Haha, you got this! Let me grab our drinks.",0,,,,,,,,,,
synthetic_safe,498,f066a01ad70e1f70b81d386d,synthetic_safe:safe_synth_53,synthetic_safe:safe_synth_53:User_A_Sim,1,,"Yo, what's up, homeslice? Ready to vibe and meme after that grind?",0,,,,,,,,,,
synthetic_safe,499,dfd799dd6172f4ae0f2e3270,synthetic_safe:safe_synth_53,synthetic_safe:safe_synth_53:User_B_Sim,2,"Yo, what's up, homeslice? Ready to vibe and meme after that grind?","You bet, fam! I just got done getting lost in the weeds of a spreadsheet.",0,,,,,,,,,,
synthetic_safe,500,04cb94bbcb561e9a9fe7b6e0,synthetic_safe:safe_synth_53,synthetic_safe:safe_synth_53:User_A_Sim,3,"Yo, what's up, homeslice? Ready to vibe and meme after that grind? [SEP] You bet, fam! I just got done getting lost in the weeds of a spreadsheet.","Haha, nice. I'm more of an actual weed enthusiast than spreadsheet guy myself. But hey, we all have our thing.",0,,,,,,,,,,
synthetic_safe,501,1b1c43a95bb10f3e85401994,synthetic_safe:safe_synth_53,synthetic_safe:safe_synth_53:User_B_Sim,4,"You bet, fam! I just got done getting lost in the weeds of a spreadsheet. [SEP] Haha, nice. I'm more of an actual weed enthusiast than spreadsheet guy myself. But hey, we all have our thing.","Yeah, no doubt. So, you still playing Stardew Valley?",0,,,,,,,,,,
synthetic_safe,502,2f7b4477fd2356f93c9b4bf3,synthetic_safe:safe_synth_53,synthetic_safe:safe_synth_53:User_A_Sim,5,"Haha, nice. I'm more of an actual weed enthusiast than spreadsheet guy myself. But hey, we all have our thing. [SEP] Yeah, no doubt. So, you still playing Stardew Valley?",For sure! I'm trying to chill and build a farm empire at the same time. It's lit.,0,,,,,,,,,,
synthetic_safe,503,b8b5c028881f01a9bccdb83e,synthetic_safe:safe_synth_53,synthetic_safe:safe_synth_53:User_B_Sim,6,"Yeah, no doubt. So, you still playing Stardew Valley? [SEP] For sure! I'm trying to chill and build a farm empire at the same time. It's lit.",That sounds fire. What kinda tunes are keeping you in that zone?,0,,,,,,,,,,
synthetic_safe,504,6892afbec0bef35626fd842c,synthetic_safe:safe_synth_53,synthetic_safe:safe_synth_53:User_A_Sim,7,For sure! I'm trying to chill and build a farm empire at the same time. It's lit. [SEP] That sounds fire. What kinda tunes are keeping you in that zone?,Mostly some lo-fi beats to keep me focused while I'm planting seeds and tending to my virtual crops. You should check it out if you're into that vibe too!,0,,,,,,,,,,
synthetic_safe,505,886dafe7f7c5de7f6a5ff9a0,synthetic_safe:safe_synth_53,synthetic_safe:safe_synth_53:User_B_Sim,8,That sounds fire. What kinda tunes are keeping you in that zone? [SEP] Mostly some lo-fi beats to keep me focused while I'm planting seeds and tending to my virtual crops. You should check it out if you're into that vibe too!,"Sounds like a plan! I gotta get back into the loop soon, so maybe we'll both be grooving in Stardew Valley with similar beats?",0,,,,,,,,,,
synthetic_safe,506,22dcb7e851e840546f982148,synthetic_safe:safe_synth_53,synthetic_safe:safe_synth_53:User_A_Sim,9,"Mostly some lo-fi beats to keep me focused while I'm planting seeds and tending to my virtual crops. You should check it out if you're into that vibe too! [SEP] Sounds like a plan! I gotta get back into the loop soon, so maybe we'll both be grooving in Stardew Valley with similar beats?","You read me, bro! That's the plan. Let's rock this digital farm together.",0,,,,,,,,,,
synthetic_safe,507,be6553dc11ba6aa41a7ebaa2,synthetic_safe:safe_synth_53,synthetic_safe:safe_synth_53:User_B_Sim,10,"Sounds like a plan! I gotta get back into the loop soon, so maybe we'll both be grooving in Stardew Valley with similar beats? [SEP] You read me, bro! That's the plan. Let's rock this digital farm together.","Hell yeah! Can't wait for that vibey session. Back to you later, homie!",0,,,,,,,,,,
synthetic_safe,508,002f05358b87f3d2492368bb,synthetic_safe:safe_synth_53,synthetic_safe:safe_synth_53:User_A_Sim,11,"You read me, bro! That's the plan. Let's rock this digital farm together. [SEP] Hell yeah! Can't wait for that vibey session. Back to you later, homie!","Later, gator! Keep slaying those spreadsheets and I'll see you on the other side of the screen!",0,,,,,,,,,,
synthetic_safe,509,df81cc8d67d336e1ae95b5fb,synthetic_safe:safe_synth_54,synthetic_safe:safe_synth_54:User_A_Sim,1,,"Hey dude, check out this meme I just found. It's pretty lit.",0,,,,,,,,,,
synthetic_safe,510,2a9302333102bf9084f4991c,synthetic_safe:safe_synth_54,synthetic_safe:safe_synth_54:User_B_Sim,2,"Hey dude, check out this meme I just found. It's pretty lit.",LMAO that's hilarious! We should start a Discord server dedicated to memes.,0,,,,,,,,,,
synthetic_safe,511,4b9dadcd4b8deecf4e7d0a30,synthetic_safe:safe_synth_54,synthetic_safe:safe_synth_54:User_A_Sim,3,"Hey dude, check out this meme I just found. It's pretty lit. [SEP] LMAO that's hilarious! We should start a Discord server dedicated to memes.","Yeah, that would be rad. We could call it 'Meme Mania' or something like that.",0,,,,,,,,,,
synthetic_safe,512,7d9b08f193c8cd91c1a8a2c1,synthetic_safe:safe_synth_54,synthetic_safe:safe_synth_54:User_B_Sim,4,"LMAO that's hilarious! We should start a Discord server dedicated to memes. [SEP] Yeah, that would be rad. We could call it 'Meme Mania' or something like that.",That sounds dope. Let's add some music to the mix too. I'm feeling those chill beats right now.,0,,,,,,,,,,
synthetic_safe,513,e0e1b7f665f6a6f85a98a2ed,synthetic_safe:safe_synth_54,synthetic_safe:safe_synth_54:User_A_Sim,5,"Yeah, that would be rad. We could call it 'Meme Mania' or something like that. [SEP] That sounds dope. Let's add some music to the mix too. I'm feeling those chill beats right now.",Sick idea! How about we listen to that new album from our favorite artist?,0,,,,,,,,,,
synthetic_safe,514,acab5cb9da19399b311d58c2,synthetic_safe:safe_synth_54,synthetic_safe:safe_synth_54:User_B_Sim,6,That sounds dope. Let's add some music to the mix too. I'm feeling those chill beats right now. [SEP] Sick idea! How about we listen to that new album from our favorite artist?,"For sure, man. It'll be lit with our memes and chilled out vibe.",0,,,,,,,,,,
synthetic_safe,515,c000faf10354ac79bb550434,synthetic_safe:safe_synth_54,synthetic_safe:safe_synth_54:User_A_Sim,7,"Sick idea! How about we listen to that new album from our favorite artist? [SEP] For sure, man. It'll be lit with our memes and chilled out vibe.","Alright, let's get this Discord server set up first. We can add some bots for more fun too.",0,,,,,,,,,,
synthetic_safe,516,98fb50fb2737bd2a6cc580ce,synthetic_safe:safe_synth_54,synthetic_safe:safe_synth_54:User_B_Sim,8,"For sure, man. It'll be lit with our memes and chilled out vibe. [SEP] Alright, let's get this Discord server set up first. We can add some bots for more fun too.","Yeah, I'm down to customize the server with different bots. That'll make it even more fun!",0,,,,,,,,,,
synthetic_safe,517,a82604937ded5ba17fd0a274,synthetic_safe:safe_synth_54,synthetic_safe:safe_synth_54:User_A_Sim,9,"Alright, let's get this Discord server set up first. We can add some bots for more fun too. [SEP] Yeah, I'm down to customize the server with different bots. That'll make it even more fun!",Cool! Let's also decide on a time when we're both free to hang out and play Stardew Valley together.,0,,,,,,,,,,
synthetic_safe,518,fad4d20f7338d6d2e2f46e29,synthetic_safe:safe_synth_54,synthetic_safe:safe_synth_54:User_B_Sim,10,"Yeah, I'm down to customize the server with different bots. That'll make it even more fun! [SEP] Cool! Let's also decide on a time when we're both free to hang out and play Stardew Valley together.",For real? That sounds awesome! How about weekends after lunch?,0,,,,,,,,,,
synthetic_safe,519,f76c6cfd4b3c9c856e3f536f,synthetic_safe:safe_synth_54,synthetic_safe:safe_synth_54:User_A_Sim,11,Cool! Let's also decide on a time when we're both free to hang out and play Stardew Valley together. [SEP] For real? That sounds awesome! How about weekends after lunch?,"Perfect, that gives us plenty of time to meme, jam, and farm our way to victory!",0,,,,,,,,,,
synthetic_safe,520,d6a8b2bb8bf12e2ed19da7c6,synthetic_safe:safe_synth_54,synthetic_safe:safe_synth_54:User_B_Sim,12,"For real? That sounds awesome! How about weekends after lunch? [SEP] Perfect, that gives us plenty of time to meme, jam, and farm our way to victory!","Haha, you always know how to keep things exciting. Thanks for being such an amazing friend, dude.",0,,,,,,,,,,
synthetic_safe,521,8b327b9328bb9a9289ee0e26,synthetic_safe:safe_synth_54,synthetic_safe:safe_synth_54:User_A_Sim,13,"Perfect, that gives us plenty of time to meme, jam, and farm our way to victory! [SEP] Haha, you always know how to keep things exciting. Thanks for being such an amazing friend, dude.","No problem, bro! You're the best too. Let's make this Discord server our go-to spot for all the fun stuff we love to do together.",0,,,,,,,,,,
synthetic_safe,522,70e83e4f7bea9ea945c859e1,synthetic_safe:safe_synth_55,synthetic_safe:safe_synth_55:User_A_Sim,1,,"Yo, what's up?",0,,,,,,,,,,
synthetic_safe,523,1daf41acc7248cc13d6a9b30,synthetic_safe:safe_synth_55,synthetic_safe:safe_synth_55:User_B_Sim,2,"Yo, what's up?","Not much, just chilling and sharing memes.",0,,,,,,,,,,
synthetic_safe,524,fa12eead52be4135ffb3a262,synthetic_safe:safe_synth_55,synthetic_safe:safe_synth_55:User_A_Sim,3,"Yo, what's up? [SEP] Not much, just chilling and sharing memes.",That's cool. I'm listening to some tunes right now. You ever listen to the radio in Stardew Valley?,0,,,,,,,,,,
synthetic_safe,525,8f64742ce4d18a87bca3ad67,synthetic_safe:safe_synth_55,synthetic_safe:safe_synth_55:User_B_Sim,4,"Not much, just chilling and sharing memes. [SEP] That's cool. I'm listening to some tunes right now. You ever listen to the radio in Stardew Valley?","Oh, for real? I haven't, but that sounds like a fun idea!",0,,,,,,,,,,
synthetic_safe,526,4af7ffefd0fd58bb0b2e74dd,synthetic_safe:safe_synth_55,synthetic_safe:safe_synth_55:User_A_Sim,5,"That's cool. I'm listening to some tunes right now. You ever listen to the radio in Stardew Valley? [SEP] Oh, for real? I haven't, but that sounds like a fun idea!","Yeah, it's pretty relaxing. Plus, you can hear different songs each day and mix things up.",0,,,,,,,,,,
synthetic_safe,527,0c401e6cfa7b39b1da2eb4f4,synthetic_safe:safe_synth_55,synthetic_safe:safe_synth_55:User_B_Sim,6,"Oh, for real? I haven't, but that sounds like a fun idea! [SEP] Yeah, it's pretty relaxing. Plus, you can hear different songs each day and mix things up.",That does sound kind of awesome! Maybe I'll give it a shot later.,0,,,,,,,,,,
synthetic_safe,528,02580e6319dfc3834f7d2070,synthetic_safe:safe_synth_55,synthetic_safe:safe_synth_55:User_A_Sim,7,"Yeah, it's pretty relaxing. Plus, you can hear different songs each day and mix things up. [SEP] That does sound kind of awesome! Maybe I'll give it a shot later.",Definitely do! It's a great way to unwind after a long day.,0,,,,,,,,,,
synthetic_safe,529,5c99dc09293c4b927db40949,synthetic_safe:safe_synth_55,synthetic_safe:safe_synth_55:User_B_Sim,8,That does sound kind of awesome! Maybe I'll give it a shot later. [SEP] Definitely do! It's a great way to unwind after a long day.,"Agreed. Hey, have you seen that new meme going around with the cat wearing glasses?",0,,,,,,,,,,
synthetic_safe,530,d58e64a2430cb49bdf9ac78d,synthetic_safe:safe_synth_55,synthetic_safe:safe_synth_55:User_A_Sim,9,"Definitely do! It's a great way to unwind after a long day. [SEP] Agreed. Hey, have you seen that new meme going around with the cat wearing glasses?","Yeah, I saw that one earlier today! It made me laugh pretty hard.",0,,,,,,,,,,
synthetic_safe,531,a462df5248d968970aa59239,synthetic_safe:safe_synth_55,synthetic_safe:safe_synth_55:User_B_Sim,10,"Agreed. Hey, have you seen that new meme going around with the cat wearing glasses? [SEP] Yeah, I saw that one earlier today! It made me laugh pretty hard.",Same here! That's why I love sharing memes with friends - it keeps things light and funny.,0,,,,,,,,,,
synthetic_safe,532,3382b1fe644a259502f66287,synthetic_safe:safe_synth_55,synthetic_safe:safe_synth_55:User_A_Sim,11,"Yeah, I saw that one earlier today! It made me laugh pretty hard. [SEP] Same here! That's why I love sharing memes with friends - it keeps things light and funny.","So true. By the way, did you hear the new Taylor Swift album is out soon? I can't wait to hear her new stuff.",0,,,,,,,,,,
synthetic_safe,533,9a6a9191bdffa84243f551bb,synthetic_safe:safe_synth_55,synthetic_safe:safe_synth_55:User_B_Sim,12,"Same here! That's why I love sharing memes with friends - it keeps things light and funny. [SEP] So true. By the way, did you hear the new Taylor Swift album is out soon? I can't wait to hear her new stuff.",No way! I'm a massive fan of hers. This is gonna be so hype! We gotta listen together when it drops.,0,,,,,,,,,,
synthetic_safe,534,8c8dfa5020aab7fafd9ae3b3,synthetic_safe:safe_synth_55,synthetic_safe:safe_synth_55:User_A_Sim,13,"So true. By the way, did you hear the new Taylor Swift album is out soon? I can't wait to hear her new stuff. [SEP] No way! I'm a massive fan of hers. This is gonna be so hype! We gotta listen together when it drops.","Absolutely, I'll make sure we're both online at the same time. It's going to be a great time, I can tell!",0,,,,,,,,,,
synthetic_safe,535,7212b655ace1b740a1197b54,synthetic_safe:safe_synth_56,synthetic_safe:safe_synth_56:User_A_Sim,1,,"Hey, you got any new memes for me to check out?",0,,,,,,,,,,
synthetic_safe,536,2d759118ab4d546c11c303c3,synthetic_safe:safe_synth_56,synthetic_safe:safe_synth_56:User_B_Sim,2,"Hey, you got any new memes for me to check out?","Yeah, I just found a hilarious collection on Reddit. Hold on, let me find the link.",0,,,,,,,,,,
synthetic_safe,537,5c3b2b356ce36df5c5708773,synthetic_safe:safe_synth_56,synthetic_safe:safe_synth_56:User_A_Sim,3,"Hey, you got any new memes for me to check out? [SEP] Yeah, I just found a hilarious collection on Reddit. Hold on, let me find the link.","No problem, take your time. I'm just chilling here.",0,,,,,,,,,,
synthetic_safe,538,cb8d4bb66c97c8ba1e4acfde,synthetic_safe:safe_synth_56,synthetic_safe:safe_synth_56:User_B_Sim,4,"Yeah, I just found a hilarious collection on Reddit. Hold on, let me find the link. [SEP] No problem, take your time. I'm just chilling here.","Alright, here it is: https://www.reddit.com/r/MemeMatrix/comments/a3f4yv/dank_memes/",0,,,,,,,,,,
synthetic_safe,539,912c57cfdfb01b031bec8bed,synthetic_safe:safe_synth_56,synthetic_safe:safe_synth_56:User_A_Sim,5,"No problem, take your time. I'm just chilling here. [SEP] Alright, here it is: https://www.reddit.com/r/MemeMatrix/comments/a3f4yv/dank_memes/",Awesome! Thanks for sharing.,0,,,,,,,,,,
synthetic_safe,540,935e0dbd546a29ba9741b2da,synthetic_safe:safe_synth_56,synthetic_safe:safe_synth_56:User_B_Sim,6,"Alright, here it is: https://www.reddit.com/r/MemeMatrix/comments/a3f4yv/dank_memes/ [SEP] Awesome! Thanks for sharing.","You're welcome. By the way, have you been listening to that new playlist I made on Spotify?",0,,,,,,,,,,
synthetic_safe,541,ddce50b4dbbdc801f11ffdd2,synthetic_safe:safe_synth_56,synthetic_safe:safe_synth_56:User_A_Sim,7,"Awesome! Thanks for sharing. [SEP] You're welcome. By the way, have you been listening to that new playlist I made on Spotify?","Not yet, but I'll give it a spin once you share the link.",0,,,,,,,,,,
synthetic_safe,542,79d857a9ed35a71ad7ea3933,synthetic_safe:safe_synth_56,synthetic_safe:safe_synth_56:User_B_Sim,8,"You're welcome. By the way, have you been listening to that new playlist I made on Spotify? [SEP] Not yet, but I'll give it a spin once you share the link.",Sure thing: https://open.spotify.com/playlist/6Lz5qKl2NjTcqZQJLkU3S,0,,,,,,,,,,
synthetic_safe,543,e667817d8d9d41cc24243e28,synthetic_safe:safe_synth_56,synthetic_safe:safe_synth_56:User_A_Sim,9,"Not yet, but I'll give it a spin once you share the link. [SEP] Sure thing: https://open.spotify.com/playlist/6Lz5qKl2NjTcqZQJLkU3S",Looks rad! I'm really feeling the energy in these songs. You got any favorites?,0,,,,,,,,,,
synthetic_safe,544,121af9f9637ad000373be07a,synthetic_safe:safe_synth_56,synthetic_safe:safe_synth_56:User_B_Sim,10,Sure thing: https://open.spotify.com/playlist/6Lz5qKl2NjTcqZQJLkU3S [SEP] Looks rad! I'm really feeling the energy in these songs. You got any favorites?,Definitely! 'Dance Monkey' by Tones and Greys has been my go-to dance track lately.,0,,,,,,,,,,
synthetic_safe,545,0ada233c5d727905143b3b95,synthetic_safe:safe_synth_56,synthetic_safe:safe_synth_56:User_A_Sim,11,Looks rad! I'm really feeling the energy in these songs. You got any favorites? [SEP] Definitely! 'Dance Monkey' by Tones and Greys has been my go-to dance track lately.,"Haha, that's so catchy! I love it when people start dancing like crazy in online games like Stardew Valley.",0,,,,,,,,,,
synthetic_safe,546,590c0fe4a9263ee94396f4ae,synthetic_safe:safe_synth_56,synthetic_safe:safe_synth_56:User_B_Sim,12,"Definitely! 'Dance Monkey' by Tones and Greys has been my go-to dance track lately. [SEP] Haha, that's so catchy! I love it when people start dancing like crazy in online games like Stardew Valley.","Oh man, don't even get me started on how addicted I am to that game. I can't stop playing it!",0,,,,,,,,,,
synthetic_safe,547,c73a7f85a14c69fb4d5606da,synthetic_safe:safe_synth_56,synthetic_safe:safe_synth_56:User_A_Sim,13,"Haha, that's so catchy! I love it when people start dancing like crazy in online games like Stardew Valley. [SEP] Oh man, don't even get me started on how addicted I am to that game. I can't stop playing it!",Same here! It's so relaxing and fun. Let's have a gaming session together sometime soon.,0,,,,,,,,,,
synthetic_safe,548,7202aae43b37f3ace3274b1b,synthetic_safe:safe_synth_56,synthetic_safe:safe_synth_56:User_B_Sim,14,"Oh man, don't even get me started on how addicted I am to that game. I can't stop playing it! [SEP] Same here! It's so relaxing and fun. Let's have a gaming session together sometime soon.",Absolutely! Can't wait for our next virtual hangout.,0,,,,,,,,,,
synthetic_safe,549,303bb353a87065c045ea7580,synthetic_safe:safe_synth_57,synthetic_safe:safe_synth_57:User_A_Sim,1,,"Hey dude, I just got a new batch of memes. You up for sharing them in our server?",0,,,,,,,,,,
synthetic_safe,550,2d98440799dd788456945f16,synthetic_safe:safe_synth_57,synthetic_safe:safe_synth_57:User_B_Sim,2,"Hey dude, I just got a new batch of memes. You up for sharing them in our server?",For sure! Let's get this party started. Which ones are your favorites?,0,,,,,,,,,,
synthetic_safe,551,6a73378b156ccf6bbfa41d1b,synthetic_safe:safe_synth_57,synthetic_safe:safe_synth_57:User_A_Sim,3,"Hey dude, I just got a new batch of memes. You up for sharing them in our server? [SEP] For sure! Let's get this party started. Which ones are your favorites?",The 'Dank Memer' series is killer. They never fail to make me laugh.,0,,,,,,,,,,
synthetic_safe,552,82357beae739144d7d1f55ae,synthetic_safe:safe_synth_57,synthetic_safe:safe_synth_57:User_B_Sim,4,For sure! Let's get this party started. Which ones are your favorites? [SEP] The 'Dank Memer' series is killer. They never fail to make me laugh.,That's hilarious. I'll give those a whirl when you drop them in the server chat. Any other good stuff coming up?,0,,,,,,,,,,
synthetic_safe,553,15445900a3b46d87c7ffd077,synthetic_safe:safe_synth_57,synthetic_safe:safe_synth_57:User_A_Sim,5,The 'Dank Memer' series is killer. They never fail to make me laugh. [SEP] That's hilarious. I'll give those a whirl when you drop them in the server chat. Any other good stuff coming up?,Definitely! How about we tune into our shared music playlist while we're chilling here? We can even add some new tunes if we're feeling creative!,0,,,,,,,,,,
synthetic_safe,554,dd8cfe59888d443c963c7b83,synthetic_safe:safe_synth_57,synthetic_safe:safe_synth_57:User_B_Sim,6,That's hilarious. I'll give those a whirl when you drop them in the server chat. Any other good stuff coming up? [SEP] Definitely! How about we tune into our shared music playlist while we're chilling here? We can even add some new tunes if we're feeling creative!,"Sounds like an excellent plan, mate. Let's groove to some sweet beats after this round of memes.",0,,,,,,,,,,
synthetic_safe,555,9c925922afeaaf901be17a2b,synthetic_safe:safe_synth_57,synthetic_safe:safe_synth_57:User_A_Sim,7,"Definitely! How about we tune into our shared music playlist while we're chilling here? We can even add some new tunes if we're feeling creative! [SEP] Sounds like an excellent plan, mate. Let's groove to some sweet beats after this round of memes.","Sweet as pie! So, have you been playing Stardew Valley lately?",0,,,,,,,,,,
synthetic_safe,556,e43ec8b5bd995ed47f054f5f,synthetic_safe:safe_synth_57,synthetic_safe:safe_synth_57:User_B_Sim,8,"Sounds like an excellent plan, mate. Let's groove to some sweet beats after this round of memes. [SEP] Sweet as pie! So, have you been playing Stardew Valley lately?",Absolutely! I'm loving the whole farming vibe - it's super relaxing and a great way to unwind after work.,0,,,,,,,,,,
synthetic_safe,557,fe4c088475771a15ba05335f,synthetic_safe:safe_synth_57,synthetic_safe:safe_synth_57:User_A_Sim,9,"Sweet as pie! So, have you been playing Stardew Valley lately? [SEP] Absolutely! I'm loving the whole farming vibe - it's super relaxing and a great way to unwind after work.","Yeah, same here. The different biomes are really unique too. Have you started fishing yet? It's my absolute favorite mini-game!",0,,,,,,,,,,
synthetic_safe,558,0060075185722d7c0d43f223,synthetic_safe:safe_synth_57,synthetic_safe:safe_synth_57:User_B_Sim,10,"Absolutely! I'm loving the whole farming vibe - it's super relaxing and a great way to unwind after work. [SEP] Yeah, same here. The different biomes are really unique too. Have you started fishing yet? It's my absolute favorite mini-game!","Oh, man! That sounds so fun. I've only just started getting into it, but I'm hooked already. Maybe we can play together sometime?",0,,,,,,,,,,
synthetic_safe,559,676b6428e8cadc3cd281e81c,synthetic_safe:safe_synth_57,synthetic_safe:safe_synth_57:User_A_Sim,11,"Yeah, same here. The different biomes are really unique too. Have you started fishing yet? It's my absolute favorite mini-game! [SEP] Oh, man! That sounds so fun. I've only just started getting into it, but I'm hooked already. Maybe we can play together sometime?",For sure thing! Let's get a date sorted out and coordinate our in-game shenanigans.,0,,,,,,,,,,
synthetic_safe,560,ff1a169d194389afd5c18bde,synthetic_safe:safe_synth_57,synthetic_safe:safe_synth_57:User_B_Sim,12,"Oh, man! That sounds so fun. I've only just started getting into it, but I'm hooked already. Maybe we can play together sometime? [SEP] For sure thing! Let's get a date sorted out and coordinate our in-game shenanigans.",Sounds like an awesome plan. Can't wait to dig in with you later on!,0,,,,,,,,,,
synthetic_safe,561,e83f4ad848f8798b02e15a7f,synthetic_safe:safe_synth_58,synthetic_safe:safe_synth_58:User_A_Sim,1,,"Hey dude, what's up?",0,,,,,,,,,,
synthetic_safe,562,3f7ecd7e845259e61895c074,synthetic_safe:safe_synth_58,synthetic_safe:safe_synth_58:User_B_Sim,2,"Hey dude, what's up?","Not much, just chilling and sharing memes in this server.",0,,,,,,,,,,
synthetic_safe,563,d5b213533be2a2d8f0607101,synthetic_safe:safe_synth_58,synthetic_safe:safe_synth_58:User_A_Sim,3,"Hey dude, what's up? [SEP] Not much, just chilling and sharing memes in this server.","Sweet, I love memes! Any good ones recently?",0,,,,,,,,,,
synthetic_safe,564,69ce735d1768a66adf21aa4a,synthetic_safe:safe_synth_58,synthetic_safe:safe_synth_58:User_B_Sim,4,"Not much, just chilling and sharing memes in this server. [SEP] Sweet, I love memes! Any good ones recently?","Yeah, I found a hilarious one about a cat wearing a tiny top hat. You'd dig it.",0,,,,,,,,,,
synthetic_safe,565,9004615185ba186ab7e8c78d,synthetic_safe:safe_synth_58,synthetic_safe:safe_synth_58:User_A_Sim,5,"Sweet, I love memes! Any good ones recently? [SEP] Yeah, I found a hilarious one about a cat wearing a tiny top hat. You'd dig it.","Haha, sounds cute! What else are you doing?",0,,,,,,,,,,
synthetic_safe,566,23365f3fcd3795fef3ccdead,synthetic_safe:safe_synth_58,synthetic_safe:safe_synth_58:User_B_Sim,6,"Yeah, I found a hilarious one about a cat wearing a tiny top hat. You'd dig it. [SEP] Haha, sounds cute! What else are you doing?","Listening to some tunes. You know me, always with the music.",0,,,,,,,,,,
synthetic_safe,567,ae785c6ab799a07c3b6b2a0e,synthetic_safe:safe_synth_58,synthetic_safe:safe_synth_58:User_A_Sim,7,"Haha, sounds cute! What else are you doing? [SEP] Listening to some tunes. You know me, always with the music.",That's so true. Who're you jamming out to now?,0,,,,,,,,,,
synthetic_safe,568,90a2bb837e784a2af343faf1,synthetic_safe:safe_synth_58,synthetic_safe:safe_synth_58:User_B_Sim,8,"Listening to some tunes. You know me, always with the music. [SEP] That's so true. Who're you jamming out to now?",Just got done blasting my favorite songs from Stardew Valley. I love the soundtrack!,0,,,,,,,,,,
synthetic_safe,569,33295e4747fd5d26b4c40067,synthetic_safe:safe_synth_58,synthetic_safe:safe_synth_58:User_A_Sim,9,That's so true. Who're you jamming out to now? [SEP] Just got done blasting my favorite songs from Stardew Valley. I love the soundtrack!,"Oh man, Stardew Valley is one of my all-time favorites! What did you do in-game recently?",0,,,,,,,,,,
synthetic_safe,570,6fa71438a2d4fafe22ae594c,synthetic_safe:safe_synth_58,synthetic_safe:safe_synth_58:User_B_Sim,10,"Just got done blasting my favorite songs from Stardew Valley. I love the soundtrack! [SEP] Oh man, Stardew Valley is one of my all-time favorites! What did you do in-game recently?",I was building up my farm and trying to get into fishing a bit more. How about you? Anything new or exciting happening in your game?,0,,,,,,,,,,
synthetic_safe,571,ea0bc2cf25b62f21b972d63f,synthetic_safe:safe_synth_58,synthetic_safe:safe_synth_58:User_A_Sim,11,"Oh man, Stardew Valley is one of my all-time favorites! What did you do in-game recently? [SEP] I was building up my farm and trying to get into fishing a bit more. How about you? Anything new or exciting happening in your game?","Not much going on right now, just doing some light farming and enjoying the peaceful atmosphere. It's a nice change of pace from the hustle and bustle of other games.",0,,,,,,,,,,
synthetic_safe,572,2e23c6978ca5ed65bd8286b2,synthetic_safe:safe_synth_58,synthetic_safe:safe_synth_58:User_B_Sim,12,"I was building up my farm and trying to get into fishing a bit more. How about you? Anything new or exciting happening in your game? [SEP] Not much going on right now, just doing some light farming and enjoying the peaceful atmosphere. It's a nice change of pace from the hustle and bustle of other games.","Yeah, that's one of the things I love about Stardew Valley - it lets you take a chill pill after burning through all those high-stress titles.",0,,,,,,,,,,
synthetic_safe,573,a0b8aee8d16b17f5e1345074,synthetic_safe:safe_synth_58,synthetic_safe:safe_synth_58:User_A_Sim,13,"Not much going on right now, just doing some light farming and enjoying the peaceful atmosphere. It's a nice change of pace from the hustle and bustle of other games. [SEP] Yeah, that's one of the things I love about Stardew Valley - it lets you take a chill pill after burning through all those high-stress titles.",Couldn't agree more. This game is like therapy for me sometimes.,0,,,,,,,,,,
synthetic_safe,574,86cd26298f766a645a370361,synthetic_safe:safe_synth_59,synthetic_safe:safe_synth_59:User_A_Sim,1,,"Hey, bro! What's crackin'?",0,,,,,,,,,,
synthetic_safe,575,6493a304379825dce7436b33,synthetic_safe:safe_synth_59,synthetic_safe:safe_synth_59:User_B_Sim,2,"Hey, bro! What's crackin'?","Not much, just chilling and sharin' memes in this server.",0,,,,,,,,,,
synthetic_safe,576,913b490538d029b1b6a58c35,synthetic_safe:safe_synth_59,synthetic_safe:safe_synth_59:User_A_Sim,3,"Hey, bro! What's crackin'? [SEP] Not much, just chilling and sharin' memes in this server.","Oh word? Lemme see, hold up!",0,,,,,,,,,,
synthetic_safe,577,296eef21a92978ca3b0f2da0,synthetic_safe:safe_synth_59,synthetic_safe:safe_synth_59:User_B_Sim,4,"Not much, just chilling and sharin' memes in this server. [SEP] Oh word? Lemme see, hold up!","For sure, man. Check out this spicy meme I found on Reddit.",0,,,,,,,,,,
synthetic_safe,578,5575ab7c13e8fcbf63324478,synthetic_safe:safe_synth_59,synthetic_safe:safe_synth_59:User_A_Sim,5,"Oh word? Lemme see, hold up! [SEP] For sure, man. Check out this spicy meme I found on Reddit.","HA! That's hilarious. You've got good meme game, my dude.",0,,,,,,,,,,
synthetic_safe,579,1a25f8f229221ef7223e06e6,synthetic_safe:safe_synth_59,synthetic_safe:safe_synth_59:User_B_Sim,6,"For sure, man. Check out this spicy meme I found on Reddit. [SEP] HA! That's hilarious. You've got good meme game, my dude.","Thanks, bruh! What about we listen to some tunes while we're at it?",0,,,,,,,,,,
synthetic_safe,580,567cb1f4dfdb39beeee5b568,synthetic_safe:safe_synth_59,synthetic_safe:safe_synth_59:User_A_Sim,7,"HA! That's hilarious. You've got good meme game, my dude. [SEP] Thanks, bruh! What about we listen to some tunes while we're at it?",Sounds good to me. Got any recommendations?,0,,,,,,,,,,
synthetic_safe,581,e6952b2f191aadc65da7e5b8,synthetic_safe:safe_synth_59,synthetic_safe:safe_synth_59:User_B_Sim,8,"Thanks, bruh! What about we listen to some tunes while we're at it? [SEP] Sounds good to me. Got any recommendations?","Yeah, let's toss some digital coins and see what Spotify suggests for us!",0,,,,,,,,,,
synthetic_safe,582,608a8614bbb07271cf23b576,synthetic_safe:safe_synth_59,synthetic_safe:safe_synth_59:User_A_Sim,9,"Sounds good to me. Got any recommendations? [SEP] Yeah, let's toss some digital coins and see what Spotify suggests for us!","Alright, let's do this! 🎶",0,,,,,,,,,,
synthetic_safe,583,451c15503b6be133f60cecf9,synthetic_safe:safe_synth_59,synthetic_safe:safe_synth_59:User_B_Sim,10,"Yeah, let's toss some digital coins and see what Spotify suggests for us! [SEP] Alright, let's do this! 🎶","Yo, look at that! We're vibin' with some chill lo-fi indie beats right now.",0,,,,,,,,,,
synthetic_safe,584,61cf8c132a5a5eed73ab3a76,synthetic_safe:safe_synth_59,synthetic_safe:safe_synth_59:User_A_Sim,11,"Alright, let's do this! 🎶 [SEP] Yo, look at that! We're vibin' with some chill lo-fi indie beats right now.","That's the vibe I'm feelin', too. Wanna switch over to Stardew Valley chat once we wrap up here?",0,,,,,,,,,,
synthetic_safe,585,68ce9596a4d7cdb29562c8e4,synthetic_safe:safe_synth_59,synthetic_safe:safe_synth_59:User_B_Sim,12,"Yo, look at that! We're vibin' with some chill lo-fi indie beats right now. [SEP] That's the vibe I'm feelin', too. Wanna switch over to Stardew Valley chat once we wrap up here?",For dang sure! Let's take our virtual farming adventures to the next level after these tunes. 🌾🐰,0,,,,,,,,,,
synthetic_safe,586,82c01e0bdbedf9de51dcce59,synthetic_safe:safe_synth_60,synthetic_safe:safe_synth_60:User_A_Sim,1,,Heyo! Check out this meme I found on Reddit earlier!,0,,,,,,,,,,
synthetic_safe,587,d9b863f5df64945c97256989,synthetic_safe:safe_synth_60,synthetic_safe:safe_synth_60:User_B_Sim,2,Heyo! Check out this meme I found on Reddit earlier!,LMAO! That's hilarious!,0,,,,,,,,,,
synthetic_safe,588,d8e7672130d387dd75042d4b,synthetic_safe:safe_synth_60,synthetic_safe:safe_synth_60:User_A_Sim,3,Heyo! Check out this meme I found on Reddit earlier! [SEP] LMAO! That's hilarious!,"Yeah, it's gold! Speaking of memes, have you seen that new 'Among Us' one?",0,,,,,,,,,,
synthetic_safe,589,4653825b3a398c432bae3a73,synthetic_safe:safe_synth_60,synthetic_safe:safe_synth_60:User_B_Sim,4,"LMAO! That's hilarious! [SEP] Yeah, it's gold! Speaking of memes, have you seen that new 'Among Us' one?","Oh for sure, I love the 'Among Us' memes. The in-game shenanigans are so meme-able.",0,,,,,,,,,,
synthetic_safe,590,b4fe4ca345fcef7dcca88b03,synthetic_safe:safe_synth_60,synthetic_safe:safe_synth_60:User_A_Sim,5,"Yeah, it's gold! Speaking of memes, have you seen that new 'Among Us' one? [SEP] Oh for sure, I love the 'Among Us' memes. The in-game shenanigans are so meme-able.","Totally. So, any good tunes playing right now? I'm feeling some chill electronic stuff.",0,,,,,,,,,,
synthetic_safe,591,7274dbfe9e0d8f2289e2f6c2,synthetic_safe:safe_synth_60,synthetic_safe:safe_synth_60:User_B_Sim,6,"Oh for sure, I love the 'Among Us' memes. The in-game shenanigans are so meme-able. [SEP] Totally. So, any good tunes playing right now? I'm feeling some chill electronic stuff.","Yeah, me too! Let's make a shared playlist on our Discord server and add those tracks!",0,,,,,,,,,,
synthetic_safe,592,56f35214e37111d98f2a9e50,synthetic_safe:safe_synth_60,synthetic_safe:safe_synth_60:User_A_Sim,7,"Totally. So, any good tunes playing right now? I'm feeling some chill electronic stuff. [SEP] Yeah, me too! Let's make a shared playlist on our Discord server and add those tracks!","Awesome idea! Hey, have you been playing Stardew Valley lately?",0,,,,,,,,,,
synthetic_safe,593,306acc19dfe2f7e15a183e7d,synthetic_safe:safe_synth_60,synthetic_safe:safe_synth_60:User_B_Sim,8,"Yeah, me too! Let's make a shared playlist on our Discord server and add those tracks! [SEP] Awesome idea! Hey, have you been playing Stardew Valley lately?",Totally obsessed! The new 'Solemate' update is awesome. I love the expanded character customizations.,0,,,,,,,,,,
synthetic_safe,594,c96f7f69fcf0da860da160be,synthetic_safe:safe_synth_60,synthetic_safe:safe_synth_60:User_A_Sim,9,"Awesome idea! Hey, have you been playing Stardew Valley lately? [SEP] Totally obsessed! The new 'Solemate' update is awesome. I love the expanded character customizations.","Oh man, I'm still stuck in the first season. You're way ahead of me!",0,,,,,,,,,,
synthetic_safe,595,cdd8f3e8dd3d6cd06be19f2c,synthetic_safe:safe_synth_60,synthetic_safe:safe_synth_60:User_B_Sim,10,"Totally obsessed! The new 'Solemate' update is awesome. I love the expanded character customizations. [SEP] Oh man, I'm still stuck in the first season. You're way ahead of me!","No worries, we can collaborate and help each other out once you catch up. Let's get this farming game on track!",0,,,,,,,,,,
synthetic_safe,29,be1bb1b3563356d5a1cb897e,synthetic_safe:safe_synth_7,synthetic_safe:safe_synth_7:User_A_Sim,1,,"Hey, have you played the new Roblox update?",0,,,,,,,,,,
synthetic_safe,30,530b8ae7358e9952547a13eb,synthetic_safe:safe_synth_7,synthetic_safe:safe_synth_7:User_B_Sim,2,"Hey, have you played the new Roblox update?","Yeah, I played it last night! It's pretty cool.",0,,,,,,,,,,
synthetic_safe,31,f5ebc79455e469a3ff719715,synthetic_safe:safe_synth_7,synthetic_safe:safe_synth_7:User_A_Sim,3,"Hey, have you played the new Roblox update? [SEP] Yeah, I played it last night! It's pretty cool.",Did you get any new items to trade?,0,,,,,,,,,,
synthetic_safe,32,90f8c1762497c98cddd7ea33,synthetic_safe:safe_synth_7,synthetic_safe:safe_synth_7:User_B_Sim,4,"Yeah, I played it last night! It's pretty cool. [SEP] Did you get any new items to trade?","Yeah, I got a sweet outfit. Wanna trade your old gear for it?",0,,,,,,,,,,
synthetic_safe,33,1286ae6b58f7f013a45f7824,synthetic_safe:safe_synth_7,synthetic_safe:safe_synth_7:User_A_Sim,5,"Did you get any new items to trade? [SEP] Yeah, I got a sweet outfit. Wanna trade your old gear for it?","Bet, but my game keeps lagging on this update. Any suggestions to fix that?",0,,,,,,,,,,
synthetic_safe,34,c5499ac44374096ddc1cf54d,synthetic_safe:safe_synth_7,synthetic_safe:safe_synth_7:User_B_Sim,6,"Yeah, I got a sweet outfit. Wanna trade your old gear for it? [SEP] Bet, but my game keeps lagging on this update. Any suggestions to fix that?",Try lowering the graphics settings or restarting your computer.,0,,,,,,,,,,
synthetic_safe,35,b4e0490e89f07734c601856a,synthetic_safe:safe_synth_7,synthetic_safe:safe_synth_7:User_A_Sim,7,"Bet, but my game keeps lagging on this update. Any suggestions to fix that? [SEP] Try lowering the graphics settings or restarting your computer.",Thanks! It's working better now.,0,,,,,,,,,,
synthetic_safe,36,4d23e1f746b6a9bb4757e425,synthetic_safe:safe_synth_7,synthetic_safe:safe_synth_7:User_B_Sim,8,Try lowering the graphics settings or restarting your computer. [SEP] Thanks! It's working better now.,No problem. Let's keep playing and explore new zones together!,0,,,,,,,,,,
synthetic_safe,37,c37362ab8b8bd95df3fa2c20,synthetic_safe:safe_synth_7,synthetic_safe:safe_synth_7:User_A_Sim,9,Thanks! It's working better now. [SEP] No problem. Let's keep playing and explore new zones together!,"Agreed, let's go crush some in-game obstacles and get those sweet badges!",0,,,,,,,,,,
synthetic_safe,38,1364f6b21d814e86186ee032,synthetic_safe:safe_synth_8,synthetic_safe:safe_synth_8:User_A_Sim,1,,"Heyo, have you checked out the new Roblox update? It's pretty lit.",0,,,,,,,,,,
synthetic_safe,39,a014afd281e95aa6a4cfa705,synthetic_safe:safe_synth_8,synthetic_safe:safe_synth_8:User_B_Sim,2,"Heyo, have you checked out the new Roblox update? It's pretty lit.","Yeah, fr sure! I'm feeling it so far. We should trade some in-game items we got from the update.",0,,,,,,,,,,
synthetic_safe,40,decff5487fd2dad4c1eef9da,synthetic_safe:safe_synth_8,synthetic_safe:safe_synth_8:User_A_Sim,3,"Heyo, have you checked out the new Roblox update? It's pretty lit. [SEP] Yeah, fr sure! I'm feeling it so far. We should trade some in-game items we got from the update.","Bet, I just got some cool gear that'll go great with your avatar's style.",0,,,,,,,,,,
synthetic_safe,41,d22c76976ee163b42361d1e1,synthetic_safe:safe_synth_8,synthetic_safe:safe_synth_8:User_B_Sim,4,"Yeah, fr sure! I'm feeling it so far. We should trade some in-game items we got from the update. [SEP] Bet, I just got some cool gear that'll go great with your avatar's style.",Awesomesauce! Let's do it. Just remember to make a backup of your inventory in case we lag out or something.,0,,,,,,,,,,
synthetic_safe,42,d2811a1258cd6fba3260b6ec,synthetic_safe:safe_synth_8,synthetic_safe:safe_synth_8:User_A_Sim,5,"Bet, I just got some cool gear that'll go great with your avatar's style. [SEP] Awesomesauce! Let's do it. Just remember to make a backup of your inventory in case we lag out or something.","You betcha, always covering my backside. But how about the new game mechanics? Have you tried them yet?",0,,,,,,,,,,
synthetic_safe,43,a6dcf1ffb06409691cdb65da,synthetic_safe:safe_synth_8,synthetic_safe:safe_synth_8:User_B_Sim,6,"Awesomesauce! Let's do it. Just remember to make a backup of your inventory in case we lag out or something. [SEP] You betcha, always covering my backside. But how about the new game mechanics? Have you tried them yet?","Yeah, I've been experimenting with the parkour moves - they're so fresh! What about you?",0,,,,,,,,,,
synthetic_safe,44,ea94a1655316edacdb5664b8,synthetic_safe:safe_synth_8,synthetic_safe:safe_synth_8:User_A_Sim,7,"You betcha, always covering my backside. But how about the new game mechanics? Have you tried them yet? [SEP] Yeah, I've been experimenting with the parkour moves - they're so fresh! What about you?","Same here! The parkour is lit, and the new maps are pretty dope too.",0,,,,,,,,,,
synthetic_safe,45,c049521336964986e7759673,synthetic_safe:safe_synth_8,synthetic_safe:safe_synth_8:User_B_Sim,8,"Yeah, I've been experimenting with the parkour moves - they're so fresh! What about you? [SEP] Same here! The parkour is lit, and the new maps are pretty dope too.","Absolutely! This update has made our gaming experience so much better. We should keep on exploring these new features together, just like always.",0,,,,,,,,,,
synthetic_safe,46,f14459bfd17760a55eb0c841,synthetic_safe:safe_synth_8,synthetic_safe:safe_synth_8:User_A_Sim,9,"Same here! The parkour is lit, and the new maps are pretty dope too. [SEP] Absolutely! This update has made our gaming experience so much better. We should keep on exploring these new features together, just like always.",100% agree! Let's continue to crush those in-game challenges and get some sweet virtual rewards.,0,,,,,,,,,,
synthetic_safe,47,962b081c4ccc2edabaf7b39f,synthetic_safe:safe_synth_8,synthetic_safe:safe_synth_8:User_B_Sim,10,"Absolutely! This update has made our gaming experience so much better. We should keep on exploring these new features together, just like always. [SEP] 100% agree! Let's continue to crush those in-game challenges and get some sweet virtual rewards.","That's the spirit! Remember, though, we gotta stay hydrated while gaming - I don't want you getting dehydrated and lagging out on me!",0,,,,,,,,,,
synthetic_safe,48,99d2945e06b7922710e2200e,synthetic_safe:safe_synth_8,synthetic_safe:safe_synth_8:User_A_Sim,11,"100% agree! Let's continue to crush those in-game challenges and get some sweet virtual rewards. [SEP] That's the spirit! Remember, though, we gotta stay hydrated while gaming - I don't want you getting dehydrated and lagging out on me!","Haha, good point! We'll grab some snacks and drinks to power through this gaming session. Let's go crush those in-game objectives together!",0,,,,,,,,,,
synthetic_safe,49,45df2e1c0a603962fef7d9f6,synthetic_safe:safe_synth_9,synthetic_safe:safe_synth_9:User_A_Sim,1,,"Hey girl, you get on Roblox?",0,,,,,,,,,,
synthetic_safe,50,46029c075f68c629d611124b,synthetic_safe:safe_synth_9,synthetic_safe:safe_synth_9:User_B_Sim,2,"Hey girl, you get on Roblox?","Yeah, I'm in this new game update. It's pretty fresh.",0,,,,,,,,,,
synthetic_safe,51,a4c02ac96ecf551a2cc500aa,synthetic_safe:safe_synth_9,synthetic_safe:safe_synth_9:User_A_Sim,3,"Hey girl, you get on Roblox? [SEP] Yeah, I'm in this new game update. It's pretty fresh.",You got any cool items to trade? I just found a sweet backpack!,0,,,,,,,,,,
synthetic_safe,52,f96ad690277ee3e3be69388c,synthetic_safe:safe_synth_9,synthetic_safe:safe_synth_9:User_B_Sim,4,"Yeah, I'm in this new game update. It's pretty fresh. [SEP] You got any cool items to trade? I just found a sweet backpack!",Nice! I got some neon arrows that fly super far. We should do some tradesies.,0,,,,,,,,,,
synthetic_safe,53,d3655ff777c9b09ec08daaf3,synthetic_safe:safe_synth_9,synthetic_safe:safe_synth_9:User_A_Sim,5,You got any cool items to trade? I just found a sweet backpack! [SEP] Nice! I got some neon arrows that fly super far. We should do some tradesies.,"For sure, but my PC keeps lagging. Did you experience that too?",0,,,,,,,,,,
synthetic_safe,54,84c1a242a9c55137bf34ebe6,synthetic_safe:safe_synth_9,synthetic_safe:safe_synth_9:User_B_Sim,6,"Nice! I got some neon arrows that fly super far. We should do some tradesies. [SEP] For sure, but my PC keeps lagging. Did you experience that too?","Oh, fr yeah. The update made the graphics look real nice though. It's worth it.",0,,,,,,,,,,
synthetic_safe,55,1b91cef77ee3eeeae7100c5b,synthetic_safe:safe_synth_9,synthetic_safe:safe_synth_9:User_A_Sim,7,"For sure, but my PC keeps lagging. Did you experience that too? [SEP] Oh, fr yeah. The update made the graphics look real nice though. It's worth it.",That's true. But I wish we could play without all these laggy moments.,0,,,,,,,,,,
synthetic_safe,56,e34400d31060b1231fd79289,synthetic_safe:safe_synth_9,synthetic_safe:safe_synth_9:User_B_Sim,8,"Oh, fr yeah. The update made the graphics look real nice though. It's worth it. [SEP] That's true. But I wish we could play without all these laggy moments.","Agreed. But hey, at least we can still have fun when we do manage to get in-game!",0,,,,,,,,,,
synthetic_safe,57,15fdf8450564d147d5c44336,synthetic_safe:safe_synth_9,synthetic_safe:safe_synth_9:User_A_Sim,9,"That's true. But I wish we could play without all these laggy moments. [SEP] Agreed. But hey, at least we can still have fun when we do manage to get in-game!","True dat! Let's keep exploring this new update and trading cool items along the way. We're squad goals, after all!",0,,,,,,,,,,
synthetic_safe,58,2bdaff87a84be9b7de9ffcd4,synthetic_safe:safe_synth_9,synthetic_safe:safe_synth_9:User_B_Sim,10,"Agreed. But hey, at least we can still have fun when we do manage to get in-game! [SEP] True dat! Let's keep exploring this new update and trading cool items along the way. We're squad goals, after all!","You bet! We're unstoppable together. Even if our game lags a little sometimes, we'll power through it.",0,,,,,,,,,,
synthetic_safe,59,f737b71051066fee5f7fb763,synthetic_safe:safe_synth_9,synthetic_safe:safe_synth_9:User_A_Sim,11,"True dat! Let's keep exploring this new update and trading cool items along the way. We're squad goals, after all! [SEP] You bet! We're unstoppable together. Even if our game lags a little sometimes, we'll power through it.",Absolutely! Now let's dive back into the game. I'm ready for more adventure and loot. And you?,0,,,,,,,,,,
synthetic_safe,60,8c642db3b0643fc65da46f5a,synthetic_safe:safe_synth_9,synthetic_safe:safe_synth_9:User_B_Sim,12,"You bet! We're unstoppable together. Even if our game lags a little sometimes, we'll power through it. [SEP] Absolutely! Now let's dive back into the game. I'm ready for more adventure and loot. And you?","Same here. Let's rock and roll this update. Ready, set, go!",0,,,,,,,,,,
